"cds_id","gene","locus_tag","protein","protein_id"
"lcl_NZ_CP166677.1_cds_WP_054021747.1_1","dnaA","ABFT21_RS00005","chromosomal replication initiator protein DnaA","WP_054021747.1"
"lcl_NZ_CP166677.1_cds_WP_054021746.1_2","dnaN","ABFT21_RS00010","DNA polymerase III subunit beta","WP_054021746.1"
"lcl_NZ_CP166677.1_cds_WP_054021745.1_3","gyrB","ABFT21_RS00015","DNA topoisomerase (ATP-hydrolyzing) subunit B","WP_054021745.1"
"lcl_NZ_CP166677.1_cds_WP_054021744.1_4",NA,"ABFT21_RS00020","type I restriction-modification system subunit M","WP_054021744.1"
"lcl_NZ_CP166677.1_cds_WP_082368523.1_5",NA,"ABFT21_RS00025","AAA family ATPase","WP_082368523.1"
"lcl_NZ_CP166677.1_cds_WP_197284727.1_6",NA,"ABFT21_RS00030","restriction endonuclease subunit S","WP_197284727.1"
"lcl_NZ_CP166677.1_cds_WP_197284726.1_7",NA,"ABFT21_RS00035","PDDEXK nuclease domain-containing protein","WP_197284726.1"
"lcl_NZ_CP166677.1_cds_ABFT21_RS00040_8",NA,"ABFT21_RS00040","type I restriction endonuclease subunit R",NA
"lcl_NZ_CP166677.1_cds_WP_054021741.1_9",NA,"ABFT21_RS00045","hypothetical protein","WP_054021741.1"
"lcl_NZ_CP166677.1_cds_WP_054021740.1_10",NA,"ABFT21_RS00050","hypothetical protein","WP_054021740.1"
"lcl_NZ_CP166677.1_cds_WP_054021739.1_11",NA,"ABFT21_RS00055","GntR family transcriptional regulator","WP_054021739.1"
"lcl_NZ_CP166677.1_cds_WP_054021738.1_12",NA,"ABFT21_RS00060","sulfatase family protein","WP_054021738.1"
"lcl_NZ_CP166677.1_cds_WP_054021737.1_13",NA,"ABFT21_RS00065","Bug family tripartite tricarboxylate transporter substrate binding protein","WP_054021737.1"
"lcl_NZ_CP166677.1_cds_WP_054021736.1_14",NA,"ABFT21_RS00070","H-NS histone family protein","WP_054021736.1"
"lcl_NZ_CP166677.1_cds_WP_054021735.1_15",NA,"ABFT21_RS00075","hypothetical protein","WP_054021735.1"
"lcl_NZ_CP166677.1_cds_WP_082368519.1_16",NA,"ABFT21_RS00085","SEC-C metal-binding domain-containing protein","WP_082368519.1"
"lcl_NZ_CP166677.1_cds_WP_054021734.1_17",NA,"ABFT21_RS00090","RtcB family protein","WP_054021734.1"
"lcl_NZ_CP166677.1_cds_WP_054021733.1_18",NA,"ABFT21_RS00095","hypothetical protein","WP_054021733.1"
"lcl_NZ_CP166677.1_cds_WP_054021732.1_19",NA,"ABFT21_RS00100","LacI family DNA-binding transcriptional regulator","WP_054021732.1"
"lcl_NZ_CP166677.1_cds_WP_054021731.1_20",NA,"ABFT21_RS00105","ABC transporter substrate-binding protein","WP_054021731.1"
"lcl_NZ_CP166677.1_cds_WP_054021730.1_21",NA,"ABFT21_RS00110","carbohydrate ABC transporter permease","WP_054021730.1"
"lcl_NZ_CP166677.1_cds_WP_054021729.1_22",NA,"ABFT21_RS00115","carbohydrate ABC transporter permease","WP_054021729.1"
"lcl_NZ_CP166677.1_cds_WP_054021728.1_23",NA,"ABFT21_RS00120","alcohol dehydrogenase catalytic domain-containing protein","WP_054021728.1"
"lcl_NZ_CP166677.1_cds_WP_054021727.1_24",NA,"ABFT21_RS00125","ABC transporter ATP-binding protein","WP_054021727.1"
"lcl_NZ_CP166677.1_cds_WP_054021726.1_25",NA,"ABFT21_RS00130","PfkB family carbohydrate kinase","WP_054021726.1"
"lcl_NZ_CP166677.1_cds_WP_054021725.1_26",NA,"ABFT21_RS00135","tagatose 1,6-diphosphate aldolase","WP_054021725.1"
"lcl_NZ_CP166677.1_cds_WP_054021724.1_27",NA,"ABFT21_RS00140","NAD-dependent epimerase/dehydratase family protein","WP_054021724.1"
"lcl_NZ_CP166677.1_cds_WP_054021723.1_28",NA,"ABFT21_RS00145","TetR/AcrR family transcriptional regulator","WP_054021723.1"
"lcl_NZ_CP166677.1_cds_WP_054021722.1_29",NA,"ABFT21_RS00150","DUF305 domain-containing protein","WP_054021722.1"
"lcl_NZ_CP166677.1_cds_WP_054021721.1_30",NA,"ABFT21_RS00155","peroxiredoxin-like family protein","WP_054021721.1"
"lcl_NZ_CP166677.1_cds_WP_054021720.1_31",NA,"ABFT21_RS00160","hypothetical protein","WP_054021720.1"
"lcl_NZ_CP166677.1_cds_WP_054021719.1_32",NA,"ABFT21_RS00165","response regulator transcription factor","WP_054021719.1"
"lcl_NZ_CP166677.1_cds_WP_054021718.1_33",NA,"ABFT21_RS00170","sensor histidine kinase","WP_054021718.1"
"lcl_NZ_CP166677.1_cds_WP_054021780.1_34",NA,"ABFT21_RS00175","DctP family TRAP transporter solute-binding subunit","WP_054021780.1"
"lcl_NZ_CP166677.1_cds_WP_054021717.1_35",NA,"ABFT21_RS00180","tripartite tricarboxylate transporter substrate-binding protein","WP_054021717.1"
"lcl_NZ_CP166677.1_cds_WP_082368517.1_36",NA,"ABFT21_RS00185","LysR family transcriptional regulator","WP_082368517.1"
"lcl_NZ_CP166677.1_cds_WP_054021715.1_37",NA,"ABFT21_RS00190","copper chaperone PCu(A)C","WP_054021715.1"
"lcl_NZ_CP166677.1_cds_WP_157549158.1_38",NA,"ABFT21_RS00195","protease-associated domain-containing protein","WP_157549158.1"
"lcl_NZ_CP166677.1_cds_WP_157549156.1_39",NA,"ABFT21_RS00200","hypothetical protein","WP_157549156.1"
"lcl_NZ_CP166677.1_cds_WP_082368515.1_40",NA,"ABFT21_RS00205","ATP-binding protein","WP_082368515.1"
"lcl_NZ_CP166677.1_cds_WP_054021713.1_41",NA,"ABFT21_RS00210","MarR family winged helix-turn-helix transcriptional regulator","WP_054021713.1"
"lcl_NZ_CP166677.1_cds_WP_054021712.1_42",NA,"ABFT21_RS00215","tannase/feruloyl esterase family alpha/beta hydrolase","WP_054021712.1"
"lcl_NZ_CP166677.1_cds_WP_054021711.1_43",NA,"ABFT21_RS00220","hypothetical protein","WP_054021711.1"
"lcl_NZ_CP166677.1_cds_WP_054021710.1_44",NA,"ABFT21_RS00225","type II toxin-antitoxin system HicB family antitoxin","WP_054021710.1"
"lcl_NZ_CP166677.1_cds_WP_082368514.1_45",NA,"ABFT21_RS00230","LysR family transcriptional regulator","WP_082368514.1"
"lcl_NZ_CP166677.1_cds_WP_054021709.1_46",NA,"ABFT21_RS00235","cupin domain-containing protein","WP_054021709.1"
"lcl_NZ_CP166677.1_cds_WP_054021708.1_47",NA,"ABFT21_RS00240","helix-turn-helix domain-containing protein","WP_054021708.1"
"lcl_NZ_CP166677.1_cds_ABFT21_RS00245_48",NA,"ABFT21_RS00245","PIN domain-containing protein",NA
"lcl_NZ_CP166677.1_cds_WP_393939416.1_49",NA,"ABFT21_RS00250","IS3 family transposase","WP_393939416.1"
"lcl_NZ_CP166677.1_cds_WP_463938036.1_50",NA,"ABFT21_RS00255","IS1634 family transposase","WP_463938036.1"
"lcl_NZ_CP166677.1_cds_WP_463938160.1_51",NA,"ABFT21_RS00260","PIN domain-containing protein","WP_463938160.1"
"lcl_NZ_CP166677.1_cds_WP_054022879.1_52",NA,"ABFT21_RS00265","hypothetical protein","WP_054022879.1"
"lcl_NZ_CP166677.1_cds_WP_463938037.1_53",NA,"ABFT21_RS00270","IS1634 family transposase","WP_463938037.1"
"lcl_NZ_CP166677.1_cds_WP_197284649.1_54",NA,"ABFT21_RS00275","hypothetical protein","WP_197284649.1"
"lcl_NZ_CP166677.1_cds_WP_157548924.1_55",NA,"ABFT21_RS00280","PIN domain-containing protein","WP_157548924.1"
"lcl_NZ_CP166677.1_cds_WP_054020530.1_56",NA,"ABFT21_RS00285","helix-turn-helix domain-containing protein","WP_054020530.1"
"lcl_NZ_CP166677.1_cds_WP_054020529.1_57",NA,"ABFT21_RS00290","hypothetical protein","WP_054020529.1"
"lcl_NZ_CP166677.1_cds_WP_197284648.1_58",NA,"ABFT21_RS00295","type II toxin-antitoxin system VapC family toxin","WP_197284648.1"
"lcl_NZ_CP166677.1_cds_WP_231638135.1_59",NA,"ABFT21_RS00300","AbrB/MazE/SpoVT family DNA-binding domain-containing protein","WP_231638135.1"
"lcl_NZ_CP166677.1_cds_WP_054020526.1_60",NA,"ABFT21_RS00305","DUF1428 domain-containing protein","WP_054020526.1"
"lcl_NZ_CP166677.1_cds_WP_231638134.1_61",NA,"ABFT21_RS00310","PQQ-dependent sugar dehydrogenase","WP_231638134.1"
"lcl_NZ_CP166677.1_cds_WP_054020524.1_62",NA,"ABFT21_RS00315","DUF427 domain-containing protein","WP_054020524.1"
"lcl_NZ_CP166677.1_cds_WP_231638133.1_63","egtD","ABFT21_RS00320","L-histidine N(alpha)-methyltransferase","WP_231638133.1"
"lcl_NZ_CP166677.1_cds_WP_054020522.1_64","egtB","ABFT21_RS00325","ergothioneine biosynthesis protein EgtB","WP_054020522.1"
"lcl_NZ_CP166677.1_cds_WP_054020521.1_65",NA,"ABFT21_RS00330","GNAT family N-acetyltransferase","WP_054020521.1"
"lcl_NZ_CP166677.1_cds_WP_054020520.1_66",NA,"ABFT21_RS00335","LysR family transcriptional regulator","WP_054020520.1"
"lcl_NZ_CP166677.1_cds_WP_082368298.1_67",NA,"ABFT21_RS00340","pyridoxamine 5'-phosphate oxidase family protein","WP_082368298.1"
"lcl_NZ_CP166677.1_cds_WP_157548922.1_68",NA,"ABFT21_RS00345","hypothetical protein","WP_157548922.1"
"lcl_NZ_CP166677.1_cds_WP_054020518.1_69",NA,"ABFT21_RS00350","AAA family ATPase","WP_054020518.1"
"lcl_NZ_CP166677.1_cds_WP_054020517.1_70",NA,"ABFT21_RS00355","HNH endonuclease family protein","WP_054020517.1"
"lcl_NZ_CP166677.1_cds_WP_054020516.1_71",NA,"ABFT21_RS00360","hypothetical protein","WP_054020516.1"
"lcl_NZ_CP166677.1_cds_WP_231638132.1_72",NA,"ABFT21_RS00365","NAD(P)H-binding protein","WP_231638132.1"
"lcl_NZ_CP166677.1_cds_WP_054020515.1_73",NA,"ABFT21_RS00370","DUF2272 domain-containing protein","WP_054020515.1"
"lcl_NZ_CP166677.1_cds_WP_054020514.1_74",NA,"ABFT21_RS00375","endonuclease/exonuclease/phosphatase family protein","WP_054020514.1"
"lcl_NZ_CP166677.1_cds_WP_054020513.1_75",NA,"ABFT21_RS00380","tannase/feruloyl esterase family alpha/beta hydrolase","WP_054020513.1"
"lcl_NZ_CP166677.1_cds_WP_054020512.1_76",NA,"ABFT21_RS00385","Crp/Fnr family transcriptional regulator","WP_054020512.1"
"lcl_NZ_CP166677.1_cds_WP_054020511.1_77",NA,"ABFT21_RS00390","SOS response-associated peptidase family protein","WP_054020511.1"
"lcl_NZ_CP166677.1_cds_WP_054020510.1_78",NA,"ABFT21_RS00395","ATP-binding protein","WP_054020510.1"
"lcl_NZ_CP166677.1_cds_WP_231638131.1_79",NA,"ABFT21_RS00400","phosphodiesterase","WP_231638131.1"
"lcl_NZ_CP166677.1_cds_WP_054020509.1_80",NA,"ABFT21_RS00405","hypothetical protein","WP_054020509.1"
"lcl_NZ_CP166677.1_cds_WP_054020542.1_81",NA,"ABFT21_RS00410","LysE family translocator","WP_054020542.1"
"lcl_NZ_CP166677.1_cds_WP_054020508.1_82",NA,"ABFT21_RS00415","GGDEF domain-containing protein","WP_054020508.1"
"lcl_NZ_CP166677.1_cds_WP_054020507.1_83",NA,"ABFT21_RS00420","ferritin-like domain-containing protein","WP_054020507.1"
"lcl_NZ_CP166677.1_cds_WP_054020506.1_84","rpoN","ABFT21_RS00425","RNA polymerase factor sigma-54","WP_054020506.1"
"lcl_NZ_CP166677.1_cds_WP_054020505.1_85",NA,"ABFT21_RS00430","sigma 54-interacting transcriptional regulator","WP_054020505.1"
"lcl_NZ_CP166677.1_cds_WP_054020504.1_86",NA,"ABFT21_RS00435","diguanylate cyclase domain-containing protein","WP_054020504.1"
"lcl_NZ_CP166677.1_cds_WP_054020503.1_87",NA,"ABFT21_RS00440","ECF-type sigma factor","WP_054020503.1"
"lcl_NZ_CP166677.1_cds_WP_054020502.1_88",NA,"ABFT21_RS00445","serine/threonine-protein kinase","WP_054020502.1"
"lcl_NZ_CP166677.1_cds_WP_157548920.1_89",NA,"ABFT21_RS00450","hypothetical protein","WP_157548920.1"
"lcl_NZ_CP166677.1_cds_WP_439951444.1_90",NA,"ABFT21_RS00455","hemerythrin domain-containing protein","WP_439951444.1"
"lcl_NZ_CP166677.1_cds_WP_054020500.1_91",NA,"ABFT21_RS00460","haloacid dehalogenase type II","WP_054020500.1"
"lcl_NZ_CP166677.1_cds_WP_054020499.1_92",NA,"ABFT21_RS00465","DUF2917 domain-containing protein","WP_054020499.1"
"lcl_NZ_CP166677.1_cds_ABFT21_RS00470_93",NA,"ABFT21_RS00470","LysR substrate-binding domain-containing protein",NA
"lcl_NZ_CP166677.1_cds_WP_439951443.1_94",NA,"ABFT21_RS00475","DMT family transporter","WP_439951443.1"
"lcl_NZ_CP166677.1_cds_WP_054020498.1_95",NA,"ABFT21_RS00480","AraC family transcriptional regulator","WP_054020498.1"
"lcl_NZ_CP166677.1_cds_WP_054020497.1_96",NA,"ABFT21_RS00485","porin","WP_054020497.1"
"lcl_NZ_CP166677.1_cds_WP_054020496.1_97",NA,"ABFT21_RS00490","amino acid synthesis family protein","WP_054020496.1"
"lcl_NZ_CP166677.1_cds_WP_054020495.1_98",NA,"ABFT21_RS00495","bifunctional 3-(3-hydroxy-phenyl)propionate/3-hydroxycinnamic acid hydroxylase","WP_054020495.1"
"lcl_NZ_CP166677.1_cds_WP_054020494.1_99",NA,"ABFT21_RS00500","GntR family transcriptional regulator","WP_054020494.1"
"lcl_NZ_CP166677.1_cds_WP_054020539.1_100","glpD","ABFT21_RS00505","glycerol-3-phosphate dehydrogenase","WP_054020539.1"
"lcl_NZ_CP166677.1_cds_WP_054020493.1_101","glpK","ABFT21_RS00510","glycerol kinase GlpK","WP_054020493.1"
"lcl_NZ_CP166677.1_cds_WP_054020492.1_102","creD","ABFT21_RS00515","cell envelope integrity protein CreD","WP_054020492.1"
"lcl_NZ_CP166677.1_cds_WP_054020491.1_103",NA,"ABFT21_RS00520","tautomerase family protein","WP_054020491.1"
"lcl_NZ_CP166677.1_cds_WP_054020490.1_104","creC","ABFT21_RS00525","two-component system sensor histidine kinase CreC","WP_054020490.1"
"lcl_NZ_CP166677.1_cds_WP_054020489.1_105","creB","ABFT21_RS00530","two-component system response regulator CreB","WP_054020489.1"
"lcl_NZ_CP166677.1_cds_WP_054020488.1_106",NA,"ABFT21_RS00535","TRAP transporter large permease subunit","WP_054020488.1"
"lcl_NZ_CP166677.1_cds_WP_054020487.1_107",NA,"ABFT21_RS00540","TRAP transporter small permease subunit","WP_054020487.1"
"lcl_NZ_CP166677.1_cds_WP_054020486.1_108",NA,"ABFT21_RS00545","TRAP transporter substrate-binding protein","WP_054020486.1"
"lcl_NZ_CP166677.1_cds_WP_054020485.1_109",NA,"ABFT21_RS00550","MBL fold metallo-hydrolase","WP_054020485.1"
"lcl_NZ_CP166677.1_cds_WP_054020484.1_110",NA,"ABFT21_RS00555","YceI family protein","WP_054020484.1"
"lcl_NZ_CP166677.1_cds_WP_054020483.1_111",NA,"ABFT21_RS00560","YceI family protein","WP_054020483.1"
"lcl_NZ_CP166677.1_cds_WP_054020482.1_112",NA,"ABFT21_RS00565","YceI family protein","WP_054020482.1"
"lcl_NZ_CP166677.1_cds_WP_054020481.1_113",NA,"ABFT21_RS00570","cytochrome b","WP_054020481.1"
"lcl_NZ_CP166677.1_cds_WP_054020480.1_114",NA,"ABFT21_RS00575","hypothetical protein","WP_054020480.1"
"lcl_NZ_CP166677.1_cds_WP_054020479.1_115",NA,"ABFT21_RS00580","phosphoenolpyruvate carboxykinase (GTP)","WP_054020479.1"
"lcl_NZ_CP166677.1_cds_WP_054020478.1_116",NA,"ABFT21_RS00585","LacI family DNA-binding transcriptional regulator","WP_054020478.1"
"lcl_NZ_CP166677.1_cds_WP_157548913.1_117",NA,"ABFT21_RS00590","MBL fold metallo-hydrolase","WP_157548913.1"
"lcl_NZ_CP166677.1_cds_WP_054020476.1_118",NA,"ABFT21_RS00595","tetratricopeptide repeat protein","WP_054020476.1"
"lcl_NZ_CP166677.1_cds_WP_054020475.1_119",NA,"ABFT21_RS00600","response regulator","WP_054020475.1"
"lcl_NZ_CP166677.1_cds_WP_054020474.1_120",NA,"ABFT21_RS00605","ATP-binding protein","WP_054020474.1"
"lcl_NZ_CP166677.1_cds_WP_157548911.1_121",NA,"ABFT21_RS00610","hypothetical protein","WP_157548911.1"
"lcl_NZ_CP166677.1_cds_WP_231638129.1_122",NA,"ABFT21_RS00615","alpha/beta hydrolase-fold protein","WP_231638129.1"
"lcl_NZ_CP166677.1_cds_WP_054020472.1_123",NA,"ABFT21_RS00620","MOSC domain-containing protein","WP_054020472.1"
"lcl_NZ_CP166677.1_cds_WP_054020471.1_124","cysQ","ABFT21_RS00625","3'(2'),5'-bisphosphate nucleotidase CysQ","WP_054020471.1"
"lcl_NZ_CP166677.1_cds_WP_157548909.1_125",NA,"ABFT21_RS00630","DUF748 domain-containing protein","WP_157548909.1"
"lcl_NZ_CP166677.1_cds_WP_054020469.1_126",NA,"ABFT21_RS00635","alkene reductase","WP_054020469.1"
"lcl_NZ_CP166677.1_cds_WP_054020468.1_127",NA,"ABFT21_RS00640","zinc-binding alcohol dehydrogenase family protein","WP_054020468.1"
"lcl_NZ_CP166677.1_cds_WP_054020467.1_128",NA,"ABFT21_RS00645","LysR family transcriptional regulator","WP_054020467.1"
"lcl_NZ_CP166677.1_cds_WP_054020466.1_129",NA,"ABFT21_RS00650","23S rRNA (adenine(2030)-N(6))-methyltransferase RlmJ","WP_054020466.1"
"lcl_NZ_CP166677.1_cds_WP_054020465.1_130",NA,"ABFT21_RS00655","TonB-dependent receptor","WP_054020465.1"
"lcl_NZ_CP166677.1_cds_WP_054020464.1_131",NA,"ABFT21_RS00660","S9 family peptidase","WP_054020464.1"
"lcl_NZ_CP166677.1_cds_WP_054020463.1_132",NA,"ABFT21_RS00665","TonB-dependent receptor domain-containing protein","WP_054020463.1"
"lcl_NZ_CP166677.1_cds_WP_054020462.1_133",NA,"ABFT21_RS00670","helix-turn-helix domain-containing protein","WP_054020462.1"
"lcl_NZ_CP166677.1_cds_WP_054020538.1_134",NA,"ABFT21_RS00675","YiaA/YiaB family inner membrane protein","WP_054020538.1"
"lcl_NZ_CP166677.1_cds_WP_231638128.1_135",NA,"ABFT21_RS00680","hypothetical protein","WP_231638128.1"
"lcl_NZ_CP166677.1_cds_WP_054020536.1_136",NA,"ABFT21_RS00685","DUF2145 domain-containing protein","WP_054020536.1"
"lcl_NZ_CP166677.1_cds_WP_054020461.1_137",NA,"ABFT21_RS00690","MFS transporter","WP_054020461.1"
"lcl_NZ_CP166677.1_cds_WP_054020460.1_138","tgt","ABFT21_RS00695","tRNA guanosine(34) transglycosylase Tgt","WP_054020460.1"
"lcl_NZ_CP166677.1_cds_WP_054020459.1_139","queA","ABFT21_RS00700","tRNA preQ1(34) S-adenosylmethionine ribosyltransferase-isomerase QueA","WP_054020459.1"
"lcl_NZ_CP166677.1_cds_WP_054020458.1_140",NA,"ABFT21_RS00705","ATP-binding protein","WP_054020458.1"
"lcl_NZ_CP166677.1_cds_WP_054020457.1_141",NA,"ABFT21_RS00710","ATP-dependent DNA helicase RecG","WP_054020457.1"
"lcl_NZ_CP166677.1_cds_WP_054020456.1_142",NA,"ABFT21_RS00715","glucose 1-dehydrogenase","WP_054020456.1"
"lcl_NZ_CP166677.1_cds_WP_054020455.1_143",NA,"ABFT21_RS00720","tetratricopeptide repeat protein","WP_054020455.1"
"lcl_NZ_CP166677.1_cds_WP_054020454.1_144",NA,"ABFT21_RS00725","TetR/AcrR family transcriptional regulator","WP_054020454.1"
"lcl_NZ_CP166677.1_cds_WP_054020535.1_145",NA,"ABFT21_RS00730","ABC transporter ATP-binding protein","WP_054020535.1"
"lcl_NZ_CP166677.1_cds_WP_054020534.1_146",NA,"ABFT21_RS00735","ABC transporter permease","WP_054020534.1"
"lcl_NZ_CP166677.1_cds_WP_054020452.1_147",NA,"ABFT21_RS00740","BolA family protein","WP_054020452.1"
"lcl_NZ_CP166677.1_cds_WP_054020451.1_148","hisG","ABFT21_RS00745","ATP phosphoribosyltransferase","WP_054020451.1"
"lcl_NZ_CP166677.1_cds_WP_054020450.1_149","hisD","ABFT21_RS00750","histidinol dehydrogenase","WP_054020450.1"
"lcl_NZ_CP166677.1_cds_WP_054020449.1_150","hisC","ABFT21_RS00755","histidinol-phosphate transaminase","WP_054020449.1"
"lcl_NZ_CP166677.1_cds_WP_054020448.1_151","hisB","ABFT21_RS00760","imidazoleglycerol-phosphate dehydratase HisB","WP_054020448.1"
"lcl_NZ_CP166677.1_cds_WP_231638127.1_152","hisH","ABFT21_RS00765","imidazole glycerol phosphate synthase subunit HisH","WP_231638127.1"
"lcl_NZ_CP166677.1_cds_WP_054020447.1_153","hisA","ABFT21_RS00770","1-(5-phosphoribosyl)-5-[(5-phosphoribosylamino)methylideneamino","WP_054020447.1"
"lcl_NZ_CP166677.1_cds_WP_054020446.1_154","hisF","ABFT21_RS00775","imidazole glycerol phosphate synthase subunit HisF","WP_054020446.1"
"lcl_NZ_CP166677.1_cds_WP_231638126.1_155","rsmD","ABFT21_RS00780","16S rRNA (guanine(966)-N(2))-methyltransferase RsmD","WP_231638126.1"
"lcl_NZ_CP166677.1_cds_WP_054020445.1_156","coaD","ABFT21_RS00785","pantetheine-phosphate adenylyltransferase","WP_054020445.1"
"lcl_NZ_CP166677.1_cds_WP_054020444.1_157",NA,"ABFT21_RS00790","YfhL family 4Fe-4S dicluster ferredoxin","WP_054020444.1"
"lcl_NZ_CP166677.1_cds_WP_054020443.1_158",NA,"ABFT21_RS00795","hypothetical protein","WP_054020443.1"
"lcl_NZ_CP166677.1_cds_ABFT21_RS00800_159","pth","ABFT21_RS00800","aminoacyl-tRNA hydrolase",NA
"lcl_NZ_CP166677.1_cds_ABFT21_RS00805_160",NA,"ABFT21_RS00805","integrase core domain-containing protein",NA
"lcl_NZ_CP166677.1_cds_WP_157549413.1_161",NA,"ABFT21_RS00810","hypothetical protein","WP_157549413.1"
"lcl_NZ_CP166677.1_cds_WP_157549416.1_162",NA,"ABFT21_RS00815","Hsp70 family protein","WP_157549416.1"
"lcl_NZ_CP166677.1_cds_WP_463938040.1_163",NA,"ABFT21_RS00820","IS5 family transposase","WP_463938040.1"
"lcl_NZ_CP166677.1_cds_WP_197284706.1_164",NA,"ABFT21_RS00825","dynamin family protein","WP_197284706.1"
"lcl_NZ_CP166677.1_cds_WP_157549114.1_165",NA,"ABFT21_RS00830","hypothetical protein","WP_157549114.1"
"lcl_NZ_CP166677.1_cds_WP_157549116.1_166",NA,"ABFT21_RS00835","hypothetical protein","WP_157549116.1"
"lcl_NZ_CP166677.1_cds_WP_463938036.1_167",NA,"ABFT21_RS00840","IS1634 family transposase","WP_463938036.1"
"lcl_NZ_CP166677.1_cds_ABFT21_RS00845_168","pth","ABFT21_RS00845","aminoacyl-tRNA hydrolase",NA
"lcl_NZ_CP166677.1_cds_WP_054021624.1_169",NA,"ABFT21_RS00850","50S ribosomal protein L25/general stress protein Ctc","WP_054021624.1"
"lcl_NZ_CP166677.1_cds_WP_054021625.1_170",NA,"ABFT21_RS00855","ribose-phosphate pyrophosphokinase","WP_054021625.1"
"lcl_NZ_CP166677.1_cds_WP_054021626.1_171","ispE","ABFT21_RS00865","4-(cytidine 5'-diphospho)-2-C-methyl-D-erythritol kinase","WP_054021626.1"
"lcl_NZ_CP166677.1_cds_WP_231638206.1_172",NA,"ABFT21_RS00870","lipoprotein insertase outer membrane protein LolB","WP_231638206.1"
"lcl_NZ_CP166677.1_cds_WP_054021631.1_173",NA,"ABFT21_RS00875","tetratricopeptide repeat protein","WP_054021631.1"
"lcl_NZ_CP166677.1_cds_WP_054021627.1_174","mutM","ABFT21_RS00880","bifunctional DNA-formamidopyrimidine glycosylase/DNA-(apurinic or apyrimidinic site) lyase","WP_054021627.1"
"lcl_NZ_CP166677.1_cds_WP_082368501.1_175","mutY","ABFT21_RS00885","A/G-specific adenine glycosylase","WP_082368501.1"
"lcl_NZ_CP166677.1_cds_WP_054021628.1_176",NA,"ABFT21_RS00890","LON peptidase substrate-binding domain-containing protein","WP_054021628.1"
"lcl_NZ_CP166677.1_cds_WP_054021629.1_177","rapZ","ABFT21_RS00895","RNase adapter RapZ","WP_054021629.1"
"lcl_NZ_CP166677.1_cds_WP_082368046.1_178","recN","ABFT21_RS00900","DNA repair protein RecN","WP_082368046.1"
"lcl_NZ_CP166677.1_cds_WP_054019177.1_179",NA,"ABFT21_RS00905","NAD kinase","WP_054019177.1"
"lcl_NZ_CP166677.1_cds_WP_054019176.1_180","hrcA","ABFT21_RS00910","heat-inducible transcriptional repressor HrcA","WP_054019176.1"
"lcl_NZ_CP166677.1_cds_WP_082368045.1_181",NA,"ABFT21_RS00915","HD domain-containing phosphohydrolase","WP_082368045.1"
"lcl_NZ_CP166677.1_cds_WP_054019175.1_182",NA,"ABFT21_RS00925","aspartyl protease family protein","WP_054019175.1"
"lcl_NZ_CP166677.1_cds_WP_054019174.1_183",NA,"ABFT21_RS00930","hypothetical protein","WP_054019174.1"
"lcl_NZ_CP166677.1_cds_WP_054019173.1_184",NA,"ABFT21_RS00935","hypothetical protein","WP_054019173.1"
"lcl_NZ_CP166677.1_cds_WP_054019172.1_185",NA,"ABFT21_RS00940","hypothetical protein","WP_054019172.1"
"lcl_NZ_CP166677.1_cds_WP_054019171.1_186",NA,"ABFT21_RS00945","hypothetical protein","WP_054019171.1"
"lcl_NZ_CP166677.1_cds_WP_054019170.1_187",NA,"ABFT21_RS00950","FAD-binding oxidoreductase","WP_054019170.1"
"lcl_NZ_CP166677.1_cds_WP_054019169.1_188",NA,"ABFT21_RS00955","glycosyltransferase","WP_054019169.1"
"lcl_NZ_CP166677.1_cds_WP_054019168.1_189",NA,"ABFT21_RS00960","SpoVR family protein","WP_054019168.1"
"lcl_NZ_CP166677.1_cds_WP_054019167.1_190",NA,"ABFT21_RS00965","YeaH/YhbH family protein","WP_054019167.1"
"lcl_NZ_CP166677.1_cds_WP_054019166.1_191",NA,"ABFT21_RS00970","PrkA family serine protein kinase","WP_054019166.1"
"lcl_NZ_CP166677.1_cds_WP_082368044.1_192","mdoH","ABFT21_RS00975","glucans biosynthesis glucosyltransferase MdoH","WP_082368044.1"
"lcl_NZ_CP166677.1_cds_WP_054019165.1_193",NA,"ABFT21_RS00980","glucan biosynthesis protein G","WP_054019165.1"
"lcl_NZ_CP166677.1_cds_WP_054019164.1_194",NA,"ABFT21_RS00985","sigma 54-interacting transcriptional regulator","WP_054019164.1"
"lcl_NZ_CP166677.1_cds_WP_054019163.1_195",NA,"ABFT21_RS00990","hypothetical protein","WP_054019163.1"
"lcl_NZ_CP166677.1_cds_WP_054019162.1_196",NA,"ABFT21_RS00995","ATP-binding protein","WP_054019162.1"
"lcl_NZ_CP166677.1_cds_WP_054019161.1_197",NA,"ABFT21_RS01000","putative toxin-antitoxin system toxin component, PIN family","WP_054019161.1"
"lcl_NZ_CP166677.1_cds_WP_054019160.1_198",NA,"ABFT21_RS01005","toxin-antitoxin system HicB family antitoxin","WP_054019160.1"
"lcl_NZ_CP166677.1_cds_WP_054019159.1_199",NA,"ABFT21_RS01010","ParB/RepB/Spo0J family partition protein","WP_054019159.1"
"lcl_NZ_CP166677.1_cds_WP_231638023.1_200",NA,"ABFT21_RS01015","RBBP9/YdeN family alpha/beta hydrolase","WP_231638023.1"
"lcl_NZ_CP166677.1_cds_WP_054019158.1_201","argC","ABFT21_RS01020","N-acetyl-gamma-glutamyl-phosphate reductase","WP_054019158.1"
"lcl_NZ_CP166677.1_cds_WP_054019157.1_202",NA,"ABFT21_RS01025","2-dehydropantoate 2-reductase","WP_054019157.1"
"lcl_NZ_CP166677.1_cds_WP_054019156.1_203",NA,"ABFT21_RS01030","GNAT family N-acetyltransferase","WP_054019156.1"
"lcl_NZ_CP166677.1_cds_WP_054019155.1_204",NA,"ABFT21_RS01035","ParA family protein","WP_054019155.1"
"lcl_NZ_CP166677.1_cds_WP_054019154.1_205",NA,"ABFT21_RS01040","LysE family translocator","WP_054019154.1"
"lcl_NZ_CP166677.1_cds_WP_054019153.1_206","rsmG","ABFT21_RS01045","16S rRNA (guanine(527)-N(7))-methyltransferase RsmG","WP_054019153.1"
"lcl_NZ_CP166677.1_cds_WP_054019152.1_207","mnmG","ABFT21_RS01050","tRNA uridine-5-carboxymethylaminomethyl(34) synthesis enzyme MnmG","WP_054019152.1"
"lcl_NZ_CP166677.1_cds_WP_054019151.1_208",NA,"ABFT21_RS01055","YkgJ family cysteine cluster protein","WP_054019151.1"
"lcl_NZ_CP166677.1_cds_WP_054019150.1_209",NA,"ABFT21_RS01060","DUF2061 domain-containing protein","WP_054019150.1"
"lcl_NZ_CP166677.1_cds_WP_197284581.1_210",NA,"ABFT21_RS01065","peptidase domain-containing ABC transporter","WP_197284581.1"
"lcl_NZ_CP166677.1_cds_WP_197284580.1_211",NA,"ABFT21_RS01070","HlyD family secretion protein","WP_197284580.1"
"lcl_NZ_CP166677.1_cds_WP_463938042.1_212",NA,"ABFT21_RS01075","thioredoxin family protein","WP_463938042.1"
"lcl_NZ_CP166677.1_cds_WP_054019146.1_213",NA,"ABFT21_RS01080","hypothetical protein","WP_054019146.1"
"lcl_NZ_CP166677.1_cds_WP_054019145.1_214",NA,"ABFT21_RS01085","helix-turn-helix transcriptional regulator","WP_054019145.1"
"lcl_NZ_CP166677.1_cds_WP_054019144.1_215",NA,"ABFT21_RS01090","hypothetical protein","WP_054019144.1"
"lcl_NZ_CP166677.1_cds_WP_197284579.1_216",NA,"ABFT21_RS01095","LysR substrate-binding domain-containing protein","WP_197284579.1"
"lcl_NZ_CP166677.1_cds_WP_054019142.1_217","pcaH","ABFT21_RS01100","protocatechuate 3,4-dioxygenase subunit beta","WP_054019142.1"
"lcl_NZ_CP166677.1_cds_WP_054019141.1_218","pcaG","ABFT21_RS01105","protocatechuate 3,4-dioxygenase subunit alpha","WP_054019141.1"
"lcl_NZ_CP166677.1_cds_WP_054019140.1_219",NA,"ABFT21_RS01110","serine/threonine-protein kinase","WP_054019140.1"
"lcl_NZ_CP166677.1_cds_WP_054019139.1_220",NA,"ABFT21_RS01115","dioxygenase family protein","WP_054019139.1"
"lcl_NZ_CP166677.1_cds_WP_054019138.1_221",NA,"ABFT21_RS01120","3-deoxy-7-phosphoheptulonate synthase","WP_054019138.1"
"lcl_NZ_CP166677.1_cds_WP_082368040.1_222","cfa","ABFT21_RS01125","cyclopropane fatty acyl phospholipid synthase","WP_082368040.1"
"lcl_NZ_CP166677.1_cds_WP_054019137.1_223","tldD","ABFT21_RS01130","metalloprotease TldD","WP_054019137.1"
"lcl_NZ_CP166677.1_cds_WP_231638022.1_224","rsmI","ABFT21_RS01135","16S rRNA (cytidine(1402)-2'-O)-methyltransferase","WP_231638022.1"
"lcl_NZ_CP166677.1_cds_WP_054019136.1_225",NA,"ABFT21_RS01140","YraN family protein","WP_054019136.1"
"lcl_NZ_CP166677.1_cds_WP_054019135.1_226",NA,"ABFT21_RS01145","phosphoheptose isomerase","WP_054019135.1"
"lcl_NZ_CP166677.1_cds_WP_054019134.1_227",NA,"ABFT21_RS01150","BON domain-containing protein","WP_054019134.1"
"lcl_NZ_CP166677.1_cds_WP_054019133.1_228",NA,"ABFT21_RS01155","NAD(P)-dependent oxidoreductase","WP_054019133.1"
"lcl_NZ_CP166677.1_cds_WP_054019132.1_229",NA,"ABFT21_RS01160","PilT/PilU family type 4a pilus ATPase","WP_054019132.1"
"lcl_NZ_CP166677.1_cds_WP_054019131.1_230",NA,"ABFT21_RS01165","type IV pilus twitching motility protein PilT","WP_054019131.1"
"lcl_NZ_CP166677.1_cds_WP_054019130.1_231",NA,"ABFT21_RS01170","YggS family pyridoxal phosphate-dependent enzyme","WP_054019130.1"
"lcl_NZ_CP166677.1_cds_WP_054019129.1_232",NA,"ABFT21_RS01175","Lrp/AsnC ligand binding domain-containing protein","WP_054019129.1"
"lcl_NZ_CP166677.1_cds_WP_082368039.1_233","putA","ABFT21_RS01180","bifunctional proline dehydrogenase/L-glutamate gamma-semialdehyde dehydrogenase PutA","WP_082368039.1"
"lcl_NZ_CP166677.1_cds_WP_054019128.1_234","proC","ABFT21_RS01185","pyrroline-5-carboxylate reductase","WP_054019128.1"
"lcl_NZ_CP166677.1_cds_WP_054019127.1_235",NA,"ABFT21_RS01190","Glu/Leu/Phe/Val family dehydrogenase","WP_054019127.1"
"lcl_NZ_CP166677.1_cds_WP_054019126.1_236","ubiA","ABFT21_RS01195","4-hydroxybenzoate octaprenyltransferase","WP_054019126.1"
"lcl_NZ_CP166677.1_cds_WP_054019125.1_237","glcF","ABFT21_RS01200","glycolate oxidase subunit GlcF","WP_054019125.1"
"lcl_NZ_CP166677.1_cds_WP_054019124.1_238","glcE","ABFT21_RS01205","glycolate oxidase subunit GlcE","WP_054019124.1"
"lcl_NZ_CP166677.1_cds_WP_054019181.1_239",NA,"ABFT21_RS01210","FAD-linked oxidase C-terminal domain-containing protein","WP_054019181.1"
"lcl_NZ_CP166677.1_cds_WP_054019123.1_240",NA,"ABFT21_RS01215","FIST signal transduction protein","WP_054019123.1"
"lcl_NZ_CP166677.1_cds_WP_054019122.1_241",NA,"ABFT21_RS01220","PhaM family polyhydroxyalkanoate granule multifunctional regulatory protein","WP_054019122.1"
"lcl_NZ_CP166677.1_cds_WP_054019121.1_242",NA,"ABFT21_RS01225","retropepsin-like aspartic protease family protein","WP_054019121.1"
"lcl_NZ_CP166677.1_cds_WP_054019120.1_243",NA,"ABFT21_RS01230","hypothetical protein","WP_054019120.1"
"lcl_NZ_CP166677.1_cds_WP_197284578.1_244",NA,"ABFT21_RS01235","DUF3108 domain-containing protein","WP_197284578.1"
"lcl_NZ_CP166677.1_cds_WP_054019118.1_245",NA,"ABFT21_RS01240","BTH_I0359 family protein","WP_054019118.1"
"lcl_NZ_CP166677.1_cds_WP_054019117.1_246",NA,"ABFT21_RS01245","ATP-binding protein","WP_054019117.1"
"lcl_NZ_CP166677.1_cds_WP_054019116.1_247",NA,"ABFT21_RS01250","putative bifunctional diguanylate cyclase/phosphodiesterase","WP_054019116.1"
"lcl_NZ_CP166677.1_cds_WP_054019115.1_248",NA,"ABFT21_RS01255","homocysteine S-methyltransferase family protein","WP_054019115.1"
"lcl_NZ_CP166677.1_cds_WP_480338659.1_249",NA,"ABFT21_RS01260","HD-GYP domain-containing protein","WP_480338659.1"
"lcl_NZ_CP166677.1_cds_WP_082368037.1_250","metH","ABFT21_RS01265","methionine synthase","WP_082368037.1"
"lcl_NZ_CP166677.1_cds_WP_054019113.1_251",NA,"ABFT21_RS01270","amidase","WP_054019113.1"
"lcl_NZ_CP166677.1_cds_WP_082368036.1_252",NA,"ABFT21_RS01275","histidine kinase","WP_082368036.1"
"lcl_NZ_CP166677.1_cds_WP_054019112.1_253",NA,"ABFT21_RS01280","hypothetical protein","WP_054019112.1"
"lcl_NZ_CP166677.1_cds_WP_054019111.1_254",NA,"ABFT21_RS01285","LytR/AlgR family response regulator transcription factor","WP_054019111.1"
"lcl_NZ_CP166677.1_cds_WP_054019110.1_255",NA,"ABFT21_RS01290","FecR family protein","WP_054019110.1"
"lcl_NZ_CP166677.1_cds_WP_054019109.1_256",NA,"ABFT21_RS01295","Tll0287-like domain-containing protein","WP_054019109.1"
"lcl_NZ_CP166677.1_cds_WP_054019108.1_257",NA,"ABFT21_RS01300","protein kinase domain-containing protein","WP_054019108.1"
"lcl_NZ_CP166677.1_cds_WP_054019107.1_258",NA,"ABFT21_RS01305","sensor domain-containing diguanylate cyclase","WP_054019107.1"
"lcl_NZ_CP166677.1_cds_WP_054019179.1_259",NA,"ABFT21_RS01310","ATP-dependent helicase","WP_054019179.1"
"lcl_NZ_CP166677.1_cds_WP_054019106.1_260",NA,"ABFT21_RS01315","AEC family transporter","WP_054019106.1"
"lcl_NZ_CP166677.1_cds_WP_054019105.1_261",NA,"ABFT21_RS01320","type II toxin-antitoxin system RelE/ParE family toxin","WP_054019105.1"
"lcl_NZ_CP166677.1_cds_WP_054019178.1_262",NA,"ABFT21_RS01325","YlcI/YnfO family protein","WP_054019178.1"
"lcl_NZ_CP166677.1_cds_WP_054019104.1_263",NA,"ABFT21_RS01330","isochorismatase family protein","WP_054019104.1"
"lcl_NZ_CP166677.1_cds_WP_054019103.1_264",NA,"ABFT21_RS01335","GFA family protein","WP_054019103.1"
"lcl_NZ_CP166677.1_cds_WP_054019102.1_265",NA,"ABFT21_RS01340","GNAT family N-acetyltransferase","WP_054019102.1"
"lcl_NZ_CP166677.1_cds_WP_054019101.1_266",NA,"ABFT21_RS01345","DJ-1/PfpI family protein","WP_054019101.1"
"lcl_NZ_CP166677.1_cds_WP_054019100.1_267",NA,"ABFT21_RS01350","hypothetical protein","WP_054019100.1"
"lcl_NZ_CP166677.1_cds_WP_054019099.1_268",NA,"ABFT21_RS01355","TonB-dependent receptor family protein","WP_054019099.1"
"lcl_NZ_CP166677.1_cds_WP_054019098.1_269",NA,"ABFT21_RS01360","PepSY-associated TM helix domain-containing protein","WP_054019098.1"
"lcl_NZ_CP166677.1_cds_WP_054019097.1_270",NA,"ABFT21_RS01365","cupin","WP_054019097.1"
"lcl_NZ_CP166677.1_cds_WP_054019096.1_271",NA,"ABFT21_RS01370","NUDIX hydrolase","WP_054019096.1"
"lcl_NZ_CP166677.1_cds_WP_054019095.1_272",NA,"ABFT21_RS01375","dihydrofolate reductase family protein","WP_054019095.1"
"lcl_NZ_CP166677.1_cds_WP_054019094.1_273",NA,"ABFT21_RS01380","VOC family protein","WP_054019094.1"
"lcl_NZ_CP166677.1_cds_WP_054019093.1_274",NA,"ABFT21_RS01385","GNAT family N-acetyltransferase","WP_054019093.1"
"lcl_NZ_CP166677.1_cds_WP_054019092.1_275",NA,"ABFT21_RS01390","SDR family oxidoreductase","WP_054019092.1"
"lcl_NZ_CP166677.1_cds_WP_054019091.1_276","sigJ","ABFT21_RS01395","RNA polymerase sigma factor SigJ","WP_054019091.1"
"lcl_NZ_CP166677.1_cds_WP_054019090.1_277",NA,"ABFT21_RS01400","DUF4256 domain-containing protein","WP_054019090.1"
"lcl_NZ_CP166677.1_cds_WP_197284577.1_278",NA,"ABFT21_RS01405","ATP-binding protein","WP_197284577.1"
"lcl_NZ_CP166677.1_cds_WP_054019088.1_279",NA,"ABFT21_RS01410","GNAT family N-acetyltransferase","WP_054019088.1"
"lcl_NZ_CP166677.1_cds_WP_054019087.1_280",NA,"ABFT21_RS01415","hypothetical protein","WP_054019087.1"
"lcl_NZ_CP166677.1_cds_WP_054022042.1_281",NA,"ABFT21_RS01420","DUF4286 family protein","WP_054022042.1"
"lcl_NZ_CP166677.1_cds_WP_054022041.1_282",NA,"ABFT21_RS01425","hypothetical protein","WP_054022041.1"
"lcl_NZ_CP166677.1_cds_WP_054022040.1_283",NA,"ABFT21_RS01430","alpha/beta hydrolase family protein","WP_054022040.1"
"lcl_NZ_CP166677.1_cds_WP_054022039.1_284",NA,"ABFT21_RS01435","VOC family protein","WP_054022039.1"
"lcl_NZ_CP166677.1_cds_WP_054022038.1_285",NA,"ABFT21_RS01440","TspO/MBR family protein","WP_054022038.1"
"lcl_NZ_CP166677.1_cds_WP_054022037.1_286",NA,"ABFT21_RS01445","VOC family protein","WP_054022037.1"
"lcl_NZ_CP166677.1_cds_WP_054022036.1_287","arfB","ABFT21_RS01450","alternative ribosome rescue aminoacyl-tRNA hydrolase ArfB","WP_054022036.1"
"lcl_NZ_CP166677.1_cds_WP_054022045.1_288",NA,"ABFT21_RS01455","hypothetical protein","WP_054022045.1"
"lcl_NZ_CP166677.1_cds_WP_054022035.1_289",NA,"ABFT21_RS01460","polyhydroxyalkanoate granule-associated phasin","WP_054022035.1"
"lcl_NZ_CP166677.1_cds_WP_054022034.1_290",NA,"ABFT21_RS01465","hypothetical protein","WP_054022034.1"
"lcl_NZ_CP166677.1_cds_WP_054022033.1_291",NA,"ABFT21_RS01470","hypothetical protein","WP_054022033.1"
"lcl_NZ_CP166677.1_cds_WP_082368568.1_292",NA,"ABFT21_RS01475","nucleotide triphosphate diphosphatase NUDT15","WP_082368568.1"
"lcl_NZ_CP166677.1_cds_WP_054022032.1_293",NA,"ABFT21_RS01480","VOC family protein","WP_054022032.1"
"lcl_NZ_CP166677.1_cds_WP_054022031.1_294",NA,"ABFT21_RS01485","serine/threonine-protein kinase","WP_054022031.1"
"lcl_NZ_CP166677.1_cds_WP_054022043.1_295",NA,"ABFT21_RS01490","VOC family protein","WP_054022043.1"
"lcl_NZ_CP166677.1_cds_WP_463938043.1_296",NA,"ABFT21_RS01495","methyl-accepting chemotaxis protein","WP_463938043.1"
"lcl_NZ_CP166677.1_cds_WP_054021532.1_297",NA,"ABFT21_RS01500","LysR family transcriptional regulator","WP_054021532.1"
"lcl_NZ_CP166677.1_cds_WP_054021533.1_298",NA,"ABFT21_RS01505","dihydrodipicolinate synthase family protein","WP_054021533.1"
"lcl_NZ_CP166677.1_cds_WP_231638198.1_299",NA,"ABFT21_RS01510","mandelate racemase/muconate lactonizing enzyme family protein","WP_231638198.1"
"lcl_NZ_CP166677.1_cds_WP_054021534.1_300",NA,"ABFT21_RS01515","tripartite tricarboxylate transporter substrate binding protein","WP_054021534.1"
"lcl_NZ_CP166677.1_cds_WP_054021535.1_301",NA,"ABFT21_RS01520","hypothetical protein","WP_054021535.1"
"lcl_NZ_CP166677.1_cds_WP_157549122.1_302",NA,"ABFT21_RS01525","hypothetical protein","WP_157549122.1"
"lcl_NZ_CP166677.1_cds_WP_054021537.1_303",NA,"ABFT21_RS01530","energy transducer TonB","WP_054021537.1"
"lcl_NZ_CP166677.1_cds_WP_157549124.1_304",NA,"ABFT21_RS01535","energy transducer TonB","WP_157549124.1"
"lcl_NZ_CP166677.1_cds_WP_054021539.1_305",NA,"ABFT21_RS01540","DUF1398 domain-containing protein","WP_054021539.1"
"lcl_NZ_CP166677.1_cds_WP_054021540.1_306",NA,"ABFT21_RS01545","MarR family winged helix-turn-helix transcriptional regulator","WP_054021540.1"
"lcl_NZ_CP166677.1_cds_WP_439951451.1_307",NA,"ABFT21_RS01550","primosomal protein N'","WP_439951451.1"
"lcl_NZ_CP166677.1_cds_WP_054021541.1_308","hemE","ABFT21_RS01555","uroporphyrinogen decarboxylase","WP_054021541.1"
"lcl_NZ_CP166677.1_cds_WP_054021542.1_309","cysK","ABFT21_RS01560","cysteine synthase A","WP_054021542.1"
"lcl_NZ_CP166677.1_cds_WP_054021543.1_310",NA,"ABFT21_RS01565","nuclear transport factor 2 family protein","WP_054021543.1"
"lcl_NZ_CP166677.1_cds_WP_054021544.1_311",NA,"ABFT21_RS01570","exopolyphosphatase","WP_054021544.1"
"lcl_NZ_CP166677.1_cds_WP_054021545.1_312",NA,"ABFT21_RS01575","hypothetical protein","WP_054021545.1"
"lcl_NZ_CP166677.1_cds_WP_054021546.1_313",NA,"ABFT21_RS01580","LemA family protein","WP_054021546.1"
"lcl_NZ_CP166677.1_cds_WP_082368485.1_314",NA,"ABFT21_RS01585","TPM domain-containing protein","WP_082368485.1"
"lcl_NZ_CP166677.1_cds_WP_054021547.1_315",NA,"ABFT21_RS01590","TPM domain-containing protein","WP_054021547.1"
"lcl_NZ_CP166677.1_cds_WP_054021548.1_316",NA,"ABFT21_RS01595","metallophosphoesterase family protein","WP_054021548.1"
"lcl_NZ_CP166677.1_cds_WP_054021549.1_317",NA,"ABFT21_RS01600","universal stress protein","WP_054021549.1"
"lcl_NZ_CP166677.1_cds_WP_054021550.1_318",NA,"ABFT21_RS01605","hypothetical protein","WP_054021550.1"
"lcl_NZ_CP166677.1_cds_WP_054021551.1_319",NA,"ABFT21_RS01610","LysR family transcriptional regulator ArgP","WP_054021551.1"
"lcl_NZ_CP166677.1_cds_WP_082368486.1_320",NA,"ABFT21_RS01615","LysE/ArgO family amino acid transporter","WP_082368486.1"
"lcl_NZ_CP166677.1_cds_WP_369691164.1_321",NA,"ABFT21_RS01620","D-amino acid dehydrogenase","WP_369691164.1"
"lcl_NZ_CP166677.1_cds_WP_054021553.1_322",NA,"ABFT21_RS01625","Bug family tripartite tricarboxylate transporter substrate binding protein","WP_054021553.1"
"lcl_NZ_CP166677.1_cds_WP_082368487.1_323",NA,"ABFT21_RS01630","methylated-DNA--[protein","WP_082368487.1"
"lcl_NZ_CP166677.1_cds_WP_054021554.1_324",NA,"ABFT21_RS01635","S1 family peptidase","WP_054021554.1"
"lcl_NZ_CP166677.1_cds_WP_054021555.1_325",NA,"ABFT21_RS01640","FHA domain-containing protein","WP_054021555.1"
"lcl_NZ_CP166677.1_cds_WP_054021556.1_326","ylqF","ABFT21_RS01645","ribosome biogenesis GTPase YlqF","WP_054021556.1"
"lcl_NZ_CP166677.1_cds_WP_231638199.1_327",NA,"ABFT21_RS01650","tripartite tricarboxylate transporter substrate binding protein","WP_231638199.1"
"lcl_NZ_CP166677.1_cds_WP_054021558.1_328",NA,"ABFT21_RS01655","polysaccharide deacetylase family protein","WP_054021558.1"
"lcl_NZ_CP166677.1_cds_WP_054021559.1_329",NA,"ABFT21_RS01660","GntR family transcriptional regulator","WP_054021559.1"
"lcl_NZ_CP166677.1_cds_WP_054021560.1_330",NA,"ABFT21_RS01665","aspartate/glutamate racemase family protein","WP_054021560.1"
"lcl_NZ_CP166677.1_cds_WP_054021561.1_331",NA,"ABFT21_RS01670","DUF2845 domain-containing protein","WP_054021561.1"
"lcl_NZ_CP166677.1_cds_WP_197284710.1_332",NA,"ABFT21_RS01675","head GIN domain-containing protein","WP_197284710.1"
"lcl_NZ_CP166677.1_cds_WP_054021563.1_333",NA,"ABFT21_RS01680","LytR/AlgR family response regulator transcription factor","WP_054021563.1"
"lcl_NZ_CP166677.1_cds_WP_054021564.1_334",NA,"ABFT21_RS01685","sensor histidine kinase","WP_054021564.1"
"lcl_NZ_CP166677.1_cds_WP_259375171.1_335",NA,"ABFT21_RS01690","DUF3237 domain-containing protein","WP_259375171.1"
"lcl_NZ_CP166677.1_cds_WP_054021567.1_336",NA,"ABFT21_RS01695","helix-turn-helix transcriptional regulator","WP_054021567.1"
"lcl_NZ_CP166677.1_cds_WP_082368488.1_337",NA,"ABFT21_RS01700","Bug family tripartite tricarboxylate transporter substrate binding protein","WP_082368488.1"
"lcl_NZ_CP166677.1_cds_WP_197284711.1_338",NA,"ABFT21_RS01705","CAP domain-containing protein","WP_197284711.1"
"lcl_NZ_CP166677.1_cds_WP_054021569.1_339",NA,"ABFT21_RS01710","DUF1697 domain-containing protein","WP_054021569.1"
"lcl_NZ_CP166677.1_cds_WP_054021570.1_340",NA,"ABFT21_RS01715","GNAT family N-acetyltransferase","WP_054021570.1"
"lcl_NZ_CP166677.1_cds_WP_082368489.1_341",NA,"ABFT21_RS01720","formylglycine-generating enzyme family protein","WP_082368489.1"
"lcl_NZ_CP166677.1_cds_WP_054019914.1_342",NA,"ABFT21_RS01725","CAP domain-containing protein","WP_054019914.1"
"lcl_NZ_CP166677.1_cds_WP_054019915.1_343",NA,"ABFT21_RS01730","ATP-binding protein","WP_054019915.1"
"lcl_NZ_CP166677.1_cds_WP_054019916.1_344",NA,"ABFT21_RS01735","DMT family transporter","WP_054019916.1"
"lcl_NZ_CP166677.1_cds_WP_054019917.1_345",NA,"ABFT21_RS01740","carboxymuconolactone decarboxylase family protein","WP_054019917.1"
"lcl_NZ_CP166677.1_cds_ABFT21_RS01745_346",NA,"ABFT21_RS01745","haloalkane dehalogenase",NA
"lcl_NZ_CP166677.1_cds_WP_054019919.1_347",NA,"ABFT21_RS01750","LysR family transcriptional regulator","WP_054019919.1"
"lcl_NZ_CP166677.1_cds_WP_054019920.1_348",NA,"ABFT21_RS01755","helix-turn-helix transcriptional regulator","WP_054019920.1"
"lcl_NZ_CP166677.1_cds_WP_054019921.1_349",NA,"ABFT21_RS01760","xanthine dehydrogenase family protein molybdopterin-binding subunit","WP_054019921.1"
"lcl_NZ_CP166677.1_cds_WP_054019922.1_350",NA,"ABFT21_RS01765","(2Fe-2S)-binding protein","WP_054019922.1"
"lcl_NZ_CP166677.1_cds_WP_082368207.1_351",NA,"ABFT21_RS01770","TetR/AcrR family transcriptional regulator","WP_082368207.1"
"lcl_NZ_CP166677.1_cds_WP_054019924.1_352","acuI","ABFT21_RS01775","acrylyl-CoA reductase (NADPH)","WP_054019924.1"
"lcl_NZ_CP166677.1_cds_WP_197284622.1_353",NA,"ABFT21_RS01780","enoyl-CoA hydratase/isomerase family protein","WP_197284622.1"
"lcl_NZ_CP166677.1_cds_WP_231638091.1_354",NA,"ABFT21_RS01785","nuclear transport factor 2 family protein","WP_231638091.1"
"lcl_NZ_CP166677.1_cds_WP_054019925.1_355",NA,"ABFT21_RS01790","alpha/beta fold hydrolase","WP_054019925.1"
"lcl_NZ_CP166677.1_cds_WP_054019926.1_356",NA,"ABFT21_RS01795","alpha/beta fold hydrolase","WP_054019926.1"
"lcl_NZ_CP166677.1_cds_WP_054019927.1_357",NA,"ABFT21_RS01800","SDR family NAD(P)-dependent oxidoreductase","WP_054019927.1"
"lcl_NZ_CP166677.1_cds_WP_054019928.1_358",NA,"ABFT21_RS01805","GlxA family transcriptional regulator","WP_054019928.1"
"lcl_NZ_CP166677.1_cds_WP_231638092.1_359",NA,"ABFT21_RS01810","hypothetical protein","WP_231638092.1"
"lcl_NZ_CP166677.1_cds_WP_054019929.1_360",NA,"ABFT21_RS01815","serine/threonine protein phosphatase","WP_054019929.1"
"lcl_NZ_CP166677.1_cds_WP_393938220.1_361",NA,"ABFT21_RS01820","type II toxin-antitoxin system RelE/ParE family toxin","WP_393938220.1"
"lcl_NZ_CP166677.1_cds_WP_054019931.1_362",NA,"ABFT21_RS01825","type II toxin-antitoxin system ParD family antitoxin","WP_054019931.1"
"lcl_NZ_CP166677.1_cds_WP_054019933.1_363",NA,"ABFT21_RS01830","acetamidase/formamidase family protein","WP_054019933.1"
"lcl_NZ_CP166677.1_cds_WP_054019934.1_364",NA,"ABFT21_RS01835","acetamidase/formamidase family protein","WP_054019934.1"
"lcl_NZ_CP166677.1_cds_WP_054019935.1_365",NA,"ABFT21_RS01840","Bug family tripartite tricarboxylate transporter substrate binding protein","WP_054019935.1"
"lcl_NZ_CP166677.1_cds_WP_054019936.1_366",NA,"ABFT21_RS01845","SDR family oxidoreductase","WP_054019936.1"
"lcl_NZ_CP166677.1_cds_WP_197284623.1_367",NA,"ABFT21_RS01850","c-type cytochrome","WP_197284623.1"
"lcl_NZ_CP166677.1_cds_WP_054019937.1_368",NA,"ABFT21_RS01855","hypothetical protein","WP_054019937.1"
"lcl_NZ_CP166677.1_cds_WP_082368209.1_369",NA,"ABFT21_RS01860","prolyl oligopeptidase family serine peptidase","WP_082368209.1"
"lcl_NZ_CP166677.1_cds_WP_054019938.1_370",NA,"ABFT21_RS01865","SAM-dependent methyltransferase","WP_054019938.1"
"lcl_NZ_CP166677.1_cds_WP_054019939.1_371",NA,"ABFT21_RS01870","inorganic phosphate transporter","WP_054019939.1"
"lcl_NZ_CP166677.1_cds_WP_054019940.1_372",NA,"ABFT21_RS01875","DUF47 domain-containing protein","WP_054019940.1"
"lcl_NZ_CP166677.1_cds_WP_054019941.1_373",NA,"ABFT21_RS01880","LysR family transcriptional regulator","WP_054019941.1"
"lcl_NZ_CP166677.1_cds_WP_054019942.1_374",NA,"ABFT21_RS01885","alpha/beta hydrolase domain-containing protein","WP_054019942.1"
"lcl_NZ_CP166677.1_cds_WP_054019943.1_375",NA,"ABFT21_RS01890","acyclic terpene utilization AtuA family protein","WP_054019943.1"
"lcl_NZ_CP166677.1_cds_WP_054019944.1_376",NA,"ABFT21_RS01895","AtuA-related protein","WP_054019944.1"
"lcl_NZ_CP166677.1_cds_WP_054019945.1_377",NA,"ABFT21_RS01900","Bug family tripartite tricarboxylate transporter substrate binding protein","WP_054019945.1"
"lcl_NZ_CP166677.1_cds_WP_054019946.1_378",NA,"ABFT21_RS01905","tannase/feruloyl esterase family alpha/beta hydrolase","WP_054019946.1"
"lcl_NZ_CP166677.1_cds_WP_054019947.1_379",NA,"ABFT21_RS01910","succinylglutamate desuccinylase/aspartoacylase domain-containing protein","WP_054019947.1"
"lcl_NZ_CP166677.1_cds_WP_054019948.1_380",NA,"ABFT21_RS01915","ABC transporter permease","WP_054019948.1"
"lcl_NZ_CP166677.1_cds_WP_054020091.1_381",NA,"ABFT21_RS01920","ABC transporter permease","WP_054020091.1"
"lcl_NZ_CP166677.1_cds_WP_082368210.1_382",NA,"ABFT21_RS01925","ABC transporter substrate-binding protein","WP_082368210.1"
"lcl_NZ_CP166677.1_cds_WP_054019949.1_383","yfiR","ABFT21_RS01930","regulatory sequestration protein YfiR","WP_054019949.1"
"lcl_NZ_CP166677.1_cds_WP_054019950.1_384","dgcN","ABFT21_RS01935","diguanylate cyclase DgcN/YfiN","WP_054019950.1"
"lcl_NZ_CP166677.1_cds_WP_231638093.1_385","yfiB","ABFT21_RS01940","outer membrane lipoprotein YfiB","WP_231638093.1"
"lcl_NZ_CP166677.1_cds_WP_054019951.1_386","infA","ABFT21_RS01945","translation initiation factor IF-1","WP_054019951.1"
"lcl_NZ_CP166677.1_cds_WP_054019952.1_387","cspE","ABFT21_RS01950","transcription antiterminator/RNA stability regulator CspE","WP_054019952.1"
"lcl_NZ_CP166677.1_cds_WP_054019953.1_388","katG","ABFT21_RS01955","catalase/peroxidase HPI","WP_054019953.1"
"lcl_NZ_CP166677.1_cds_WP_054019954.1_389",NA,"ABFT21_RS01960","tannase/feruloyl esterase family alpha/beta hydrolase","WP_054019954.1"
"lcl_NZ_CP166677.1_cds_WP_054019955.1_390",NA,"ABFT21_RS01965","MarR family winged helix-turn-helix transcriptional regulator","WP_054019955.1"
"lcl_NZ_CP166677.1_cds_WP_054019956.1_391",NA,"ABFT21_RS01970","GNAT family N-acetyltransferase","WP_054019956.1"
"lcl_NZ_CP166677.1_cds_WP_054019957.1_392",NA,"ABFT21_RS01975","prolyl oligopeptidase family serine peptidase","WP_054019957.1"
"lcl_NZ_CP166677.1_cds_WP_054019958.1_393",NA,"ABFT21_RS01980","ECF-type sigma factor","WP_054019958.1"
"lcl_NZ_CP166677.1_cds_WP_054019959.1_394",NA,"ABFT21_RS01985","serine/threonine-protein kinase","WP_054019959.1"
"lcl_NZ_CP166677.1_cds_WP_054019960.1_395",NA,"ABFT21_RS01990","CoA-acylating methylmalonate-semialdehyde dehydrogenase","WP_054019960.1"
"lcl_NZ_CP166677.1_cds_WP_082368213.1_396",NA,"ABFT21_RS01995","LysR family transcriptional regulator","WP_082368213.1"
"lcl_NZ_CP166677.1_cds_WP_480338678.1_397",NA,"ABFT21_RS02000","c-type cytochrome","WP_480338678.1"
"lcl_NZ_CP166677.1_cds_WP_054019961.1_398",NA,"ABFT21_RS02005","RNA methyltransferase","WP_054019961.1"
"lcl_NZ_CP166677.1_cds_WP_054019962.1_399",NA,"ABFT21_RS02010","DMT family transporter","WP_054019962.1"
"lcl_NZ_CP166677.1_cds_WP_054019963.1_400",NA,"ABFT21_RS02015","beta-propeller domain-containing protein","WP_054019963.1"
"lcl_NZ_CP166677.1_cds_WP_054019964.1_401",NA,"ABFT21_RS02020","PaaI family thioesterase","WP_054019964.1"
"lcl_NZ_CP166677.1_cds_WP_231638095.1_402",NA,"ABFT21_RS02025","YecA/YgfB family protein","WP_231638095.1"
"lcl_NZ_CP166677.1_cds_WP_054019965.1_403",NA,"ABFT21_RS02030","methyl-accepting chemotaxis protein","WP_054019965.1"
"lcl_NZ_CP166677.1_cds_WP_054019966.1_404","cybH","ABFT21_RS02035","Ni/Fe-hydrogenase, b-type cytochrome subunit","WP_054019966.1"
"lcl_NZ_CP166677.1_cds_WP_054019967.1_405",NA,"ABFT21_RS02040","Hsp70 family protein","WP_054019967.1"
"lcl_NZ_CP166677.1_cds_WP_054019968.1_406","gshA","ABFT21_RS02045","glutamate--cysteine ligase","WP_054019968.1"
"lcl_NZ_CP166677.1_cds_WP_054019969.1_407",NA,"ABFT21_RS02050","AraC family transcriptional regulator","WP_054019969.1"
"lcl_NZ_CP166677.1_cds_WP_231638096.1_408",NA,"ABFT21_RS02055","B3/B4 domain-containing protein","WP_231638096.1"
"lcl_NZ_CP166677.1_cds_WP_054019971.1_409","amt","ABFT21_RS02060","ammonium transporter","WP_054019971.1"
"lcl_NZ_CP166677.1_cds_WP_054019972.1_410",NA,"ABFT21_RS02065","P-II family nitrogen regulator","WP_054019972.1"
"lcl_NZ_CP166677.1_cds_WP_054019973.1_411",NA,"ABFT21_RS02070","TorF family putative porin","WP_054019973.1"
"lcl_NZ_CP166677.1_cds_WP_054019974.1_412",NA,"ABFT21_RS02075","YifB family Mg chelatase-like AAA ATPase","WP_054019974.1"
"lcl_NZ_CP166677.1_cds_WP_054019975.1_413",NA,"ABFT21_RS02080","VOC family protein","WP_054019975.1"
"lcl_NZ_CP166677.1_cds_WP_054019976.1_414",NA,"ABFT21_RS02085","zinc-dependent alcohol dehydrogenase family protein","WP_054019976.1"
"lcl_NZ_CP166677.1_cds_WP_054019977.1_415",NA,"ABFT21_RS02090","tripartite tricarboxylate transporter substrate binding protein","WP_054019977.1"
"lcl_NZ_CP166677.1_cds_WP_054019978.1_416",NA,"ABFT21_RS02095","fumarylacetoacetate hydrolase family protein","WP_054019978.1"
"lcl_NZ_CP166677.1_cds_WP_054019979.1_417",NA,"ABFT21_RS02100","GntR family transcriptional regulator","WP_054019979.1"
"lcl_NZ_CP166677.1_cds_WP_054019980.1_418",NA,"ABFT21_RS02105","acyl-CoA dehydrogenase","WP_054019980.1"
"lcl_NZ_CP166677.1_cds_WP_082368214.1_419",NA,"ABFT21_RS02110","LysR substrate-binding domain-containing protein","WP_082368214.1"
"lcl_NZ_CP166677.1_cds_ABFT21_RS02115_420",NA,"ABFT21_RS02115","NAD-dependent epimerase/dehydratase family protein",NA
"lcl_NZ_CP166677.1_cds_WP_054019981.1_421",NA,"ABFT21_RS02120","ABC transporter substrate-binding protein","WP_054019981.1"
"lcl_NZ_CP166677.1_cds_WP_054019982.1_422",NA,"ABFT21_RS02125","ATP-binding cassette domain-containing protein","WP_054019982.1"
"lcl_NZ_CP166677.1_cds_WP_054019983.1_423",NA,"ABFT21_RS02130","ABC transporter ATP-binding protein","WP_054019983.1"
"lcl_NZ_CP166677.1_cds_WP_054019984.1_424",NA,"ABFT21_RS02135","ABC transporter permease","WP_054019984.1"
"lcl_NZ_CP166677.1_cds_WP_054019985.1_425",NA,"ABFT21_RS02140","hypothetical protein","WP_054019985.1"
"lcl_NZ_CP166677.1_cds_WP_082368218.1_426",NA,"ABFT21_RS02145","DUF4397 domain-containing protein","WP_082368218.1"
"lcl_NZ_CP166677.1_cds_WP_054019987.1_427",NA,"ABFT21_RS02150","ABC transporter permease","WP_054019987.1"
"lcl_NZ_CP166677.1_cds_WP_054019988.1_428",NA,"ABFT21_RS02155","hypothetical protein","WP_054019988.1"
"lcl_NZ_CP166677.1_cds_WP_054019989.1_429",NA,"ABFT21_RS02160","DUF4384 domain-containing protein","WP_054019989.1"
"lcl_NZ_CP166677.1_cds_WP_054019990.1_430",NA,"ABFT21_RS02165","RNA polymerase sigma factor","WP_054019990.1"
"lcl_NZ_CP166677.1_cds_WP_054019991.1_431",NA,"ABFT21_RS02170","anti-sigma factor","WP_054019991.1"
"lcl_NZ_CP166677.1_cds_WP_054019992.1_432",NA,"ABFT21_RS02175","DUF4124 domain-containing protein","WP_054019992.1"
"lcl_NZ_CP166677.1_cds_WP_231638097.1_433",NA,"ABFT21_RS02180","alpha/beta fold hydrolase","WP_231638097.1"
"lcl_NZ_CP166677.1_cds_WP_054019993.1_434",NA,"ABFT21_RS02185","type II toxin-antitoxin system Phd/YefM family antitoxin","WP_054019993.1"
"lcl_NZ_CP166677.1_cds_WP_082368221.1_435",NA,"ABFT21_RS02190","type II toxin-antitoxin system VapC family toxin","WP_082368221.1"
"lcl_NZ_CP166677.1_cds_WP_054019994.1_436",NA,"ABFT21_RS02195","amino acid aminotransferase","WP_054019994.1"
"lcl_NZ_CP166677.1_cds_WP_054019995.1_437",NA,"ABFT21_RS02200","glutathione peroxidase","WP_054019995.1"
"lcl_NZ_CP166677.1_cds_WP_054019996.1_438","lplT","ABFT21_RS02205","lysophospholipid transporter LplT","WP_054019996.1"
"lcl_NZ_CP166677.1_cds_WP_054019997.1_439","alr","ABFT21_RS02210","alanine racemase","WP_054019997.1"
"lcl_NZ_CP166677.1_cds_WP_054019998.1_440","gstA","ABFT21_RS02215","glutathione transferase GstA","WP_054019998.1"
"lcl_NZ_CP166677.1_cds_WP_054019999.1_441",NA,"ABFT21_RS02220","LysE family transporter","WP_054019999.1"
"lcl_NZ_CP166677.1_cds_WP_054020000.1_442","radA","ABFT21_RS02225","DNA repair protein RadA","WP_054020000.1"
"lcl_NZ_CP166677.1_cds_WP_054020001.1_443",NA,"ABFT21_RS02230","AraC family transcriptional regulator","WP_054020001.1"
"lcl_NZ_CP166677.1_cds_WP_054020002.1_444",NA,"ABFT21_RS02235","hypothetical protein","WP_054020002.1"
"lcl_NZ_CP166677.1_cds_WP_054020003.1_445",NA,"ABFT21_RS02240","Mpo1-like protein","WP_054020003.1"
"lcl_NZ_CP166677.1_cds_WP_480338686.1_446",NA,"ABFT21_RS02245","DUF4188 domain-containing protein","WP_480338686.1"
"lcl_NZ_CP166677.1_cds_WP_157548843.1_447",NA,"ABFT21_RS02250","PilZ domain-containing protein","WP_157548843.1"
"lcl_NZ_CP166677.1_cds_WP_082368223.1_448",NA,"ABFT21_RS02255","peroxiredoxin","WP_082368223.1"
"lcl_NZ_CP166677.1_cds_WP_054020006.1_449",NA,"ABFT21_RS02260","DUF2798 domain-containing protein","WP_054020006.1"
"lcl_NZ_CP166677.1_cds_WP_054020007.1_450",NA,"ABFT21_RS02265","hypothetical protein","WP_054020007.1"
"lcl_NZ_CP166677.1_cds_WP_157548845.1_451",NA,"ABFT21_RS02270","hypothetical protein","WP_157548845.1"
"lcl_NZ_CP166677.1_cds_WP_054020009.1_452",NA,"ABFT21_RS02275","serine/threonine-protein kinase","WP_054020009.1"
"lcl_NZ_CP166677.1_cds_WP_054020010.1_453",NA,"ABFT21_RS02280","ECF-type sigma factor","WP_054020010.1"
"lcl_NZ_CP166677.1_cds_WP_054020011.1_454",NA,"ABFT21_RS02285","methyltransferase family protein","WP_054020011.1"
"lcl_NZ_CP166677.1_cds_WP_054020012.1_455",NA,"ABFT21_RS02290","DUF2834 domain-containing protein","WP_054020012.1"
"lcl_NZ_CP166677.1_cds_WP_054020013.1_456",NA,"ABFT21_RS02295","TetR/AcrR family transcriptional regulator","WP_054020013.1"
"lcl_NZ_CP166677.1_cds_WP_054020014.1_457",NA,"ABFT21_RS02300","fasciclin domain-containing protein","WP_054020014.1"
"lcl_NZ_CP166677.1_cds_WP_054020015.1_458",NA,"ABFT21_RS02305","fasciclin domain-containing protein","WP_054020015.1"
"lcl_NZ_CP166677.1_cds_ABFT21_RS02310_459",NA,"ABFT21_RS02310","DUF1653 domain-containing protein",NA
"lcl_NZ_CP166677.1_cds_WP_054020016.1_460",NA,"ABFT21_RS02315","hypothetical protein","WP_054020016.1"
"lcl_NZ_CP166677.1_cds_WP_054020017.1_461",NA,"ABFT21_RS02320","GNAT family N-acetyltransferase","WP_054020017.1"
"lcl_NZ_CP166677.1_cds_WP_054020018.1_462",NA,"ABFT21_RS02325","GNAT family N-acetyltransferase","WP_054020018.1"
"lcl_NZ_CP166677.1_cds_WP_231638098.1_463","cutA","ABFT21_RS02330","divalent cation tolerance protein CutA","WP_231638098.1"
"lcl_NZ_CP166677.1_cds_WP_082368225.1_464",NA,"ABFT21_RS02335","YciI family protein","WP_082368225.1"
"lcl_NZ_CP166677.1_cds_WP_054020019.1_465",NA,"ABFT21_RS02340","hypothetical protein","WP_054020019.1"
"lcl_NZ_CP166677.1_cds_WP_054020020.1_466",NA,"ABFT21_RS02345","YkvA family protein","WP_054020020.1"
"lcl_NZ_CP166677.1_cds_WP_197284624.1_467",NA,"ABFT21_RS02350","choice-of-anchor I family protein","WP_197284624.1"
"lcl_NZ_CP166677.1_cds_WP_197284625.1_468",NA,"ABFT21_RS02355","hypothetical protein","WP_197284625.1"
"lcl_NZ_CP166677.1_cds_WP_054020021.1_469",NA,"ABFT21_RS02360","branched-chain amino acid transaminase","WP_054020021.1"
"lcl_NZ_CP166677.1_cds_WP_054020022.1_470",NA,"ABFT21_RS02365","zinc-finger domain-containing protein","WP_054020022.1"
"lcl_NZ_CP166677.1_cds_WP_082368241.1_471","waaF","ABFT21_RS02370","lipopolysaccharide heptosyltransferase II","WP_082368241.1"
"lcl_NZ_CP166677.1_cds_WP_054020023.1_472",NA,"ABFT21_RS02375","sensor histidine kinase","WP_054020023.1"
"lcl_NZ_CP166677.1_cds_WP_054020024.1_473",NA,"ABFT21_RS02380","anti-sigma factor","WP_054020024.1"
"lcl_NZ_CP166677.1_cds_WP_054020025.1_474",NA,"ABFT21_RS02385","sigma-70 family RNA polymerase sigma factor","WP_054020025.1"
"lcl_NZ_CP166677.1_cds_WP_054020026.1_475","purU","ABFT21_RS02390","formyltetrahydrofolate deformylase","WP_054020026.1"
"lcl_NZ_CP166677.1_cds_WP_054020027.1_476",NA,"ABFT21_RS02395","YybH family protein","WP_054020027.1"
"lcl_NZ_CP166677.1_cds_WP_157548849.1_477",NA,"ABFT21_RS02400","YheT family hydrolase","WP_157548849.1"
"lcl_NZ_CP166677.1_cds_WP_054020029.1_478",NA,"ABFT21_RS02405","DUF2946 family protein","WP_054020029.1"
"lcl_NZ_CP166677.1_cds_WP_054020030.1_479",NA,"ABFT21_RS02410","DUF3455 domain-containing protein","WP_054020030.1"
"lcl_NZ_CP166677.1_cds_WP_054020031.1_480",NA,"ABFT21_RS02415","c-type cytochrome","WP_054020031.1"
"lcl_NZ_CP166677.1_cds_WP_054020032.1_481",NA,"ABFT21_RS02425","hypothetical protein","WP_054020032.1"
"lcl_NZ_CP166677.1_cds_WP_054020033.1_482",NA,"ABFT21_RS02430","sulfite exporter TauE/SafE family protein","WP_054020033.1"
"lcl_NZ_CP166677.1_cds_WP_054020034.1_483",NA,"ABFT21_RS02435","LysR family transcriptional regulator","WP_054020034.1"
"lcl_NZ_CP166677.1_cds_WP_054020035.1_484",NA,"ABFT21_RS02440","TonB-dependent receptor plug domain-containing protein","WP_054020035.1"
"lcl_NZ_CP166677.1_cds_WP_054020036.1_485",NA,"ABFT21_RS02445","LysR family transcriptional regulator","WP_054020036.1"
"lcl_NZ_CP166677.1_cds_WP_054020037.1_486","styA","ABFT21_RS02450","styrene monooxygenase subunit StyA","WP_054020037.1"
"lcl_NZ_CP166677.1_cds_WP_054020038.1_487",NA,"ABFT21_RS02455","EthD family reductase","WP_054020038.1"
"lcl_NZ_CP166677.1_cds_WP_082368228.1_488","styB","ABFT21_RS02460","styrene monooxygenase NADH-dependent flavin reductase subunit StyB","WP_082368228.1"
"lcl_NZ_CP166677.1_cds_WP_082368242.1_489",NA,"ABFT21_RS02465","putative bifunctional diguanylate cyclase/phosphodiesterase","WP_082368242.1"
"lcl_NZ_CP166677.1_cds_WP_054020040.1_490",NA,"ABFT21_RS02470","response regulator","WP_054020040.1"
"lcl_NZ_CP166677.1_cds_WP_054020041.1_491",NA,"ABFT21_RS02475","helix-turn-helix transcriptional regulator","WP_054020041.1"
"lcl_NZ_CP166677.1_cds_WP_054020101.1_492",NA,"ABFT21_RS02480","cyclic di-GMP phosphodiesterase","WP_054020101.1"
"lcl_NZ_CP166677.1_cds_WP_231638100.1_493",NA,"ABFT21_RS02485","methyl-accepting chemotaxis protein","WP_231638100.1"
"lcl_NZ_CP166677.1_cds_WP_157548851.1_494",NA,"ABFT21_RS02490","RNA 3'-terminal phosphate cyclase","WP_157548851.1"
"lcl_NZ_CP166677.1_cds_WP_054020043.1_495",NA,"ABFT21_RS02495","TerC family protein","WP_054020043.1"
"lcl_NZ_CP166677.1_cds_WP_054020044.1_496",NA,"ABFT21_RS02500","septal ring lytic transglycosylase RlpA family protein","WP_054020044.1"
"lcl_NZ_CP166677.1_cds_WP_054020045.1_497",NA,"ABFT21_RS02505","SDR family oxidoreductase","WP_054020045.1"
"lcl_NZ_CP166677.1_cds_WP_054020046.1_498",NA,"ABFT21_RS02510","ABC transporter substrate-binding protein","WP_054020046.1"
"lcl_NZ_CP166677.1_cds_WP_054020047.1_499",NA,"ABFT21_RS02515","hypothetical protein","WP_054020047.1"
"lcl_NZ_CP166677.1_cds_WP_054020048.1_500",NA,"ABFT21_RS02520","ABC transporter ATP-binding protein","WP_054020048.1"
"lcl_NZ_CP166677.1_cds_WP_054020049.1_501",NA,"ABFT21_RS02525","ABC transporter permease","WP_054020049.1"
"lcl_NZ_CP166677.1_cds_WP_197284626.1_502",NA,"ABFT21_RS02530","GGDEF domain-containing protein","WP_197284626.1"
"lcl_NZ_CP166677.1_cds_WP_054020051.1_503",NA,"ABFT21_RS02535","PhoX family protein","WP_054020051.1"
"lcl_NZ_CP166677.1_cds_WP_082368229.1_504",NA,"ABFT21_RS02540","type II asparaginase","WP_082368229.1"
"lcl_NZ_CP166677.1_cds_WP_054020053.1_505",NA,"ABFT21_RS02545","potassium transporter Kup","WP_054020053.1"
"lcl_NZ_CP166677.1_cds_WP_054020054.1_506",NA,"ABFT21_RS02550","hypothetical protein","WP_054020054.1"
"lcl_NZ_CP166677.1_cds_WP_054020055.1_507",NA,"ABFT21_RS02555","phage holin family protein","WP_054020055.1"
"lcl_NZ_CP166677.1_cds_WP_054020056.1_508",NA,"ABFT21_RS02560","ElaB/YgaM/YqjD family protein","WP_054020056.1"
"lcl_NZ_CP166677.1_cds_WP_054020057.1_509",NA,"ABFT21_RS02565","F0F1 ATP synthase subunit epsilon","WP_054020057.1"
"lcl_NZ_CP166677.1_cds_WP_054020058.1_510","atpD","ABFT21_RS02570","F0F1 ATP synthase subunit beta","WP_054020058.1"
"lcl_NZ_CP166677.1_cds_WP_054020059.1_511","atpG","ABFT21_RS02575","F0F1 ATP synthase subunit gamma","WP_054020059.1"
"lcl_NZ_CP166677.1_cds_WP_054020060.1_512","atpA","ABFT21_RS02580","F0F1 ATP synthase subunit alpha","WP_054020060.1"
"lcl_NZ_CP166677.1_cds_WP_054020061.1_513",NA,"ABFT21_RS02585","F0F1 ATP synthase subunit delta","WP_054020061.1"
"lcl_NZ_CP166677.1_cds_WP_054020062.1_514",NA,"ABFT21_RS02590","F0F1 ATP synthase subunit B","WP_054020062.1"
"lcl_NZ_CP166677.1_cds_WP_047501588.1_515","atpE","ABFT21_RS02595","F0F1 ATP synthase subunit C","WP_047501588.1"
"lcl_NZ_CP166677.1_cds_WP_054020063.1_516","atpB","ABFT21_RS02600","F0F1 ATP synthase subunit A","WP_054020063.1"
"lcl_NZ_CP166677.1_cds_WP_231638101.1_517",NA,"ABFT21_RS02605","ATP synthase subunit I","WP_231638101.1"
"lcl_NZ_CP166677.1_cds_WP_082368231.1_518",NA,"ABFT21_RS02610","SMP-30/gluconolactonase/LRE family protein","WP_082368231.1"
"lcl_NZ_CP166677.1_cds_WP_054020064.1_519",NA,"ABFT21_RS02615","GNAT family N-acetyltransferase","WP_054020064.1"
"lcl_NZ_CP166677.1_cds_WP_054020065.1_520",NA,"ABFT21_RS02620","SLBB domain-containing protein","WP_054020065.1"
"lcl_NZ_CP166677.1_cds_WP_054020066.1_521",NA,"ABFT21_RS02625","Wzz/FepE/Etk N-terminal domain-containing protein","WP_054020066.1"
"lcl_NZ_CP166677.1_cds_WP_054020067.1_522",NA,"ABFT21_RS02630","PhzF family phenazine biosynthesis protein","WP_054020067.1"
"lcl_NZ_CP166677.1_cds_WP_054020068.1_523",NA,"ABFT21_RS02635","aminotransferase-like domain-containing protein","WP_054020068.1"
"lcl_NZ_CP166677.1_cds_WP_054020069.1_524",NA,"ABFT21_RS02640","DMT family transporter","WP_054020069.1"
"lcl_NZ_CP166677.1_cds_WP_054020070.1_525",NA,"ABFT21_RS02645","aminotransferase-like domain-containing protein","WP_054020070.1"
"lcl_NZ_CP166677.1_cds_WP_054020071.1_526","infA","ABFT21_RS02650","translation initiation factor IF-1","WP_054020071.1"
"lcl_NZ_CP166677.1_cds_WP_054020072.1_527",NA,"ABFT21_RS02655","ATP-binding cassette domain-containing protein","WP_054020072.1"
"lcl_NZ_CP166677.1_cds_WP_054020073.1_528","gshB","ABFT21_RS02660","glutathione synthase","WP_054020073.1"
"lcl_NZ_CP166677.1_cds_WP_054020074.1_529",NA,"ABFT21_RS02665","benzoate/H(+) symporter BenE family transporter","WP_054020074.1"
"lcl_NZ_CP166677.1_cds_WP_054020075.1_530",NA,"ABFT21_RS02670","DUF1415 domain-containing protein","WP_054020075.1"
"lcl_NZ_CP166677.1_cds_WP_054020076.1_531",NA,"ABFT21_RS02675","extracellular catalytic domain type 1 short-chain-length polyhydroxyalkanoate depolymerase","WP_054020076.1"
"lcl_NZ_CP166677.1_cds_WP_054020077.1_532",NA,"ABFT21_RS02680","UPF0149 family protein","WP_054020077.1"
"lcl_NZ_CP166677.1_cds_WP_082368233.1_533",NA,"ABFT21_RS02685","IclR family transcriptional regulator","WP_082368233.1"
"lcl_NZ_CP166677.1_cds_WP_054020078.1_534",NA,"ABFT21_RS02690","ABC transporter ATP-binding protein","WP_054020078.1"
"lcl_NZ_CP166677.1_cds_WP_054020079.1_535",NA,"ABFT21_RS02695","ABC transporter ATP-binding protein","WP_054020079.1"
"lcl_NZ_CP166677.1_cds_WP_054020080.1_536",NA,"ABFT21_RS02700","ABC transporter substrate-binding protein","WP_054020080.1"
"lcl_NZ_CP166677.1_cds_WP_054020081.1_537",NA,"ABFT21_RS02705","branched-chain amino acid ABC transporter permease","WP_054020081.1"
"lcl_NZ_CP166677.1_cds_WP_439951438.1_538",NA,"ABFT21_RS02710","branched-chain amino acid ABC transporter permease","WP_439951438.1"
"lcl_NZ_CP166677.1_cds_WP_054020082.1_539",NA,"ABFT21_RS02715","methyl-accepting chemotaxis protein","WP_054020082.1"
"lcl_NZ_CP166677.1_cds_WP_054020083.1_540",NA,"ABFT21_RS02720","response regulator","WP_054020083.1"
"lcl_NZ_CP166677.1_cds_WP_054020084.1_541",NA,"ABFT21_RS02725","STAS domain-containing protein","WP_054020084.1"
"lcl_NZ_CP166677.1_cds_WP_054020085.1_542",NA,"ABFT21_RS02730","chemotaxis protein CheA","WP_054020085.1"
"lcl_NZ_CP166677.1_cds_WP_082368235.1_543",NA,"ABFT21_RS02735","methyl-accepting chemotaxis protein","WP_082368235.1"
"lcl_NZ_CP166677.1_cds_WP_054020086.1_544",NA,"ABFT21_RS02740","chemotaxis protein CheW","WP_054020086.1"
"lcl_NZ_CP166677.1_cds_WP_054020241.1_545",NA,"ABFT21_RS02745","CheR family methyltransferase","WP_054020241.1"
"lcl_NZ_CP166677.1_cds_WP_054020242.1_546",NA,"ABFT21_RS02750","chemotaxis protein CheD","WP_054020242.1"
"lcl_NZ_CP166677.1_cds_WP_082368267.1_547",NA,"ABFT21_RS02755","protein-glutamate methylesterase/protein-glutamine glutaminase","WP_082368267.1"
"lcl_NZ_CP166677.1_cds_WP_054020243.1_548",NA,"ABFT21_RS02760","HipA domain-containing protein","WP_054020243.1"
"lcl_NZ_CP166677.1_cds_WP_054020244.1_549",NA,"ABFT21_RS02765","indolepyruvate ferredoxin oxidoreductase family protein","WP_054020244.1"
"lcl_NZ_CP166677.1_cds_WP_054020245.1_550",NA,"ABFT21_RS02770","hypothetical protein","WP_054020245.1"
"lcl_NZ_CP166677.1_cds_WP_054020246.1_551",NA,"ABFT21_RS02775","hypothetical protein","WP_054020246.1"
"lcl_NZ_CP166677.1_cds_WP_197284632.1_552",NA,"ABFT21_RS02780","hypothetical protein","WP_197284632.1"
"lcl_NZ_CP166677.1_cds_WP_054020297.1_553",NA,"ABFT21_RS02785","Lrp/AsnC family transcriptional regulator","WP_054020297.1"
"lcl_NZ_CP166677.1_cds_WP_054020248.1_554",NA,"ABFT21_RS02790","TonB-dependent receptor","WP_054020248.1"
"lcl_NZ_CP166677.1_cds_WP_054020249.1_555",NA,"ABFT21_RS02795","tetratricopeptide repeat protein","WP_054020249.1"
"lcl_NZ_CP166677.1_cds_WP_054020250.1_556","ku","ABFT21_RS02800","non-homologous end joining protein Ku","WP_054020250.1"
"lcl_NZ_CP166677.1_cds_WP_082368269.1_557","ligD","ABFT21_RS02805","DNA ligase D","WP_082368269.1"
"lcl_NZ_CP166677.1_cds_WP_054020299.1_558",NA,"ABFT21_RS02810","VOC family protein","WP_054020299.1"
"lcl_NZ_CP166677.1_cds_WP_082368270.1_559",NA,"ABFT21_RS02815","cytidine deaminase","WP_082368270.1"
"lcl_NZ_CP166677.1_cds_WP_054020251.1_560",NA,"ABFT21_RS02820","thymidine phosphorylase","WP_054020251.1"
"lcl_NZ_CP166677.1_cds_WP_054020301.1_561","deoC","ABFT21_RS02825","deoxyribose-phosphate aldolase","WP_054020301.1"
"lcl_NZ_CP166677.1_cds_WP_054020252.1_562",NA,"ABFT21_RS02830","bifunctional metallophosphatase/5'-nucleotidase","WP_054020252.1"
"lcl_NZ_CP166677.1_cds_WP_054020253.1_563",NA,"ABFT21_RS02835","sensor histidine kinase","WP_054020253.1"
"lcl_NZ_CP166677.1_cds_WP_054020254.1_564",NA,"ABFT21_RS02840","response regulator","WP_054020254.1"
"lcl_NZ_CP166677.1_cds_WP_054020255.1_565",NA,"ABFT21_RS02845","hypothetical protein","WP_054020255.1"
"lcl_NZ_CP166677.1_cds_WP_054020256.1_566",NA,"ABFT21_RS02850","Bug family tripartite tricarboxylate transporter substrate binding protein","WP_054020256.1"
"lcl_NZ_CP166677.1_cds_WP_439951440.1_567",NA,"ABFT21_RS02855","formylglycine-generating enzyme family protein","WP_439951440.1"
"lcl_NZ_CP166677.1_cds_WP_054020257.1_568",NA,"ABFT21_RS02860","CmpA/NrtA family ABC transporter substrate-binding protein","WP_054020257.1"
"lcl_NZ_CP166677.1_cds_WP_054020258.1_569","ntrB","ABFT21_RS02865","nitrate ABC transporter permease","WP_054020258.1"
"lcl_NZ_CP166677.1_cds_WP_054020259.1_570",NA,"ABFT21_RS02870","ABC transporter ATP-binding protein","WP_054020259.1"
"lcl_NZ_CP166677.1_cds_WP_054020260.1_571","cynS","ABFT21_RS02875","cyanase","WP_054020260.1"
"lcl_NZ_CP166677.1_cds_WP_054020261.1_572",NA,"ABFT21_RS02880","nuclear transport factor 2 family protein","WP_054020261.1"
"lcl_NZ_CP166677.1_cds_WP_054020262.1_573",NA,"ABFT21_RS02885","Mpo1 family 2-hydroxy fatty acid dioxygenase","WP_054020262.1"
"lcl_NZ_CP166677.1_cds_WP_054020303.1_574",NA,"ABFT21_RS02890","2-dehydropantoate 2-reductase","WP_054020303.1"
"lcl_NZ_CP166677.1_cds_WP_054020304.1_575",NA,"ABFT21_RS02895","SDR family oxidoreductase","WP_054020304.1"
"lcl_NZ_CP166677.1_cds_WP_157548889.1_576",NA,"ABFT21_RS02900","hypothetical protein","WP_157548889.1"
"lcl_NZ_CP166677.1_cds_WP_054020264.1_577",NA,"ABFT21_RS02905","aminotransferase-like domain-containing protein","WP_054020264.1"
"lcl_NZ_CP166677.1_cds_WP_054020265.1_578",NA,"ABFT21_RS02910","MSMEG_0572/Sll0783 family nitrogen starvation response protein","WP_054020265.1"
"lcl_NZ_CP166677.1_cds_WP_082368272.1_579",NA,"ABFT21_RS02915","Nit6803 family nitrilase","WP_082368272.1"
"lcl_NZ_CP166677.1_cds_WP_054020305.1_580",NA,"ABFT21_RS02920","MSMEG_0568 family radical SAM protein","WP_054020305.1"
"lcl_NZ_CP166677.1_cds_WP_054020266.1_581",NA,"ABFT21_RS02925","MSMEG_0567/Sll0786 family nitrogen starvation N-acetyltransferase","WP_054020266.1"
"lcl_NZ_CP166677.1_cds_WP_054020306.1_582",NA,"ABFT21_RS02930","sll0787 family AIR synthase-like protein","WP_054020306.1"
"lcl_NZ_CP166677.1_cds_WP_480338711.1_583",NA,"ABFT21_RS02935","MSMEG_0565 family glycosyltransferase","WP_480338711.1"
"lcl_NZ_CP166677.1_cds_WP_054020268.1_584",NA,"ABFT21_RS02940","MSMEG_0570 family nitrogen starvation response protein","WP_054020268.1"
"lcl_NZ_CP166677.1_cds_WP_054020269.1_585",NA,"ABFT21_RS02945","MSMEG_0569 family flavin-dependent oxidoreductase","WP_054020269.1"
"lcl_NZ_CP166677.1_cds_WP_054020270.1_586",NA,"ABFT21_RS02950","globin domain-containing protein","WP_054020270.1"
"lcl_NZ_CP166677.1_cds_WP_231638117.1_587","mltA","ABFT21_RS02955","murein transglycosylase A","WP_231638117.1"
"lcl_NZ_CP166677.1_cds_WP_197284633.1_588",NA,"ABFT21_RS02960","hypothetical protein","WP_197284633.1"
"lcl_NZ_CP166677.1_cds_WP_054020272.1_589",NA,"ABFT21_RS02965","site-specific recombinase","WP_054020272.1"
"lcl_NZ_CP166677.1_cds_WP_054020273.1_590","apaG","ABFT21_RS02970","Co2+/Mg2+ efflux protein ApaG","WP_054020273.1"
"lcl_NZ_CP166677.1_cds_WP_054020274.1_591","rpe","ABFT21_RS02975","ribulose-phosphate 3-epimerase","WP_054020274.1"
"lcl_NZ_CP166677.1_cds_WP_054020275.1_592","gph","ABFT21_RS02980","phosphoglycolate phosphatase","WP_054020275.1"
"lcl_NZ_CP166677.1_cds_WP_054020276.1_593","trpE","ABFT21_RS02985","anthranilate synthase component I","WP_054020276.1"
"lcl_NZ_CP166677.1_cds_WP_054020307.1_594",NA,"ABFT21_RS02990","aldehyde dehydrogenase","WP_054020307.1"
"lcl_NZ_CP166677.1_cds_ABFT21_RS02995_595",NA,"ABFT21_RS02995","ABC transporter ATP-binding protein",NA
"lcl_NZ_CP166677.1_cds_WP_054020308.1_596",NA,"ABFT21_RS03000","ABC transporter ATP-binding protein","WP_054020308.1"
"lcl_NZ_CP166677.1_cds_WP_054020277.1_597",NA,"ABFT21_RS03005","branched-chain amino acid ABC transporter permease","WP_054020277.1"
"lcl_NZ_CP166677.1_cds_WP_054020278.1_598",NA,"ABFT21_RS03010","branched-chain amino acid ABC transporter permease","WP_054020278.1"
"lcl_NZ_CP166677.1_cds_WP_082368274.1_599",NA,"ABFT21_RS03015","amino acid ABC transporter substrate-binding protein","WP_082368274.1"
"lcl_NZ_CP166677.1_cds_WP_054020279.1_600",NA,"ABFT21_RS03020","AraC-like ligand-binding domain-containing protein","WP_054020279.1"
"lcl_NZ_CP166677.1_cds_WP_054020280.1_601",NA,"ABFT21_RS03025","choice-of-anchor X domain-containing protein","WP_054020280.1"
"lcl_NZ_CP166677.1_cds_WP_054020281.1_602",NA,"ABFT21_RS03030","LysR family transcriptional regulator","WP_054020281.1"
"lcl_NZ_CP166677.1_cds_WP_231638120.1_603",NA,"ABFT21_RS03035","alpha-hydroxy acid oxidase","WP_231638120.1"
"lcl_NZ_CP166677.1_cds_WP_480338716.1_604",NA,"ABFT21_RS03040","hypothetical protein","WP_480338716.1"
"lcl_NZ_CP166677.1_cds_WP_054020283.1_605",NA,"ABFT21_RS03045","ORC-CDC6 family AAA ATPase","WP_054020283.1"
"lcl_NZ_CP166677.1_cds_WP_054020284.1_606",NA,"ABFT21_RS03050","tyrosine-type recombinase/integrase","WP_054020284.1"
"lcl_NZ_CP166677.1_cds_WP_082368275.1_607",NA,"ABFT21_RS03055","phage integrase N-terminal domain-containing protein","WP_082368275.1"
"lcl_NZ_CP166677.1_cds_WP_054020285.1_608",NA,"ABFT21_RS03060","hypothetical protein","WP_054020285.1"
"lcl_NZ_CP166677.1_cds_WP_054020286.1_609",NA,"ABFT21_RS03065","class I SAM-dependent DNA methyltransferase","WP_054020286.1"
"lcl_NZ_CP166677.1_cds_WP_197284635.1_610",NA,"ABFT21_RS03070","restriction endonuclease subunit S","WP_197284635.1"
"lcl_NZ_CP166677.1_cds_WP_054020288.1_611",NA,"ABFT21_RS03075","RNA-binding domain-containing protein","WP_054020288.1"
"lcl_NZ_CP166677.1_cds_WP_054020289.1_612",NA,"ABFT21_RS03080","type I restriction endonuclease subunit R","WP_054020289.1"
"lcl_NZ_CP166677.1_cds_WP_054020290.1_613",NA,"ABFT21_RS03085","hypothetical protein","WP_054020290.1"
"lcl_NZ_CP166677.1_cds_WP_157548893.1_614",NA,"ABFT21_RS03090","hypothetical protein","WP_157548893.1"
"lcl_NZ_CP166677.1_cds_WP_054020292.1_615",NA,"ABFT21_RS03095","aminodeoxychorismate/anthranilate synthase component II","WP_054020292.1"
"lcl_NZ_CP166677.1_cds_WP_054020293.1_616",NA,"ABFT21_RS03100","GntG family PLP-dependent aldolase","WP_054020293.1"
"lcl_NZ_CP166677.1_cds_WP_054020294.1_617","trpD","ABFT21_RS03105","anthranilate phosphoribosyltransferase","WP_054020294.1"
"lcl_NZ_CP166677.1_cds_WP_054020295.1_618","trpC","ABFT21_RS03110","indole-3-glycerol phosphate synthase TrpC","WP_054020295.1"
"lcl_NZ_CP166677.1_cds_WP_054020312.1_619",NA,"ABFT21_RS03115","uracil-DNA glycosylase","WP_054020312.1"
"lcl_NZ_CP166677.1_cds_WP_463938048.1_620","tuf","ABFT21_RS03135","elongation factor Tu","WP_463938048.1"
"lcl_NZ_CP166677.1_cds_WP_054022184.1_621","secE","ABFT21_RS03145","preprotein translocase subunit SecE","WP_054022184.1"
"lcl_NZ_CP166677.1_cds_WP_054022185.1_622","nusG","ABFT21_RS03150","transcription termination/antitermination protein NusG","WP_054022185.1"
"lcl_NZ_CP166677.1_cds_WP_054022186.1_623","rplK","ABFT21_RS03155","50S ribosomal protein L11","WP_054022186.1"
"lcl_NZ_CP166677.1_cds_WP_054022187.1_624","rplA","ABFT21_RS03160","50S ribosomal protein L1","WP_054022187.1"
"lcl_NZ_CP166677.1_cds_WP_054022188.1_625","rplJ","ABFT21_RS03165","50S ribosomal protein L10","WP_054022188.1"
"lcl_NZ_CP166677.1_cds_WP_054022189.1_626","rplL","ABFT21_RS03170","50S ribosomal protein L7/L12","WP_054022189.1"
"lcl_NZ_CP166677.1_cds_WP_054022190.1_627","rpoB","ABFT21_RS03175","DNA-directed RNA polymerase subunit beta","WP_054022190.1"
"lcl_NZ_CP166677.1_cds_WP_054022191.1_628","rpoC","ABFT21_RS03180","DNA-directed RNA polymerase subunit beta'","WP_054022191.1"
"lcl_NZ_CP166677.1_cds_WP_054022192.1_629",NA,"ABFT21_RS03185","PIN domain-containing protein","WP_054022192.1"
"lcl_NZ_CP166677.1_cds_WP_054022193.1_630","rpsL","ABFT21_RS03190","30S ribosomal protein S12","WP_054022193.1"
"lcl_NZ_CP166677.1_cds_WP_054022194.1_631","rpsG","ABFT21_RS03195","30S ribosomal protein S7","WP_054022194.1"
"lcl_NZ_CP166677.1_cds_WP_054022195.1_632","fusA","ABFT21_RS03200","elongation factor G","WP_054022195.1"
"lcl_NZ_CP166677.1_cds_WP_463938049.1_633","tuf","ABFT21_RS03205","elongation factor Tu","WP_463938049.1"
"lcl_NZ_CP166677.1_cds_WP_019561663.1_634","rpsJ","ABFT21_RS03210","30S ribosomal protein S10","WP_019561663.1"
"lcl_NZ_CP166677.1_cds_WP_054020368.1_635","rplC","ABFT21_RS03215","50S ribosomal protein L3","WP_054020368.1"
"lcl_NZ_CP166677.1_cds_WP_054020369.1_636","rplD","ABFT21_RS03220","50S ribosomal protein L4","WP_054020369.1"
"lcl_NZ_CP166677.1_cds_WP_054020370.1_637","rplW","ABFT21_RS03225","50S ribosomal protein L23","WP_054020370.1"
"lcl_NZ_CP166677.1_cds_WP_054020371.1_638","rplB","ABFT21_RS03230","50S ribosomal protein L2","WP_054020371.1"
"lcl_NZ_CP166677.1_cds_WP_054020372.1_639","rpsS","ABFT21_RS03235","30S ribosomal protein S19","WP_054020372.1"
"lcl_NZ_CP166677.1_cds_WP_054020373.1_640","rplV","ABFT21_RS03240","50S ribosomal protein L22","WP_054020373.1"
"lcl_NZ_CP166677.1_cds_WP_054020374.1_641","rpsC","ABFT21_RS03245","30S ribosomal protein S3","WP_054020374.1"
"lcl_NZ_CP166677.1_cds_WP_054020375.1_642","rplP","ABFT21_RS03250","50S ribosomal protein L16","WP_054020375.1"
"lcl_NZ_CP166677.1_cds_WP_054020376.1_643","rpmC","ABFT21_RS03255","50S ribosomal protein L29","WP_054020376.1"
"lcl_NZ_CP166677.1_cds_WP_054020377.1_644","rpsQ","ABFT21_RS03260","30S ribosomal protein S17","WP_054020377.1"
"lcl_NZ_CP166677.1_cds_WP_054020378.1_645",NA,"ABFT21_RS03265","peroxiredoxin","WP_054020378.1"
"lcl_NZ_CP166677.1_cds_WP_011831006.1_646","rplN","ABFT21_RS03270","50S ribosomal protein L14","WP_011831006.1"
"lcl_NZ_CP166677.1_cds_WP_054020379.1_647","rplX","ABFT21_RS03275","50S ribosomal protein L24","WP_054020379.1"
"lcl_NZ_CP166677.1_cds_WP_054020380.1_648","rplE","ABFT21_RS03280","50S ribosomal protein L5","WP_054020380.1"
"lcl_NZ_CP166677.1_cds_WP_054020381.1_649","rpsN","ABFT21_RS03285","30S ribosomal protein S14","WP_054020381.1"
"lcl_NZ_CP166677.1_cds_WP_054020382.1_650","rpsH","ABFT21_RS03290","30S ribosomal protein S8","WP_054020382.1"
"lcl_NZ_CP166677.1_cds_WP_054020383.1_651","rplF","ABFT21_RS03295","50S ribosomal protein L6","WP_054020383.1"
"lcl_NZ_CP166677.1_cds_WP_054020384.1_652","rplR","ABFT21_RS03300","50S ribosomal protein L18","WP_054020384.1"
"lcl_NZ_CP166677.1_cds_WP_054020385.1_653","rpsE","ABFT21_RS03305","30S ribosomal protein S5","WP_054020385.1"
"lcl_NZ_CP166677.1_cds_WP_054020386.1_654","rpmD","ABFT21_RS03310","50S ribosomal protein L30","WP_054020386.1"
"lcl_NZ_CP166677.1_cds_WP_054020387.1_655","rplO","ABFT21_RS03315","50S ribosomal protein L15","WP_054020387.1"
"lcl_NZ_CP166677.1_cds_WP_054020388.1_656","secY","ABFT21_RS03320","preprotein translocase subunit SecY","WP_054020388.1"
"lcl_NZ_CP166677.1_cds_WP_009548427.1_657","rpmJ","ABFT21_RS03325","50S ribosomal protein L36","WP_009548427.1"
"lcl_NZ_CP166677.1_cds_WP_054020389.1_658","rpsM","ABFT21_RS03330","30S ribosomal protein S13","WP_054020389.1"
"lcl_NZ_CP166677.1_cds_WP_054020390.1_659","rpsK","ABFT21_RS03335","30S ribosomal protein S11","WP_054020390.1"
"lcl_NZ_CP166677.1_cds_WP_054020391.1_660","rpsD","ABFT21_RS03340","30S ribosomal protein S4","WP_054020391.1"
"lcl_NZ_CP166677.1_cds_WP_054020392.1_661",NA,"ABFT21_RS03345","DNA-directed RNA polymerase subunit alpha","WP_054020392.1"
"lcl_NZ_CP166677.1_cds_WP_054020393.1_662","rplQ","ABFT21_RS03350","50S ribosomal protein L17","WP_054020393.1"
"lcl_NZ_CP166677.1_cds_WP_197284643.1_663",NA,"ABFT21_RS03360","hypothetical protein","WP_197284643.1"
"lcl_NZ_CP166677.1_cds_WP_157548903.1_664",NA,"ABFT21_RS03365","hypothetical protein","WP_157548903.1"
"lcl_NZ_CP166677.1_cds_WP_197284644.1_665",NA,"ABFT21_RS03370","PIN domain-containing protein","WP_197284644.1"
"lcl_NZ_CP166677.1_cds_WP_054020396.1_666",NA,"ABFT21_RS03375","helix-turn-helix domain-containing protein","WP_054020396.1"
"lcl_NZ_CP166677.1_cds_WP_157548905.1_667",NA,"ABFT21_RS03380","hypothetical protein","WP_157548905.1"
"lcl_NZ_CP166677.1_cds_WP_054020398.1_668",NA,"ABFT21_RS03385","hypothetical protein","WP_054020398.1"
"lcl_NZ_CP166677.1_cds_WP_439951442.1_669",NA,"ABFT21_RS03390","HipA domain-containing protein","WP_439951442.1"
"lcl_NZ_CP166677.1_cds_WP_054020399.1_670",NA,"ABFT21_RS03395","hypothetical protein","WP_054020399.1"
"lcl_NZ_CP166677.1_cds_WP_054020400.1_671",NA,"ABFT21_RS03400","1-acyl-sn-glycerol-3-phosphate acyltransferase","WP_054020400.1"
"lcl_NZ_CP166677.1_cds_WP_054020401.1_672",NA,"ABFT21_RS03405","NAD(P)-binding protein","WP_054020401.1"
"lcl_NZ_CP166677.1_cds_WP_054020402.1_673",NA,"ABFT21_RS03410","VOC family protein","WP_054020402.1"
"lcl_NZ_CP166677.1_cds_WP_054020403.1_674",NA,"ABFT21_RS03415","glycosyltransferase family 4 protein","WP_054020403.1"
"lcl_NZ_CP166677.1_cds_WP_054020404.1_675",NA,"ABFT21_RS03420","hypothetical protein","WP_054020404.1"
"lcl_NZ_CP166677.1_cds_WP_054020405.1_676",NA,"ABFT21_RS03425","aminotransferase class III-fold pyridoxal phosphate-dependent enzyme","WP_054020405.1"
"lcl_NZ_CP166677.1_cds_WP_082368285.1_677","asd","ABFT21_RS03430","archaetidylserine decarboxylase","WP_082368285.1"
"lcl_NZ_CP166677.1_cds_WP_054020406.1_678",NA,"ABFT21_RS03435","glycosyltransferase family protein","WP_054020406.1"
"lcl_NZ_CP166677.1_cds_WP_082368286.1_679",NA,"ABFT21_RS03440","UDP-2,3-diacylglucosamine diphosphatase","WP_082368286.1"
"lcl_NZ_CP166677.1_cds_WP_054020407.1_680",NA,"ABFT21_RS03445","xanthine dehydrogenase family protein molybdopterin-binding subunit","WP_054020407.1"
"lcl_NZ_CP166677.1_cds_WP_054020408.1_681",NA,"ABFT21_RS03450","(2Fe-2S)-binding protein","WP_054020408.1"
"lcl_NZ_CP166677.1_cds_WP_054020409.1_682",NA,"ABFT21_RS03455","alpha/beta hydrolase","WP_054020409.1"
"lcl_NZ_CP166677.1_cds_WP_054020410.1_683",NA,"ABFT21_RS03460","GDSL-type esterase/lipase family protein","WP_054020410.1"
"lcl_NZ_CP166677.1_cds_WP_054020411.1_684",NA,"ABFT21_RS03465","hypothetical protein","WP_054020411.1"
"lcl_NZ_CP166677.1_cds_WP_082368287.1_685","malQ","ABFT21_RS03470","4-alpha-glucanotransferase","WP_082368287.1"
"lcl_NZ_CP166677.1_cds_WP_054020438.1_686",NA,"ABFT21_RS03475","exodeoxyribonuclease III","WP_054020438.1"
"lcl_NZ_CP166677.1_cds_WP_054020412.1_687","pyrE","ABFT21_RS03480","orotate phosphoribosyltransferase","WP_054020412.1"
"lcl_NZ_CP166677.1_cds_WP_054020413.1_688","gatB","ABFT21_RS03485","Asp-tRNA(Asn)/Glu-tRNA(Gln) amidotransferase subunit GatB","WP_054020413.1"
"lcl_NZ_CP166677.1_cds_WP_054020414.1_689","gatA","ABFT21_RS03490","Asp-tRNA(Asn)/Glu-tRNA(Gln) amidotransferase subunit GatA","WP_054020414.1"
"lcl_NZ_CP166677.1_cds_WP_054020415.1_690","gatC","ABFT21_RS03495","Asp-tRNA(Asn)/Glu-tRNA(Gln) amidotransferase subunit GatC","WP_054020415.1"
"lcl_NZ_CP166677.1_cds_WP_054020416.1_691",NA,"ABFT21_RS03500","rod shape-determining protein","WP_054020416.1"
"lcl_NZ_CP166677.1_cds_WP_054020417.1_692","mreC","ABFT21_RS03505","rod shape-determining protein MreC","WP_054020417.1"
"lcl_NZ_CP166677.1_cds_WP_054020418.1_693","mreD","ABFT21_RS03510","rod shape-determining protein MreD","WP_054020418.1"
"lcl_NZ_CP166677.1_cds_WP_054020419.1_694","mrdA","ABFT21_RS03515","penicillin-binding protein 2","WP_054020419.1"
"lcl_NZ_CP166677.1_cds_WP_054020420.1_695","rodA","ABFT21_RS03520","rod shape-determining protein RodA","WP_054020420.1"
"lcl_NZ_CP166677.1_cds_WP_054020439.1_696",NA,"ABFT21_RS03525","sensor histidine kinase","WP_054020439.1"
"lcl_NZ_CP166677.1_cds_WP_054020440.1_697",NA,"ABFT21_RS03530","response regulator","WP_054020440.1"
"lcl_NZ_CP166677.1_cds_WP_054020421.1_698","recA","ABFT21_RS03535","recombinase RecA","WP_054020421.1"
"lcl_NZ_CP166677.1_cds_WP_054020422.1_699",NA,"ABFT21_RS03540","regulatory protein RecX","WP_054020422.1"
"lcl_NZ_CP166677.1_cds_WP_157548907.1_700",NA,"ABFT21_RS03545","DUF2889 domain-containing protein","WP_157548907.1"
"lcl_NZ_CP166677.1_cds_WP_054020423.1_701","sucC","ABFT21_RS03550","ADP-forming succinate--CoA ligase subunit beta","WP_054020423.1"
"lcl_NZ_CP166677.1_cds_WP_054020424.1_702","sucD","ABFT21_RS03555","succinate--CoA ligase subunit alpha","WP_054020424.1"
"lcl_NZ_CP166677.1_cds_WP_054020425.1_703",NA,"ABFT21_RS03560","TerC family protein","WP_054020425.1"
"lcl_NZ_CP166677.1_cds_WP_054020426.1_704",NA,"ABFT21_RS03565","TerC family protein","WP_054020426.1"
"lcl_NZ_CP166677.1_cds_WP_054020427.1_705",NA,"ABFT21_RS03570","serine/threonine-protein kinase","WP_054020427.1"
"lcl_NZ_CP166677.1_cds_WP_054020428.1_706",NA,"ABFT21_RS03575","Stp1/IreP family PP2C-type Ser/Thr phosphatase","WP_054020428.1"
"lcl_NZ_CP166677.1_cds_WP_054020442.1_707",NA,"ABFT21_RS03580","FHA domain-containing protein","WP_054020442.1"
"lcl_NZ_CP166677.1_cds_WP_054020429.1_708",NA,"ABFT21_RS03585","MBL fold metallo-hydrolase","WP_054020429.1"
"lcl_NZ_CP166677.1_cds_WP_054020430.1_709",NA,"ABFT21_RS03590","DUF2919 family protein","WP_054020430.1"
"lcl_NZ_CP166677.1_cds_WP_054020431.1_710",NA,"ABFT21_RS03595","class I SAM-dependent methyltransferase","WP_054020431.1"
"lcl_NZ_CP166677.1_cds_WP_054020432.1_711",NA,"ABFT21_RS03600","glycosyltransferase","WP_054020432.1"
"lcl_NZ_CP166677.1_cds_WP_054020433.1_712",NA,"ABFT21_RS03605","O-linked N-acetylglucosamine transferase family protein","WP_054020433.1"
"lcl_NZ_CP166677.1_cds_WP_054020434.1_713",NA,"ABFT21_RS03610","hypothetical protein","WP_054020434.1"
"lcl_NZ_CP166677.1_cds_WP_463938052.1_714",NA,"ABFT21_RS03615","pilin","WP_463938052.1"
"lcl_NZ_CP166677.1_cds_WP_463938053.1_715",NA,"ABFT21_RS03620","pilin","WP_463938053.1"
"lcl_NZ_CP166677.1_cds_WP_054022643.1_716",NA,"ABFT21_RS03625","PglL family O-oligosaccharyltransferase","WP_054022643.1"
"lcl_NZ_CP166677.1_cds_WP_393940092.1_717","moaC","ABFT21_RS03630","cyclic pyranopterin monophosphate synthase MoaC","WP_393940092.1"
"lcl_NZ_CP166677.1_cds_WP_054022644.1_718",NA,"ABFT21_RS03635","M48 family metalloprotease","WP_054022644.1"
"lcl_NZ_CP166677.1_cds_WP_082368684.1_719",NA,"ABFT21_RS03640","alpha-2-macroglobulin family protein","WP_082368684.1"
"lcl_NZ_CP166677.1_cds_WP_054022645.1_720","pbpC","ABFT21_RS03645","penicillin-binding protein 1C","WP_054022645.1"
"lcl_NZ_CP166677.1_cds_WP_197284791.1_721",NA,"ABFT21_RS03650","phage holin family protein","WP_197284791.1"
"lcl_NZ_CP166677.1_cds_WP_054022647.1_722",NA,"ABFT21_RS03655","gamma-glutamyltransferase family protein","WP_054022647.1"
"lcl_NZ_CP166677.1_cds_WP_054022648.1_723",NA,"ABFT21_RS03660","energy transducer TonB","WP_054022648.1"
"lcl_NZ_CP166677.1_cds_WP_054022649.1_724",NA,"ABFT21_RS03665","MotA/TolQ/ExbB proton channel family protein","WP_054022649.1"
"lcl_NZ_CP166677.1_cds_WP_054022650.1_725",NA,"ABFT21_RS03670","ExbD/TolR family protein","WP_054022650.1"
"lcl_NZ_CP166677.1_cds_WP_054022651.1_726",NA,"ABFT21_RS03675","SWIB/MDM2 domain-containing protein","WP_054022651.1"
"lcl_NZ_CP166677.1_cds_WP_054022652.1_727",NA,"ABFT21_RS03680","amidohydrolase family protein","WP_054022652.1"
"lcl_NZ_CP166677.1_cds_WP_054022653.1_728",NA,"ABFT21_RS03685","OmpA family protein","WP_054022653.1"
"lcl_NZ_CP166677.1_cds_WP_082368685.1_729","uvrA","ABFT21_RS03690","excinuclease ABC subunit UvrA","WP_082368685.1"
"lcl_NZ_CP166677.1_cds_WP_054022654.1_730",NA,"ABFT21_RS03695","hypothetical protein","WP_054022654.1"
"lcl_NZ_CP166677.1_cds_WP_369691186.1_731",NA,"ABFT21_RS03700","sigma-70 family RNA polymerase sigma factor","WP_369691186.1"
"lcl_NZ_CP166677.1_cds_WP_054022706.1_732",NA,"ABFT21_RS03705","Ig-like domain-containing protein","WP_054022706.1"
"lcl_NZ_CP166677.1_cds_WP_054022705.1_733","recQ","ABFT21_RS03710","DNA helicase RecQ","WP_054022705.1"
"lcl_NZ_CP166677.1_cds_WP_054022704.1_734",NA,"ABFT21_RS03715","acetate--CoA ligase family protein","WP_054022704.1"
"lcl_NZ_CP166677.1_cds_WP_054022703.1_735",NA,"ABFT21_RS03720","ABC transporter substrate-binding protein","WP_054022703.1"
"lcl_NZ_CP166677.1_cds_WP_054022702.1_736",NA,"ABFT21_RS03725","ABC transporter permease subunit","WP_054022702.1"
"lcl_NZ_CP166677.1_cds_WP_054022701.1_737",NA,"ABFT21_RS03730","ABC transporter ATP-binding protein","WP_054022701.1"
"lcl_NZ_CP166677.1_cds_WP_054022700.1_738",NA,"ABFT21_RS03735","glycerol-3-phosphate dehydrogenase/oxidase","WP_054022700.1"
"lcl_NZ_CP166677.1_cds_WP_054022699.1_739",NA,"ABFT21_RS03740","FAD-binding oxidoreductase","WP_054022699.1"
"lcl_NZ_CP166677.1_cds_WP_054022698.1_740",NA,"ABFT21_RS03745","FGGY family carbohydrate kinase","WP_054022698.1"
"lcl_NZ_CP166677.1_cds_WP_054022697.1_741",NA,"ABFT21_RS03750","enoyl-CoA hydratase/isomerase family protein","WP_054022697.1"
"lcl_NZ_CP166677.1_cds_WP_054022696.1_742",NA,"ABFT21_RS03755","TetR/AcrR family transcriptional regulator","WP_054022696.1"
"lcl_NZ_CP166677.1_cds_WP_054022695.1_743","ssb","ABFT21_RS03760","single-stranded DNA-binding protein","WP_054022695.1"
"lcl_NZ_CP166677.1_cds_ABFT21_RS03765_744",NA,"ABFT21_RS03765","ISL3 family transposase",NA
"lcl_NZ_CP166677.1_cds_WP_054021802.1_745",NA,"ABFT21_RS03770","P-loop NTPase fold protein","WP_054021802.1"
"lcl_NZ_CP166677.1_cds_ABFT21_RS03775_746",NA,"ABFT21_RS03775","IS5 family transposase",NA
"lcl_NZ_CP166677.1_cds_WP_054020741.1_747",NA,"ABFT21_RS03780","helix-turn-helix domain-containing protein","WP_054020741.1"
"lcl_NZ_CP166677.1_cds_WP_157548960.1_748",NA,"ABFT21_RS03785","hypothetical protein","WP_157548960.1"
"lcl_NZ_CP166677.1_cds_WP_054020740.1_749",NA,"ABFT21_RS03790","type II toxin-antitoxin system HipA family toxin","WP_054020740.1"
"lcl_NZ_CP166677.1_cds_WP_082368340.1_750",NA,"ABFT21_RS03795","cyd operon YbgE family protein","WP_082368340.1"
"lcl_NZ_CP166677.1_cds_WP_082368339.1_751","cydX","ABFT21_RS03800","cytochrome bd-I oxidase subunit CydX","WP_082368339.1"
"lcl_NZ_CP166677.1_cds_WP_054020738.1_752","petA","ABFT21_RS03805","ubiquinol-cytochrome c reductase iron-sulfur subunit","WP_054020738.1"
"lcl_NZ_CP166677.1_cds_WP_054020737.1_753","cydB","ABFT21_RS03810","cytochrome d ubiquinol oxidase subunit II","WP_054020737.1"
"lcl_NZ_CP166677.1_cds_WP_054020736.1_754",NA,"ABFT21_RS03815","cytochrome ubiquinol oxidase subunit I","WP_054020736.1"
"lcl_NZ_CP166677.1_cds_WP_054020735.1_755","cydP","ABFT21_RS03820","cytochrome oxidase putative small subunit CydP","WP_054020735.1"
"lcl_NZ_CP166677.1_cds_WP_054020734.1_756",NA,"ABFT21_RS03825","glycosyltransferase","WP_054020734.1"
"lcl_NZ_CP166677.1_cds_WP_054020733.1_757",NA,"ABFT21_RS03830","DUF3047 domain-containing protein","WP_054020733.1"
"lcl_NZ_CP166677.1_cds_WP_054020732.1_758",NA,"ABFT21_RS03835","MTAP family purine nucleoside phosphorylase","WP_054020732.1"
"lcl_NZ_CP166677.1_cds_WP_054020731.1_759",NA,"ABFT21_RS03840","hypothetical protein","WP_054020731.1"
"lcl_NZ_CP166677.1_cds_WP_054020730.1_760",NA,"ABFT21_RS03845","FAD-dependent oxidoreductase","WP_054020730.1"
"lcl_NZ_CP166677.1_cds_WP_054020729.1_761",NA,"ABFT21_RS03850","TIGR04282 family arsenosugar biosynthesis glycosyltransferase","WP_054020729.1"
"lcl_NZ_CP166677.1_cds_WP_054020728.1_762",NA,"ABFT21_RS03855","TIGR04283 family arsenosugar biosynthesis glycosyltransferase","WP_054020728.1"
"lcl_NZ_CP166677.1_cds_WP_082368338.1_763",NA,"ABFT21_RS03860","FAD-dependent oxidoreductase","WP_082368338.1"
"lcl_NZ_CP166677.1_cds_WP_054020727.1_764","arsS","ABFT21_RS03865","arsenosugar biosynthesis radical SAM (seleno)protein ArsS","WP_054020727.1"
"lcl_NZ_CP166677.1_cds_WP_054020726.1_765","chrA","ABFT21_RS03870","chromate efflux transporter","WP_054020726.1"
"lcl_NZ_CP166677.1_cds_WP_054020725.1_766",NA,"ABFT21_RS03875","DJ-1/PfpI family protein","WP_054020725.1"
"lcl_NZ_CP166677.1_cds_WP_054020724.1_767",NA,"ABFT21_RS03880","TRAP transporter large permease","WP_054020724.1"
"lcl_NZ_CP166677.1_cds_WP_054020723.1_768",NA,"ABFT21_RS03885","TRAP transporter small permease subunit","WP_054020723.1"
"lcl_NZ_CP166677.1_cds_WP_054020722.1_769",NA,"ABFT21_RS03890","TRAP transporter substrate-binding protein","WP_054020722.1"
"lcl_NZ_CP166677.1_cds_WP_082368337.1_770",NA,"ABFT21_RS03895","helix-turn-helix domain-containing protein","WP_082368337.1"
"lcl_NZ_CP166677.1_cds_WP_054020721.1_771",NA,"ABFT21_RS03900","MBL fold metallo-hydrolase","WP_054020721.1"
"lcl_NZ_CP166677.1_cds_WP_054020720.1_772",NA,"ABFT21_RS03905","RidA family protein","WP_054020720.1"
"lcl_NZ_CP166677.1_cds_WP_197284661.1_773",NA,"ABFT21_RS03910","TetR/AcrR family transcriptional regulator","WP_197284661.1"
"lcl_NZ_CP166677.1_cds_WP_054020719.1_774",NA,"ABFT21_RS03915","flavin reductase family protein","WP_054020719.1"
"lcl_NZ_CP166677.1_cds_WP_157548958.1_775",NA,"ABFT21_RS03920","tripartite tricarboxylate transporter substrate binding protein","WP_157548958.1"
"lcl_NZ_CP166677.1_cds_WP_054020717.1_776",NA,"ABFT21_RS03925","acetyl-CoA C-acyltransferase","WP_054020717.1"
"lcl_NZ_CP166677.1_cds_WP_157548956.1_777",NA,"ABFT21_RS03930","PaaI family thioesterase","WP_157548956.1"
"lcl_NZ_CP166677.1_cds_WP_157548953.1_778",NA,"ABFT21_RS03935","hypothetical protein","WP_157548953.1"
"lcl_NZ_CP166677.1_cds_WP_197284660.1_779",NA,"ABFT21_RS03940","alpha/beta fold hydrolase","WP_197284660.1"
"lcl_NZ_CP166677.1_cds_WP_054020715.1_780",NA,"ABFT21_RS03945","3-oxoacid CoA-transferase subunit B","WP_054020715.1"
"lcl_NZ_CP166677.1_cds_WP_054020714.1_781",NA,"ABFT21_RS03950","3-oxoacid CoA-transferase subunit A","WP_054020714.1"
"lcl_NZ_CP166677.1_cds_WP_054020713.1_782",NA,"ABFT21_RS03955","Bug family tripartite tricarboxylate transporter substrate binding protein","WP_054020713.1"
"lcl_NZ_CP166677.1_cds_WP_054020712.1_783",NA,"ABFT21_RS03960","CaiB/BaiF CoA transferase family protein","WP_054020712.1"
"lcl_NZ_CP166677.1_cds_WP_054020711.1_784",NA,"ABFT21_RS03965","enoyl-CoA hydratase/isomerase family protein","WP_054020711.1"
"lcl_NZ_CP166677.1_cds_WP_054020710.1_785",NA,"ABFT21_RS03970","copper-binding protein","WP_054020710.1"
"lcl_NZ_CP166677.1_cds_WP_054020709.1_786",NA,"ABFT21_RS03975","multicopper oxidase family protein","WP_054020709.1"
"lcl_NZ_CP166677.1_cds_WP_054020708.1_787",NA,"ABFT21_RS03980","TolC family protein","WP_054020708.1"
"lcl_NZ_CP166677.1_cds_WP_157548951.1_788",NA,"ABFT21_RS03985","hypothetical protein","WP_157548951.1"
"lcl_NZ_CP166677.1_cds_WP_054020706.1_789",NA,"ABFT21_RS03990","hypothetical protein","WP_054020706.1"
"lcl_NZ_CP166677.1_cds_WP_054020705.1_790",NA,"ABFT21_RS03995","formate--tetrahydrofolate ligase","WP_054020705.1"
"lcl_NZ_CP166677.1_cds_WP_054020704.1_791","glyA","ABFT21_RS04000","serine hydroxymethyltransferase","WP_054020704.1"
"lcl_NZ_CP166677.1_cds_WP_054020703.1_792",NA,"ABFT21_RS04005","aminotransferase class V-fold PLP-dependent enzyme","WP_054020703.1"
"lcl_NZ_CP166677.1_cds_WP_054020702.1_793",NA,"ABFT21_RS04010","D-2-hydroxyacid dehydrogenase","WP_054020702.1"
"lcl_NZ_CP166677.1_cds_WP_054020701.1_794",NA,"ABFT21_RS04015","NADP-dependent methylenetetrahydromethanopterin/methylenetetrahydrofolate dehydrogenase","WP_054020701.1"
"lcl_NZ_CP166677.1_cds_WP_054020700.1_795",NA,"ABFT21_RS04020","cyclodeaminase/cyclohydrolase family protein","WP_054020700.1"
"lcl_NZ_CP166677.1_cds_WP_054020699.1_796",NA,"ABFT21_RS04025","malate--CoA ligase subunit beta","WP_054020699.1"
"lcl_NZ_CP166677.1_cds_WP_054020698.1_797","sucD","ABFT21_RS04030","succinate--CoA ligase subunit alpha","WP_054020698.1"
"lcl_NZ_CP166677.1_cds_WP_054020697.1_798",NA,"ABFT21_RS04035","phosphoenolpyruvate carboxylase","WP_054020697.1"
"lcl_NZ_CP166677.1_cds_WP_054020696.1_799",NA,"ABFT21_RS04040","HpcH/HpaI aldolase/citrate lyase family protein","WP_054020696.1"
"lcl_NZ_CP166677.1_cds_WP_054020744.1_800",NA,"ABFT21_RS04045","LysR family transcriptional regulator","WP_054020744.1"
"lcl_NZ_CP166677.1_cds_WP_054020695.1_801",NA,"ABFT21_RS04050","putative bifunctional diguanylate cyclase/phosphodiesterase","WP_054020695.1"
"lcl_NZ_CP166677.1_cds_WP_054020694.1_802",NA,"ABFT21_RS04055","methylamine utilization protein","WP_054020694.1"
"lcl_NZ_CP166677.1_cds_WP_054020693.1_803","mnmA","ABFT21_RS04060","tRNA 2-thiouridine(34) synthase MnmA","WP_054020693.1"
"lcl_NZ_CP166677.1_cds_WP_054020692.1_804","ribB","ABFT21_RS04065","3,4-dihydroxy-2-butanone-4-phosphate synthase","WP_054020692.1"
"lcl_NZ_CP166677.1_cds_WP_054020743.1_805",NA,"ABFT21_RS04070","NUDIX domain-containing protein","WP_054020743.1"
"lcl_NZ_CP166677.1_cds_WP_197284659.1_806",NA,"ABFT21_RS04075","RNA polymerase sigma factor","WP_197284659.1"
"lcl_NZ_CP166677.1_cds_WP_157548949.1_807",NA,"ABFT21_RS04080","hypothetical protein","WP_157548949.1"
"lcl_NZ_CP166677.1_cds_WP_054020689.1_808",NA,"ABFT21_RS04085","hypothetical protein","WP_054020689.1"
"lcl_NZ_CP166677.1_cds_WP_054020688.1_809",NA,"ABFT21_RS04090","Re/Si-specific NAD(P)(+) transhydrogenase subunit alpha","WP_054020688.1"
"lcl_NZ_CP166677.1_cds_WP_054020687.1_810",NA,"ABFT21_RS04095","NAD(P) transhydrogenase subunit alpha part 2","WP_054020687.1"
"lcl_NZ_CP166677.1_cds_WP_054020686.1_811",NA,"ABFT21_RS04100","NAD(P)(+) transhydrogenase (Re/Si-specific) subunit beta","WP_054020686.1"
"lcl_NZ_CP166677.1_cds_WP_054020685.1_812",NA,"ABFT21_RS04105","5-methyltetrahydropteroyltriglutamate--homocysteine S-methyltransferase","WP_054020685.1"
"lcl_NZ_CP166677.1_cds_WP_054020684.1_813",NA,"ABFT21_RS04110","GntR family transcriptional regulator","WP_054020684.1"
"lcl_NZ_CP166677.1_cds_WP_157548947.1_814",NA,"ABFT21_RS04115","serine/threonine protein kinase","WP_157548947.1"
"lcl_NZ_CP166677.1_cds_WP_054020682.1_815",NA,"ABFT21_RS04120","hypothetical protein","WP_054020682.1"
"lcl_NZ_CP166677.1_cds_WP_054020681.1_816",NA,"ABFT21_RS04125","trypsin-like peptidase domain-containing protein","WP_054020681.1"
"lcl_NZ_CP166677.1_cds_WP_157548945.1_817",NA,"ABFT21_RS04130","PP2C family protein-serine/threonine phosphatase","WP_157548945.1"
"lcl_NZ_CP166677.1_cds_WP_054020679.1_818",NA,"ABFT21_RS04135","FHA domain-containing protein","WP_054020679.1"
"lcl_NZ_CP166677.1_cds_WP_054020678.1_819",NA,"ABFT21_RS04140","FHA domain-containing protein","WP_054020678.1"
"lcl_NZ_CP166677.1_cds_WP_054020677.1_820","pobA","ABFT21_RS04145","4-hydroxybenzoate 3-monooxygenase","WP_054020677.1"
"lcl_NZ_CP166677.1_cds_WP_082368331.1_821",NA,"ABFT21_RS04150","IclR family transcriptional regulator domain-containing protein","WP_082368331.1"
"lcl_NZ_CP166677.1_cds_WP_054020676.1_822",NA,"ABFT21_RS04155","NAD-dependent epimerase/dehydratase family protein","WP_054020676.1"
"lcl_NZ_CP166677.1_cds_WP_054020675.1_823",NA,"ABFT21_RS04160","Lrp/AsnC family transcriptional regulator","WP_054020675.1"
"lcl_NZ_CP166677.1_cds_WP_463938055.1_824","rocD","ABFT21_RS04165","ornithine--oxo-acid transaminase","WP_463938055.1"
"lcl_NZ_CP166677.1_cds_WP_054022433.1_825",NA,"ABFT21_RS04170","hypothetical protein","WP_054022433.1"
"lcl_NZ_CP166677.1_cds_WP_157549290.1_826",NA,"ABFT21_RS04175","hypothetical protein","WP_157549290.1"
"lcl_NZ_CP166677.1_cds_WP_054022455.1_827",NA,"ABFT21_RS04180","DNA glycosylase AlkZ-like family protein","WP_054022455.1"
"lcl_NZ_CP166677.1_cds_WP_054022435.1_828",NA,"ABFT21_RS04185","HAD-IIB family hydrolase","WP_054022435.1"
"lcl_NZ_CP166677.1_cds_WP_054022436.1_829",NA,"ABFT21_RS04190","hypothetical protein","WP_054022436.1"
"lcl_NZ_CP166677.1_cds_WP_157549293.1_830",NA,"ABFT21_RS04195","hypothetical protein","WP_157549293.1"
"lcl_NZ_CP166677.1_cds_WP_054022438.1_831",NA,"ABFT21_RS04200","GGDEF domain-containing response regulator","WP_054022438.1"
"lcl_NZ_CP166677.1_cds_WP_054022439.1_832",NA,"ABFT21_RS04205","hypothetical protein","WP_054022439.1"
"lcl_NZ_CP166677.1_cds_WP_157549296.1_833",NA,"ABFT21_RS04210","alpha/beta fold hydrolase","WP_157549296.1"
"lcl_NZ_CP166677.1_cds_WP_054022441.1_834","metK","ABFT21_RS04215","methionine adenosyltransferase","WP_054022441.1"
"lcl_NZ_CP166677.1_cds_WP_054022442.1_835",NA,"ABFT21_RS04220","lysophospholipid acyltransferase family protein","WP_054022442.1"
"lcl_NZ_CP166677.1_cds_WP_054022443.1_836",NA,"ABFT21_RS04225","LpxL/LpxP family acyltransferase","WP_054022443.1"
"lcl_NZ_CP166677.1_cds_WP_054022444.1_837","dapF","ABFT21_RS04230","diaminopimelate epimerase","WP_054022444.1"
"lcl_NZ_CP166677.1_cds_WP_054022445.1_838",NA,"ABFT21_RS04235","DUF484 family protein","WP_054022445.1"
"lcl_NZ_CP166677.1_cds_WP_054022446.1_839",NA,"ABFT21_RS04240","tyrosine recombinase XerC","WP_054022446.1"
"lcl_NZ_CP166677.1_cds_WP_157549299.1_840",NA,"ABFT21_RS04245","hypothetical protein","WP_157549299.1"
"lcl_NZ_CP166677.1_cds_WP_054022448.1_841",NA,"ABFT21_RS04250","GntR family transcriptional regulator","WP_054022448.1"
"lcl_NZ_CP166677.1_cds_WP_054022449.1_842",NA,"ABFT21_RS04255","ABC transporter ATP-binding protein","WP_054022449.1"
"lcl_NZ_CP166677.1_cds_WP_054022450.1_843",NA,"ABFT21_RS04260","hypothetical protein","WP_054022450.1"
"lcl_NZ_CP166677.1_cds_WP_054022451.1_844",NA,"ABFT21_RS04265","class I SAM-dependent rRNA methyltransferase","WP_054022451.1"
"lcl_NZ_CP166677.1_cds_WP_054022452.1_845",NA,"ABFT21_RS04270","protein adenylyltransferase SelO","WP_054022452.1"
"lcl_NZ_CP166677.1_cds_WP_054022453.1_846",NA,"ABFT21_RS04275","YeeE/YedE family protein","WP_054022453.1"
"lcl_NZ_CP166677.1_cds_WP_082368646.1_847",NA,"ABFT21_RS04280","DUF3149 domain-containing protein","WP_082368646.1"
"lcl_NZ_CP166677.1_cds_WP_054022454.1_848",NA,"ABFT21_RS04285","Kelch repeat-containing protein","WP_054022454.1"
"lcl_NZ_CP166677.1_cds_WP_480338762.1_849",NA,"ABFT21_RS04290","BTAD domain-containing putative transcriptional regulator","WP_480338762.1"
"lcl_NZ_CP166677.1_cds_WP_054022431.1_850",NA,"ABFT21_RS04295","hypothetical protein","WP_054022431.1"
"lcl_NZ_CP166677.1_cds_WP_054022430.1_851",NA,"ABFT21_RS04300","transporter","WP_054022430.1"
"lcl_NZ_CP166677.1_cds_WP_054022429.1_852",NA,"ABFT21_RS04305","alpha/beta fold hydrolase","WP_054022429.1"
"lcl_NZ_CP166677.1_cds_WP_054022428.1_853",NA,"ABFT21_RS04310","hypothetical protein","WP_054022428.1"
"lcl_NZ_CP166677.1_cds_WP_054022427.1_854",NA,"ABFT21_RS04315","Lrp/AsnC family transcriptional regulator","WP_054022427.1"
"lcl_NZ_CP166677.1_cds_WP_054022426.1_855","glmS","ABFT21_RS04320","glutamine--fructose-6-phosphate transaminase (isomerizing)","WP_054022426.1"
"lcl_NZ_CP166677.1_cds_WP_197284775.1_856",NA,"ABFT21_RS04325","HEAT repeat domain-containing protein","WP_197284775.1"
"lcl_NZ_CP166677.1_cds_ABFT21_RS04330_857",NA,"ABFT21_RS04330","transposase",NA
"lcl_NZ_CP166677.1_cds_WP_231638255.1_858",NA,"ABFT21_RS04335","hypothetical protein","WP_231638255.1"
"lcl_NZ_CP166677.1_cds_WP_054022423.1_859",NA,"ABFT21_RS04340","hypothetical protein","WP_054022423.1"
"lcl_NZ_CP166677.1_cds_WP_054022422.1_860",NA,"ABFT21_RS04345","hypothetical protein","WP_054022422.1"
"lcl_NZ_CP166677.1_cds_WP_054022421.1_861",NA,"ABFT21_RS04350","TA system VapC family ribonuclease toxin","WP_054022421.1"
"lcl_NZ_CP166677.1_cds_WP_054022420.1_862",NA,"ABFT21_RS04355","DUF6364 family protein","WP_054022420.1"
"lcl_NZ_CP166677.1_cds_WP_054022419.1_863",NA,"ABFT21_RS04360","LysR family transcriptional regulator","WP_054022419.1"
"lcl_NZ_CP166677.1_cds_WP_054022418.1_864",NA,"ABFT21_RS04365","type 1 glutamine amidotransferase domain-containing protein","WP_054022418.1"
"lcl_NZ_CP166677.1_cds_WP_054022417.1_865",NA,"ABFT21_RS04370","NADPH-dependent F420 reductase","WP_054022417.1"
"lcl_NZ_CP166677.1_cds_WP_231638254.1_866",NA,"ABFT21_RS04375","GNAT family N-acetyltransferase","WP_231638254.1"
"lcl_NZ_CP166677.1_cds_WP_054022416.1_867",NA,"ABFT21_RS04380","energy transducer TonB","WP_054022416.1"
"lcl_NZ_CP166677.1_cds_WP_054022415.1_868",NA,"ABFT21_RS04385","LysR family transcriptional regulator","WP_054022415.1"
"lcl_NZ_CP166677.1_cds_WP_197284773.1_869",NA,"ABFT21_RS04390","MFS transporter","WP_197284773.1"
"lcl_NZ_CP166677.1_cds_WP_054022414.1_870","leuD","ABFT21_RS04395","3-isopropylmalate dehydratase small subunit","WP_054022414.1"
"lcl_NZ_CP166677.1_cds_WP_054022413.1_871","leuC","ABFT21_RS04400","3-isopropylmalate dehydratase large subunit","WP_054022413.1"
"lcl_NZ_CP166677.1_cds_WP_054022412.1_872",NA,"ABFT21_RS04405","alpha/beta fold hydrolase","WP_054022412.1"
"lcl_NZ_CP166677.1_cds_WP_054022411.1_873",NA,"ABFT21_RS04410","LysR family transcriptional regulator","WP_054022411.1"
"lcl_NZ_CP166677.1_cds_WP_054022410.1_874",NA,"ABFT21_RS04415","energy transducer TonB","WP_054022410.1"
"lcl_NZ_CP166677.1_cds_ABFT21_RS04420_875",NA,"ABFT21_RS04420","short-chain dehydrogenase",NA
"lcl_NZ_CP166677.1_cds_WP_054022408.1_876",NA,"ABFT21_RS04425","tannase/feruloyl esterase family alpha/beta hydrolase","WP_054022408.1"
"lcl_NZ_CP166677.1_cds_WP_054022432.1_877",NA,"ABFT21_RS04430","CoA transferase subunit A","WP_054022432.1"
"lcl_NZ_CP166677.1_cds_WP_054022407.1_878",NA,"ABFT21_RS04435","CoA-transferase subunit beta","WP_054022407.1"
"lcl_NZ_CP166677.1_cds_WP_082368639.1_879",NA,"ABFT21_RS04440","2-hydroxychromene-2-carboxylate isomerase","WP_082368639.1"
"lcl_NZ_CP166677.1_cds_WP_054022405.1_880",NA,"ABFT21_RS04445","Crp/Fnr family transcriptional regulator","WP_054022405.1"
"lcl_NZ_CP166677.1_cds_WP_054022404.1_881",NA,"ABFT21_RS04450","NAD(P)H-binding protein","WP_054022404.1"
"lcl_NZ_CP166677.1_cds_WP_054022403.1_882",NA,"ABFT21_RS04455","cytochrome-c peroxidase","WP_054022403.1"
"lcl_NZ_CP166677.1_cds_WP_054022402.1_883",NA,"ABFT21_RS04460","hypothetical protein","WP_054022402.1"
"lcl_NZ_CP166677.1_cds_WP_463938057.1_884",NA,"ABFT21_RS04465","methyl-accepting chemotaxis protein","WP_463938057.1"
"lcl_NZ_CP166677.1_cds_WP_054018442.1_885",NA,"ABFT21_RS04470","PQQ-dependent sugar dehydrogenase","WP_054018442.1"
"lcl_NZ_CP166677.1_cds_WP_157548563.1_886",NA,"ABFT21_RS04475","PHB depolymerase family esterase","WP_157548563.1"
"lcl_NZ_CP166677.1_cds_WP_054018444.1_887",NA,"ABFT21_RS04480","TonB-dependent receptor plug domain-containing protein","WP_054018444.1"
"lcl_NZ_CP166677.1_cds_WP_157548566.1_888",NA,"ABFT21_RS04485","S9 family peptidase","WP_157548566.1"
"lcl_NZ_CP166677.1_cds_WP_082367885.1_889",NA,"ABFT21_RS04490","asparagine synthase-related protein","WP_082367885.1"
"lcl_NZ_CP166677.1_cds_WP_082367886.1_890",NA,"ABFT21_RS04495","lasso peptide biosynthesis B2 protein","WP_082367886.1"
"lcl_NZ_CP166677.1_cds_WP_231637984.1_891",NA,"ABFT21_RS04500","rubrivinodin family lasso peptide","WP_231637984.1"
"lcl_NZ_CP166677.1_cds_WP_054018448.1_892","acmB","ABFT21_RS04505","methyl acetate hydrolase AcmB","WP_054018448.1"
"lcl_NZ_CP166677.1_cds_WP_054018449.1_893",NA,"ABFT21_RS04510","flavin-containing monooxygenase","WP_054018449.1"
"lcl_NZ_CP166677.1_cds_WP_054018450.1_894",NA,"ABFT21_RS04515","sigma-54-dependent Fis family transcriptional regulator","WP_054018450.1"
"lcl_NZ_CP166677.1_cds_WP_054018451.1_895",NA,"ABFT21_RS04520","PaaI family thioesterase","WP_054018451.1"
"lcl_NZ_CP166677.1_cds_WP_054018452.1_896",NA,"ABFT21_RS04525","MaoC family dehydratase","WP_054018452.1"
"lcl_NZ_CP166677.1_cds_WP_054018453.1_897",NA,"ABFT21_RS04530","aldehyde dehydrogenase family protein","WP_054018453.1"
"lcl_NZ_CP166677.1_cds_WP_054018454.1_898",NA,"ABFT21_RS04535","Phenylacetic acid catabolic protein","WP_054018454.1"
"lcl_NZ_CP166677.1_cds_WP_054018455.1_899",NA,"ABFT21_RS04540","enoyl-CoA hydratase/isomerase family protein","WP_054018455.1"
"lcl_NZ_CP166677.1_cds_WP_054018456.1_900",NA,"ABFT21_RS04545","class I adenylate-forming enzyme family protein","WP_054018456.1"
"lcl_NZ_CP166677.1_cds_WP_054018457.1_901",NA,"ABFT21_RS04550","Bug family tripartite tricarboxylate transporter substrate binding protein","WP_054018457.1"
"lcl_NZ_CP166677.1_cds_WP_054018458.1_902",NA,"ABFT21_RS04555","MarR family winged helix-turn-helix transcriptional regulator","WP_054018458.1"
"lcl_NZ_CP166677.1_cds_ABFT21_RS04560_903",NA,"ABFT21_RS04560","MFS transporter",NA
"lcl_NZ_CP166677.1_cds_WP_054018459.1_904",NA,"ABFT21_RS04565","hypothetical protein","WP_054018459.1"
"lcl_NZ_CP166677.1_cds_WP_054018460.1_905",NA,"ABFT21_RS04570","glycosyltransferase","WP_054018460.1"
"lcl_NZ_CP166677.1_cds_WP_054018461.1_906",NA,"ABFT21_RS04575","hypothetical protein","WP_054018461.1"
"lcl_NZ_CP166677.1_cds_WP_054018462.1_907",NA,"ABFT21_RS04580","LysR substrate-binding domain-containing protein","WP_054018462.1"
"lcl_NZ_CP166677.1_cds_WP_054018463.1_908",NA,"ABFT21_RS04585","muconate/chloromuconate family cycloisomerase","WP_054018463.1"
"lcl_NZ_CP166677.1_cds_WP_054018464.1_909","catC","ABFT21_RS04590","muconolactone Delta-isomerase","WP_054018464.1"
"lcl_NZ_CP166677.1_cds_WP_054018465.1_910",NA,"ABFT21_RS04595","Bug family tripartite tricarboxylate transporter substrate binding protein","WP_054018465.1"
"lcl_NZ_CP166677.1_cds_WP_054018466.1_911",NA,"ABFT21_RS04600","LysE family translocator","WP_054018466.1"
"lcl_NZ_CP166677.1_cds_WP_054018467.1_912",NA,"ABFT21_RS04605","MFS transporter","WP_054018467.1"
"lcl_NZ_CP166677.1_cds_WP_082367892.1_913",NA,"ABFT21_RS04610","aminotransferase-like domain-containing protein","WP_082367892.1"
"lcl_NZ_CP166677.1_cds_WP_157548572.1_914",NA,"ABFT21_RS04615","amidohydrolase family protein","WP_157548572.1"
"lcl_NZ_CP166677.1_cds_WP_082367894.1_915",NA,"ABFT21_RS04620","Bug family tripartite tricarboxylate transporter substrate binding protein","WP_082367894.1"
"lcl_NZ_CP166677.1_cds_WP_054018469.1_916",NA,"ABFT21_RS04625","Bug family tripartite tricarboxylate transporter substrate binding protein","WP_054018469.1"
"lcl_NZ_CP166677.1_cds_WP_054018470.1_917",NA,"ABFT21_RS04630","SMP-30/gluconolactonase/LRE family protein","WP_054018470.1"
"lcl_NZ_CP166677.1_cds_WP_054018471.1_918",NA,"ABFT21_RS04635","Bug family tripartite tricarboxylate transporter substrate binding protein","WP_054018471.1"
"lcl_NZ_CP166677.1_cds_WP_054018472.1_919",NA,"ABFT21_RS04640","cyclase family protein","WP_054018472.1"
"lcl_NZ_CP166677.1_cds_WP_054018473.1_920",NA,"ABFT21_RS04645","NAD(P)-dependent oxidoreductase","WP_054018473.1"
"lcl_NZ_CP166677.1_cds_WP_054018474.1_921",NA,"ABFT21_RS04650","RraA family protein","WP_054018474.1"
"lcl_NZ_CP166677.1_cds_WP_054018475.1_922",NA,"ABFT21_RS04655","Bug family tripartite tricarboxylate transporter substrate binding protein","WP_054018475.1"
"lcl_NZ_CP166677.1_cds_WP_054018476.1_923",NA,"ABFT21_RS04660","LysR family transcriptional regulator","WP_054018476.1"
"lcl_NZ_CP166677.1_cds_WP_054018477.1_924",NA,"ABFT21_RS04665","alpha,alpha-trehalose-phosphate synthase (UDP-forming)","WP_054018477.1"
"lcl_NZ_CP166677.1_cds_WP_054018478.1_925","otsB","ABFT21_RS04670","trehalose-phosphatase","WP_054018478.1"
"lcl_NZ_CP166677.1_cds_WP_197284550.1_926",NA,"ABFT21_RS04675","MBL fold metallo-hydrolase","WP_197284550.1"
"lcl_NZ_CP166677.1_cds_WP_054018479.1_927",NA,"ABFT21_RS04680","hypothetical protein","WP_054018479.1"
"lcl_NZ_CP166677.1_cds_WP_231637985.1_928",NA,"ABFT21_RS04685","c-type cytochrome","WP_231637985.1"
"lcl_NZ_CP166677.1_cds_WP_082367900.1_929",NA,"ABFT21_RS04690","PQQ-dependent sugar dehydrogenase","WP_082367900.1"
"lcl_NZ_CP166677.1_cds_WP_157548575.1_930",NA,"ABFT21_RS04695","Bug family tripartite tricarboxylate transporter substrate binding protein","WP_157548575.1"
"lcl_NZ_CP166677.1_cds_WP_054018481.1_931","mdlC","ABFT21_RS04700","benzoylformate decarboxylase","WP_054018481.1"
"lcl_NZ_CP166677.1_cds_WP_054018482.1_932",NA,"ABFT21_RS04705","LysR family transcriptional regulator","WP_054018482.1"
"lcl_NZ_CP166677.1_cds_WP_082367930.1_933",NA,"ABFT21_RS04710","YbcC family protein","WP_082367930.1"
"lcl_NZ_CP166677.1_cds_WP_054018483.1_934",NA,"ABFT21_RS04715","NADH-quinone oxidoreductase subunit L","WP_054018483.1"
"lcl_NZ_CP166677.1_cds_WP_054018484.1_935",NA,"ABFT21_RS04720","LysR family transcriptional regulator","WP_054018484.1"
"lcl_NZ_CP166677.1_cds_WP_054018485.1_936",NA,"ABFT21_RS04725","tripartite tricarboxylate transporter substrate binding protein","WP_054018485.1"
"lcl_NZ_CP166677.1_cds_WP_054018486.1_937",NA,"ABFT21_RS04730","hypothetical protein","WP_054018486.1"
"lcl_NZ_CP166677.1_cds_WP_054018487.1_938",NA,"ABFT21_RS04735","carboxymuconolactone decarboxylase family protein","WP_054018487.1"
"lcl_NZ_CP166677.1_cds_WP_197284551.1_939",NA,"ABFT21_RS04740","TAXI family TRAP transporter solute-binding subunit","WP_197284551.1"
"lcl_NZ_CP166677.1_cds_WP_054018488.1_940",NA,"ABFT21_RS04745","DUF2062 domain-containing protein","WP_054018488.1"
"lcl_NZ_CP166677.1_cds_WP_054018489.1_941",NA,"ABFT21_RS04750","tripartite tricarboxylate transporter permease","WP_054018489.1"
"lcl_NZ_CP166677.1_cds_WP_054018490.1_942",NA,"ABFT21_RS04755","tripartite tricarboxylate transporter TctB family protein","WP_054018490.1"
"lcl_NZ_CP166677.1_cds_WP_082367902.1_943",NA,"ABFT21_RS04760","sensor histidine kinase","WP_082367902.1"
"lcl_NZ_CP166677.1_cds_WP_054018491.1_944",NA,"ABFT21_RS04765","response regulator transcription factor","WP_054018491.1"
"lcl_NZ_CP166677.1_cds_WP_054018492.1_945",NA,"ABFT21_RS04770","YgaP family membrane protein","WP_054018492.1"
"lcl_NZ_CP166677.1_cds_WP_054018493.1_946",NA,"ABFT21_RS04775","efflux RND transporter permease subunit","WP_054018493.1"
"lcl_NZ_CP166677.1_cds_WP_054018494.1_947",NA,"ABFT21_RS04780","efflux RND transporter periplasmic adaptor subunit","WP_054018494.1"
"lcl_NZ_CP166677.1_cds_WP_054018495.1_948",NA,"ABFT21_RS04785","ArsR/SmtB family transcription factor","WP_054018495.1"
"lcl_NZ_CP166677.1_cds_WP_054018496.1_949",NA,"ABFT21_RS04790","acetate/propionate family kinase","WP_054018496.1"
"lcl_NZ_CP166677.1_cds_WP_054018497.1_950",NA,"ABFT21_RS04795","CaiB/BaiF CoA transferase family protein","WP_054018497.1"
"lcl_NZ_CP166677.1_cds_WP_054018498.1_951",NA,"ABFT21_RS04800","ABC transporter substrate-binding protein","WP_054018498.1"
"lcl_NZ_CP166677.1_cds_WP_054018499.1_952",NA,"ABFT21_RS04805","branched-chain amino acid ABC transporter permease","WP_054018499.1"
"lcl_NZ_CP166677.1_cds_WP_054018500.1_953",NA,"ABFT21_RS04810","branched-chain amino acid ABC transporter permease","WP_054018500.1"
"lcl_NZ_CP166677.1_cds_WP_197284552.1_954",NA,"ABFT21_RS04815","ABC transporter ATP-binding protein","WP_197284552.1"
"lcl_NZ_CP166677.1_cds_WP_054018501.1_955",NA,"ABFT21_RS04820","ABC transporter ATP-binding protein","WP_054018501.1"
"lcl_NZ_CP166677.1_cds_WP_054018502.1_956",NA,"ABFT21_RS04825","branched-chain amino acid ABC transporter permease","WP_054018502.1"
"lcl_NZ_CP166677.1_cds_WP_054018503.1_957",NA,"ABFT21_RS04830","branched-chain amino acid ABC transporter permease","WP_054018503.1"
"lcl_NZ_CP166677.1_cds_WP_054018660.1_958",NA,"ABFT21_RS04835","SDR family NAD(P)-dependent oxidoreductase","WP_054018660.1"
"lcl_NZ_CP166677.1_cds_WP_054018504.1_959",NA,"ABFT21_RS04840","glutathione S-transferase family protein","WP_054018504.1"
"lcl_NZ_CP166677.1_cds_WP_054018505.1_960",NA,"ABFT21_RS04845","ester cyclase","WP_054018505.1"
"lcl_NZ_CP166677.1_cds_WP_054018506.1_961",NA,"ABFT21_RS04850","glutathione S-transferase family protein","WP_054018506.1"
"lcl_NZ_CP166677.1_cds_WP_054018507.1_962",NA,"ABFT21_RS04855","LysR family transcriptional regulator","WP_054018507.1"
"lcl_NZ_CP166677.1_cds_WP_054018508.1_963",NA,"ABFT21_RS04860","aldehyde dehydrogenase family protein","WP_054018508.1"
"lcl_NZ_CP166677.1_cds_WP_157548580.1_964",NA,"ABFT21_RS04865","DUF5666 domain-containing protein","WP_157548580.1"
"lcl_NZ_CP166677.1_cds_WP_054018510.1_965",NA,"ABFT21_RS04870","DUF6502 family protein","WP_054018510.1"
"lcl_NZ_CP166677.1_cds_WP_054018511.1_966",NA,"ABFT21_RS04875","DUF5666 domain-containing protein","WP_054018511.1"
"lcl_NZ_CP166677.1_cds_ABFT21_RS04880_967",NA,"ABFT21_RS04880","transposase",NA
"lcl_NZ_CP166677.1_cds_WP_054018512.1_968","puhE","ABFT21_RS04885","putative photosynthetic complex assembly protein PuhE","WP_054018512.1"
"lcl_NZ_CP166677.1_cds_WP_054018513.1_969","acsF","ABFT21_RS04890","magnesium-protoporphyrin IX monomethyl ester (oxidative) cyclase","WP_054018513.1"
"lcl_NZ_CP166677.1_cds_WP_054018514.1_970","puhC","ABFT21_RS04895","photosynthetic complex assembly protein PuhC","WP_054018514.1"
"lcl_NZ_CP166677.1_cds_WP_054018515.1_971","puhB","ABFT21_RS04900","photosynthetic complex putative assembly protein PuhB","WP_054018515.1"
"lcl_NZ_CP166677.1_cds_WP_054018516.1_972","puhA","ABFT21_RS04905","photosynthetic reaction center subunit H","WP_054018516.1"
"lcl_NZ_CP166677.1_cds_WP_082367906.1_973",NA,"ABFT21_RS04910","BCD family MFS transporter","WP_082367906.1"
"lcl_NZ_CP166677.1_cds_WP_054018517.1_974","bchM","ABFT21_RS04915","magnesium protoporphyrin IX methyltransferase","WP_054018517.1"
"lcl_NZ_CP166677.1_cds_WP_054018518.1_975","bchL","ABFT21_RS04920","ferredoxin:protochlorophyllide reductase (ATP-dependent) iron-sulfur ATP-binding protein","WP_054018518.1"
"lcl_NZ_CP166677.1_cds_WP_054018519.1_976",NA,"ABFT21_RS04925","cobaltochelatase subunit CobN","WP_054018519.1"
"lcl_NZ_CP166677.1_cds_WP_054018520.1_977","bchB","ABFT21_RS04930","ferredoxin:protochlorophyllide reductase (ATP-dependent) subunit B","WP_054018520.1"
"lcl_NZ_CP166677.1_cds_WP_054018521.1_978",NA,"ABFT21_RS04935","ferredoxin:protochlorophyllide reductase (ATP-dependent) subunit N","WP_054018521.1"
"lcl_NZ_CP166677.1_cds_WP_054018522.1_979","bchF","ABFT21_RS04940","2-vinyl bacteriochlorophyllide hydratase","WP_054018522.1"
"lcl_NZ_CP166677.1_cds_WP_054018523.1_980",NA,"ABFT21_RS04945","cobalamin B12-binding domain-containing protein","WP_054018523.1"
"lcl_NZ_CP166677.1_cds_WP_082367908.1_981","ppsR","ABFT21_RS04950","transcriptional regulator PpsR","WP_082367908.1"
"lcl_NZ_CP166677.1_cds_WP_197284553.1_982","chlG","ABFT21_RS04955","chlorophyll synthase ChlG","WP_197284553.1"
"lcl_NZ_CP166677.1_cds_WP_054018524.1_983",NA,"ABFT21_RS04960","BCD family MFS transporter","WP_054018524.1"
"lcl_NZ_CP166677.1_cds_WP_197284554.1_984",NA,"ABFT21_RS04965","geranylgeranyl diphosphate reductase","WP_197284554.1"
"lcl_NZ_CP166677.1_cds_WP_082367910.1_985",NA,"ABFT21_RS04970","TspO/MBR family protein","WP_082367910.1"
"lcl_NZ_CP166677.1_cds_WP_054018525.1_986",NA,"ABFT21_RS04975","hypothetical protein","WP_054018525.1"
"lcl_NZ_CP166677.1_cds_WP_054018526.1_987",NA,"ABFT21_RS04980","high-potential iron-sulfur protein","WP_054018526.1"
"lcl_NZ_CP166677.1_cds_WP_054018527.1_988","bchI","ABFT21_RS04985","magnesium chelatase ATPase subunit I","WP_054018527.1"
"lcl_NZ_CP166677.1_cds_WP_054018528.1_989",NA,"ABFT21_RS04990","magnesium chelatase subunit D","WP_054018528.1"
"lcl_NZ_CP166677.1_cds_WP_197284555.1_990","bchO","ABFT21_RS04995","alpha/beta fold hydrolase BchO","WP_197284555.1"
"lcl_NZ_CP166677.1_cds_WP_054018529.1_991",NA,"ABFT21_RS05000","phytoene desaturase","WP_054018529.1"
"lcl_NZ_CP166677.1_cds_WP_054018530.1_992",NA,"ABFT21_RS05005","phytoene/squalene synthase family protein","WP_054018530.1"
"lcl_NZ_CP166677.1_cds_WP_054018531.1_993",NA,"ABFT21_RS05010","hypothetical protein","WP_054018531.1"
"lcl_NZ_CP166677.1_cds_WP_054018532.1_994",NA,"ABFT21_RS05015","carotenoid 1,2-hydratase","WP_054018532.1"
"lcl_NZ_CP166677.1_cds_WP_054018533.1_995","crtD","ABFT21_RS05020","1-hydroxycarotenoid 3,4-desaturase CrtD","WP_054018533.1"
"lcl_NZ_CP166677.1_cds_WP_054018534.1_996",NA,"ABFT21_RS05025","polyprenyl synthetase family protein","WP_054018534.1"
"lcl_NZ_CP166677.1_cds_WP_054018535.1_997",NA,"ABFT21_RS05030","methyltransferase","WP_054018535.1"
"lcl_NZ_CP166677.1_cds_WP_054018536.1_998","bchC","ABFT21_RS05035","chlorophyll synthesis pathway protein BchC","WP_054018536.1"
"lcl_NZ_CP166677.1_cds_WP_054018537.1_999",NA,"ABFT21_RS05040","chlorophyllide a reductase iron protein subunit X","WP_054018537.1"
"lcl_NZ_CP166677.1_cds_WP_054018538.1_1000","bchY","ABFT21_RS05045","chlorophyllide a reductase subunit Y","WP_054018538.1"
"lcl_NZ_CP166677.1_cds_WP_054018539.1_1001","bchZ","ABFT21_RS05050","chlorophyllide a reductase subunit Z","WP_054018539.1"
"lcl_NZ_CP166677.1_cds_WP_054018540.1_1002","pufB","ABFT21_RS05055","light-harvesting antenna LH1, beta subunit","WP_054018540.1"
"lcl_NZ_CP166677.1_cds_WP_231637987.1_1003",NA,"ABFT21_RS05060","hypothetical protein","WP_231637987.1"
"lcl_NZ_CP166677.1_cds_WP_054018542.1_1004","pufA","ABFT21_RS05065","light-harvesting antenna LH1, alpha subunit","WP_054018542.1"
"lcl_NZ_CP166677.1_cds_WP_054018543.1_1005","pufL","ABFT21_RS05070","photosynthetic reaction center subunit L","WP_054018543.1"
"lcl_NZ_CP166677.1_cds_WP_054018544.1_1006","pufM","ABFT21_RS05075","photosynthetic reaction center subunit M","WP_054018544.1"
"lcl_NZ_CP166677.1_cds_WP_054018545.1_1007","pufC","ABFT21_RS05080","photosynthetic reaction center cytochrome PufC","WP_054018545.1"
"lcl_NZ_CP166677.1_cds_WP_082367912.1_1008",NA,"ABFT21_RS05085","glutamate carboxypeptidase","WP_082367912.1"
"lcl_NZ_CP166677.1_cds_WP_082367934.1_1009",NA,"ABFT21_RS05090","dienelactone hydrolase family protein","WP_082367934.1"
"lcl_NZ_CP166677.1_cds_WP_082367914.1_1010",NA,"ABFT21_RS05095","PAS domain-containing sensor histidine kinase","WP_082367914.1"
"lcl_NZ_CP166677.1_cds_WP_054018547.1_1011",NA,"ABFT21_RS05100","response regulator","WP_054018547.1"
"lcl_NZ_CP166677.1_cds_WP_054018548.1_1012",NA,"ABFT21_RS05105","ATP-binding protein","WP_054018548.1"
"lcl_NZ_CP166677.1_cds_WP_054018549.1_1013",NA,"ABFT21_RS05110","cupin domain-containing protein","WP_054018549.1"
"lcl_NZ_CP166677.1_cds_WP_054018550.1_1014",NA,"ABFT21_RS05115","ligand-binding sensor domain-containing diguanylate cyclase","WP_054018550.1"
"lcl_NZ_CP166677.1_cds_WP_054018551.1_1015",NA,"ABFT21_RS05120","threo-3-hydroxy-L-aspartate ammonia-lyase","WP_054018551.1"
"lcl_NZ_CP166677.1_cds_WP_054018552.1_1016",NA,"ABFT21_RS05125","serine/threonine protein kinase","WP_054018552.1"
"lcl_NZ_CP166677.1_cds_WP_054018553.1_1017",NA,"ABFT21_RS05130","DUF1615 domain-containing protein","WP_054018553.1"
"lcl_NZ_CP166677.1_cds_WP_082367916.1_1018","recJ","ABFT21_RS05135","single-stranded-DNA-specific exonuclease RecJ","WP_082367916.1"
"lcl_NZ_CP166677.1_cds_WP_054018554.1_1019",NA,"ABFT21_RS05140","hypothetical protein","WP_054018554.1"
"lcl_NZ_CP166677.1_cds_WP_054018555.1_1020",NA,"ABFT21_RS05145","amidohydrolase family protein","WP_054018555.1"
"lcl_NZ_CP166677.1_cds_WP_054018556.1_1021",NA,"ABFT21_RS05150","Bug family tripartite tricarboxylate transporter substrate binding protein","WP_054018556.1"
"lcl_NZ_CP166677.1_cds_WP_082367918.1_1022",NA,"ABFT21_RS05155","DUF1932 domain-containing protein","WP_082367918.1"
"lcl_NZ_CP166677.1_cds_WP_054018557.1_1023",NA,"ABFT21_RS05160","RraA family protein","WP_054018557.1"
"lcl_NZ_CP166677.1_cds_WP_054018558.1_1024",NA,"ABFT21_RS05165","LysR family transcriptional regulator","WP_054018558.1"
"lcl_NZ_CP166677.1_cds_WP_054018559.1_1025",NA,"ABFT21_RS05170","lipoprotein-releasing ABC transporter permease subunit","WP_054018559.1"
"lcl_NZ_CP166677.1_cds_WP_054018560.1_1026",NA,"ABFT21_RS05175","ABC transporter ATP-binding protein","WP_054018560.1"
"lcl_NZ_CP166677.1_cds_WP_054018561.1_1027",NA,"ABFT21_RS05180","cysteine-rich CWC family protein","WP_054018561.1"
"lcl_NZ_CP166677.1_cds_WP_054018562.1_1028",NA,"ABFT21_RS05185","TIGR02594 family protein","WP_054018562.1"
"lcl_NZ_CP166677.1_cds_WP_054018563.1_1029",NA,"ABFT21_RS05190","tripartite tricarboxylate transporter substrate binding protein","WP_054018563.1"
"lcl_NZ_CP166677.1_cds_WP_197284556.1_1030",NA,"ABFT21_RS05195","hypothetical protein","WP_197284556.1"
"lcl_NZ_CP166677.1_cds_WP_054018564.1_1031",NA,"ABFT21_RS05200","hypothetical protein","WP_054018564.1"
"lcl_NZ_CP166677.1_cds_WP_054018565.1_1032",NA,"ABFT21_RS05205","hypothetical protein","WP_054018565.1"
"lcl_NZ_CP166677.1_cds_WP_231637988.1_1033",NA,"ABFT21_RS05210","hypothetical protein","WP_231637988.1"
"lcl_NZ_CP166677.1_cds_WP_231637995.1_1034",NA,"ABFT21_RS05215","ABC transporter permease","WP_231637995.1"
"lcl_NZ_CP166677.1_cds_WP_231637989.1_1035",NA,"ABFT21_RS05220","type 1 periplasmic-binding domain-containing protein","WP_231637989.1"
"lcl_NZ_CP166677.1_cds_WP_054018567.1_1036",NA,"ABFT21_RS05225","PQQ-dependent catabolism-associated beta-propeller protein","WP_054018567.1"
"lcl_NZ_CP166677.1_cds_WP_054018671.1_1037",NA,"ABFT21_RS05230","ABC transporter ATP-binding protein","WP_054018671.1"
"lcl_NZ_CP166677.1_cds_WP_054018568.1_1038",NA,"ABFT21_RS05235","MBL fold metallo-hydrolase","WP_054018568.1"
"lcl_NZ_CP166677.1_cds_WP_054018569.1_1039",NA,"ABFT21_RS05240","alpha/beta fold hydrolase","WP_054018569.1"
"lcl_NZ_CP166677.1_cds_WP_054018570.1_1040",NA,"ABFT21_RS05245","sigma-54-dependent Fis family transcriptional regulator","WP_054018570.1"
"lcl_NZ_CP166677.1_cds_WP_054018571.1_1041","pedF","ABFT21_RS05250","cytochrome c-550 PedF","WP_054018571.1"
"lcl_NZ_CP166677.1_cds_WP_054018572.1_1042",NA,"ABFT21_RS05255","substrate-binding periplasmic protein","WP_054018572.1"
"lcl_NZ_CP166677.1_cds_WP_054018573.1_1043",NA,"ABFT21_RS05260","DUF1304 domain-containing protein","WP_054018573.1"
"lcl_NZ_CP166677.1_cds_WP_054018574.1_1044",NA,"ABFT21_RS05265","DUF2164 domain-containing protein","WP_054018574.1"
"lcl_NZ_CP166677.1_cds_WP_054018575.1_1045",NA,"ABFT21_RS05270","thioredoxin family protein","WP_054018575.1"
"lcl_NZ_CP166677.1_cds_WP_054018576.1_1046",NA,"ABFT21_RS05275","protein-disulfide reductase DsbD family protein","WP_054018576.1"
"lcl_NZ_CP166677.1_cds_WP_082367919.1_1047",NA,"ABFT21_RS05280","ChaN family lipoprotein","WP_082367919.1"
"lcl_NZ_CP166677.1_cds_WP_054018577.1_1048","minE","ABFT21_RS05285","cell division topological specificity factor MinE","WP_054018577.1"
"lcl_NZ_CP166677.1_cds_WP_054018578.1_1049","minD","ABFT21_RS05290","septum site-determining protein MinD","WP_054018578.1"
"lcl_NZ_CP166677.1_cds_WP_054018579.1_1050","minC","ABFT21_RS05295","septum site-determining protein MinC","WP_054018579.1"
"lcl_NZ_CP166677.1_cds_WP_082367921.1_1051",NA,"ABFT21_RS05300","FKBP-type peptidyl-prolyl cis-trans isomerase","WP_082367921.1"
"lcl_NZ_CP166677.1_cds_WP_054018580.1_1052",NA,"ABFT21_RS05305","hypothetical protein","WP_054018580.1"
"lcl_NZ_CP166677.1_cds_WP_054018581.1_1053",NA,"ABFT21_RS05310","FMN-binding glutamate synthase family protein","WP_054018581.1"
"lcl_NZ_CP166677.1_cds_WP_054018674.1_1054",NA,"ABFT21_RS05315","glutathione S-transferase C-terminal domain-containing protein","WP_054018674.1"
"lcl_NZ_CP166677.1_cds_WP_054018582.1_1055",NA,"ABFT21_RS05320","amidohydrolase family protein","WP_054018582.1"
"lcl_NZ_CP166677.1_cds_WP_054018583.1_1056",NA,"ABFT21_RS05325","DNA topoisomerase III","WP_054018583.1"
"lcl_NZ_CP166677.1_cds_WP_054018584.1_1057",NA,"ABFT21_RS05330","SET domain-containing protein","WP_054018584.1"
"lcl_NZ_CP166677.1_cds_WP_054018585.1_1058",NA,"ABFT21_RS05335","biotin--[acetyl-CoA-carboxylase","WP_054018585.1"
"lcl_NZ_CP166677.1_cds_WP_054018586.1_1059",NA,"ABFT21_RS05340","hypothetical protein","WP_054018586.1"
"lcl_NZ_CP166677.1_cds_WP_054018587.1_1060",NA,"ABFT21_RS05345","S8 family peptidase","WP_054018587.1"
"lcl_NZ_CP166677.1_cds_WP_054018588.1_1061","gap","ABFT21_RS05350","type I glyceraldehyde-3-phosphate dehydrogenase","WP_054018588.1"
"lcl_NZ_CP166677.1_cds_WP_157548586.1_1062",NA,"ABFT21_RS05355","hypothetical protein","WP_157548586.1"
"lcl_NZ_CP166677.1_cds_WP_082367923.1_1063","tkt","ABFT21_RS05360","transketolase","WP_082367923.1"
"lcl_NZ_CP166677.1_cds_WP_054018590.1_1064",NA,"ABFT21_RS05365","S-adenosylmethionine decarboxylase family protein","WP_054018590.1"
"lcl_NZ_CP166677.1_cds_WP_259375144.1_1065","murU","ABFT21_RS05370","N-acetylmuramate alpha-1-phosphate uridylyltransferase MurU","WP_259375144.1"
"lcl_NZ_CP166677.1_cds_WP_054018591.1_1066",NA,"ABFT21_RS05375","aldo/keto reductase","WP_054018591.1"
"lcl_NZ_CP166677.1_cds_WP_054018592.1_1067",NA,"ABFT21_RS05380","aminopeptidase P N-terminal domain-containing protein","WP_054018592.1"
"lcl_NZ_CP166677.1_cds_WP_054018593.1_1068",NA,"ABFT21_RS05385","GGDEF domain-containing protein","WP_054018593.1"
"lcl_NZ_CP166677.1_cds_WP_054018594.1_1069",NA,"ABFT21_RS05390","hypothetical protein","WP_054018594.1"
"lcl_NZ_CP166677.1_cds_WP_197284557.1_1070",NA,"ABFT21_RS05395","DsbA family oxidoreductase","WP_197284557.1"
"lcl_NZ_CP166677.1_cds_WP_054018595.1_1071",NA,"ABFT21_RS05400","recombination-associated protein RdgC","WP_054018595.1"
"lcl_NZ_CP166677.1_cds_WP_054018596.1_1072",NA,"ABFT21_RS05405","flavin reductase family protein","WP_054018596.1"
"lcl_NZ_CP166677.1_cds_WP_054018597.1_1073",NA,"ABFT21_RS05410","NAD(P)H-dependent flavin oxidoreductase","WP_054018597.1"
"lcl_NZ_CP166677.1_cds_WP_054018598.1_1074",NA,"ABFT21_RS05415","MBL fold metallo-hydrolase","WP_054018598.1"
"lcl_NZ_CP166677.1_cds_WP_157548589.1_1075",NA,"ABFT21_RS05420","ATP-binding protein","WP_157548589.1"
"lcl_NZ_CP166677.1_cds_WP_157548592.1_1076",NA,"ABFT21_RS05425","AraC family transcriptional regulator","WP_157548592.1"
"lcl_NZ_CP166677.1_cds_WP_197284558.1_1077",NA,"ABFT21_RS05430","helix-turn-helix transcriptional regulator","WP_197284558.1"
"lcl_NZ_CP166677.1_cds_WP_054018602.1_1078",NA,"ABFT21_RS05435","acyltransferase family protein","WP_054018602.1"
"lcl_NZ_CP166677.1_cds_WP_054018678.1_1079",NA,"ABFT21_RS05440","alpha-ketoglutarate-dependent dioxygenase AlkB","WP_054018678.1"
"lcl_NZ_CP166677.1_cds_WP_054018603.1_1080","ahpF","ABFT21_RS05445","alkyl hydroperoxide reductase subunit F","WP_054018603.1"
"lcl_NZ_CP166677.1_cds_WP_054018604.1_1081","ahpC","ABFT21_RS05450","alkyl hydroperoxide reductase subunit C","WP_054018604.1"
"lcl_NZ_CP166677.1_cds_WP_054018605.1_1082",NA,"ABFT21_RS05455","5'-methylthioadenosine/adenosylhomocysteine nucleosidase","WP_054018605.1"
"lcl_NZ_CP166677.1_cds_WP_082367925.1_1083",NA,"ABFT21_RS05460","IclR family transcriptional regulator","WP_082367925.1"
"lcl_NZ_CP166677.1_cds_WP_054018606.1_1084",NA,"ABFT21_RS05465","MBL fold metallo-hydrolase","WP_054018606.1"
"lcl_NZ_CP166677.1_cds_ABFT21_RS05470_1085",NA,"ABFT21_RS05470","FAD-dependent oxidoreductase",NA
"lcl_NZ_CP166677.1_cds_WP_259375146.1_1086",NA,"ABFT21_RS05475","DUF2783 domain-containing protein","WP_259375146.1"
"lcl_NZ_CP166677.1_cds_WP_054018607.1_1087","hmgA","ABFT21_RS05480","homogentisate 1,2-dioxygenase","WP_054018607.1"
"lcl_NZ_CP166677.1_cds_WP_054018608.1_1088","fahA","ABFT21_RS05485","fumarylacetoacetase","WP_054018608.1"
"lcl_NZ_CP166677.1_cds_WP_054018609.1_1089",NA,"ABFT21_RS05490","IclR family transcriptional regulator","WP_054018609.1"
"lcl_NZ_CP166677.1_cds_WP_054018610.1_1090",NA,"ABFT21_RS05495","long-chain-fatty-acid--CoA ligase","WP_054018610.1"
"lcl_NZ_CP166677.1_cds_WP_082367926.1_1091",NA,"ABFT21_RS05500","tripartite tricarboxylate transporter substrate binding protein","WP_082367926.1"
"lcl_NZ_CP166677.1_cds_WP_054018611.1_1092",NA,"ABFT21_RS05505","class II aldolase/adducin family protein","WP_054018611.1"
"lcl_NZ_CP166677.1_cds_WP_054018612.1_1093",NA,"ABFT21_RS05510","2-hydroxyacid dehydrogenase","WP_054018612.1"
"lcl_NZ_CP166677.1_cds_WP_054018613.1_1094",NA,"ABFT21_RS05515","serine hydrolase domain-containing protein","WP_054018613.1"
"lcl_NZ_CP166677.1_cds_WP_054018614.1_1095",NA,"ABFT21_RS05520","class I adenylate-forming enzyme family protein","WP_054018614.1"
"lcl_NZ_CP166677.1_cds_WP_054018615.1_1096",NA,"ABFT21_RS05525","hemerythrin domain-containing protein","WP_054018615.1"
"lcl_NZ_CP166677.1_cds_WP_054018616.1_1097",NA,"ABFT21_RS05530","serine/threonine-protein kinase","WP_054018616.1"
"lcl_NZ_CP166677.1_cds_WP_054018617.1_1098",NA,"ABFT21_RS05535","ECF-type sigma factor","WP_054018617.1"
"lcl_NZ_CP166677.1_cds_WP_197284560.1_1099",NA,"ABFT21_RS05540","DUF3617 domain-containing protein","WP_197284560.1"
"lcl_NZ_CP166677.1_cds_WP_054018619.1_1100",NA,"ABFT21_RS05545","YbdK family carboxylate-amine ligase","WP_054018619.1"
"lcl_NZ_CP166677.1_cds_WP_054018620.1_1101",NA,"ABFT21_RS05550","cation:proton antiporter","WP_054018620.1"
"lcl_NZ_CP166677.1_cds_WP_054018621.1_1102","htpG","ABFT21_RS05555","molecular chaperone HtpG","WP_054018621.1"
"lcl_NZ_CP166677.1_cds_WP_054018622.1_1103",NA,"ABFT21_RS05560","serine/threonine protein kinase","WP_054018622.1"
"lcl_NZ_CP166677.1_cds_WP_231637990.1_1104",NA,"ABFT21_RS05565","GNAT family N-acetyltransferase","WP_231637990.1"
"lcl_NZ_CP166677.1_cds_WP_054018623.1_1105","rplM","ABFT21_RS05570","50S ribosomal protein L13","WP_054018623.1"
"lcl_NZ_CP166677.1_cds_WP_054018624.1_1106","rpsI","ABFT21_RS05575","30S ribosomal protein S9","WP_054018624.1"
"lcl_NZ_CP166677.1_cds_WP_054018625.1_1107",NA,"ABFT21_RS05580","DUF6776 family protein","WP_054018625.1"
"lcl_NZ_CP166677.1_cds_WP_054018626.1_1108",NA,"ABFT21_RS05585","bactofilin family protein","WP_054018626.1"
"lcl_NZ_CP166677.1_cds_WP_054018627.1_1109","erpA","ABFT21_RS05590","iron-sulfur cluster insertion protein ErpA","WP_054018627.1"
"lcl_NZ_CP166677.1_cds_WP_259375145.1_1110",NA,"ABFT21_RS05595","anhydro-N-acetylmuramic acid kinase","WP_259375145.1"
"lcl_NZ_CP166677.1_cds_WP_231637991.1_1111",NA,"ABFT21_RS05600","M23 family metallopeptidase","WP_231637991.1"
"lcl_NZ_CP166677.1_cds_WP_054018628.1_1112","tyrS","ABFT21_RS05605","tyrosine--tRNA ligase","WP_054018628.1"
"lcl_NZ_CP166677.1_cds_WP_054018629.1_1113","dtd","ABFT21_RS05610","D-aminoacyl-tRNA deacylase","WP_054018629.1"
"lcl_NZ_CP166677.1_cds_WP_054018630.1_1114",NA,"ABFT21_RS05615","Bug family tripartite tricarboxylate transporter substrate binding protein","WP_054018630.1"
"lcl_NZ_CP166677.1_cds_WP_054018631.1_1115",NA,"ABFT21_RS05620","pyridoxal-phosphate-dependent aminotransferase family protein","WP_054018631.1"
"lcl_NZ_CP166677.1_cds_WP_054018632.1_1116",NA,"ABFT21_RS05625","GntR family transcriptional regulator","WP_054018632.1"
"lcl_NZ_CP166677.1_cds_WP_054018683.1_1117",NA,"ABFT21_RS05630","FAD-binding and (Fe-S)-binding domain-containing protein","WP_054018683.1"
"lcl_NZ_CP166677.1_cds_WP_054018633.1_1118",NA,"ABFT21_RS05635","tripartite tricarboxylate transporter substrate binding protein BugD","WP_054018633.1"
"lcl_NZ_CP166677.1_cds_WP_054018634.1_1119",NA,"ABFT21_RS05640","phenylacetate--CoA ligase family protein","WP_054018634.1"
"lcl_NZ_CP166677.1_cds_WP_054018635.1_1120",NA,"ABFT21_RS05645","hypothetical protein","WP_054018635.1"
"lcl_NZ_CP166677.1_cds_WP_054018636.1_1121",NA,"ABFT21_RS05650","ABC transporter ATP-binding protein","WP_054018636.1"
"lcl_NZ_CP166677.1_cds_WP_054018637.1_1122",NA,"ABFT21_RS05655","ABC transporter substrate-binding protein","WP_054018637.1"
"lcl_NZ_CP166677.1_cds_WP_054018638.1_1123",NA,"ABFT21_RS05660","branched-chain amino acid ABC transporter permease","WP_054018638.1"
"lcl_NZ_CP166677.1_cds_WP_054018639.1_1124",NA,"ABFT21_RS05665","branched-chain amino acid ABC transporter permease","WP_054018639.1"
"lcl_NZ_CP166677.1_cds_WP_054018640.1_1125",NA,"ABFT21_RS05670","ABC transporter ATP-binding protein","WP_054018640.1"
"lcl_NZ_CP166677.1_cds_WP_054018641.1_1126",NA,"ABFT21_RS05675","AMP-dependent synthetase/ligase","WP_054018641.1"
"lcl_NZ_CP166677.1_cds_WP_054018642.1_1127",NA,"ABFT21_RS05680","Crp/Fnr family transcriptional regulator","WP_054018642.1"
"lcl_NZ_CP166677.1_cds_WP_054018684.1_1128",NA,"ABFT21_RS05685","5'-nucleotidase","WP_054018684.1"
"lcl_NZ_CP166677.1_cds_WP_054018643.1_1129",NA,"ABFT21_RS05690","hypothetical protein","WP_054018643.1"
"lcl_NZ_CP166677.1_cds_WP_054018644.1_1130",NA,"ABFT21_RS05695","pyridoxamine 5'-phosphate oxidase family protein","WP_054018644.1"
"lcl_NZ_CP166677.1_cds_WP_054018645.1_1131",NA,"ABFT21_RS05700","paraquat-inducible protein A","WP_054018645.1"
"lcl_NZ_CP166677.1_cds_WP_054018646.1_1132",NA,"ABFT21_RS05705","PqiB family protein","WP_054018646.1"
"lcl_NZ_CP166677.1_cds_WP_197284561.1_1133",NA,"ABFT21_RS05710","PqiC family protein","WP_197284561.1"
"lcl_NZ_CP166677.1_cds_WP_054018648.1_1134",NA,"ABFT21_RS05715","AAA family ATPase","WP_054018648.1"
"lcl_NZ_CP166677.1_cds_WP_054018649.1_1135","gspF","ABFT21_RS05720","type II secretion system inner membrane protein GspF","WP_054018649.1"
"lcl_NZ_CP166677.1_cds_WP_054018650.1_1136","gspE","ABFT21_RS05725","type II secretion system ATPase GspE","WP_054018650.1"
"lcl_NZ_CP166677.1_cds_WP_480338826.1_1137","gspD","ABFT21_RS05730","type II secretion system secretin GspD","WP_480338826.1"
"lcl_NZ_CP166677.1_cds_WP_231637993.1_1138",NA,"ABFT21_RS05735","type II secretion system protein N","WP_231637993.1"
"lcl_NZ_CP166677.1_cds_WP_157548604.1_1139","gspM","ABFT21_RS05740","type II secretion system protein GspM","WP_157548604.1"
"lcl_NZ_CP166677.1_cds_WP_054018651.1_1140","gspL","ABFT21_RS05745","type II secretion system protein GspL","WP_054018651.1"
"lcl_NZ_CP166677.1_cds_WP_054018652.1_1141","gspK","ABFT21_RS05750","type II secretion system minor pseudopilin GspK","WP_054018652.1"
"lcl_NZ_CP166677.1_cds_WP_463938059.1_1142",NA,"ABFT21_RS05755","prepilin-type N-terminal cleavage/methylation domain-containing protein","WP_463938059.1"
"lcl_NZ_CP166677.1_cds_WP_463938060.1_1143","gspI","ABFT21_RS05760","type II secretion system minor pseudopilin GspI","WP_463938060.1"
"lcl_NZ_CP166677.1_cds_WP_082368759.1_1144",NA,"ABFT21_RS05765","prepilin-type N-terminal cleavage/methylation domain-containing protein","WP_082368759.1"
"lcl_NZ_CP166677.1_cds_WP_054022896.1_1145","gspG","ABFT21_RS05770","type II secretion system major pseudopilin GspG","WP_054022896.1"
"lcl_NZ_CP166677.1_cds_WP_054022895.1_1146",NA,"ABFT21_RS05775","hypothetical protein","WP_054022895.1"
"lcl_NZ_CP166677.1_cds_WP_463938061.1_1147",NA,"ABFT21_RS05780","nicotinate-nucleotide--dimethylbenzimidazole phosphoribosyltransferase","WP_463938061.1"
"lcl_NZ_CP166677.1_cds_WP_054018896.1_1148","ilvA","ABFT21_RS05785","threonine ammonia-lyase, biosynthetic","WP_054018896.1"
"lcl_NZ_CP166677.1_cds_WP_054018897.1_1149",NA,"ABFT21_RS05790","OsmC family protein","WP_054018897.1"
"lcl_NZ_CP166677.1_cds_WP_393937480.1_1150","coq7","ABFT21_RS05795","2-polyprenyl-3-methyl-6-methoxy-1,4-benzoquinone monooxygenase","WP_393937480.1"
"lcl_NZ_CP166677.1_cds_WP_054018899.1_1151",NA,"ABFT21_RS05800","porin","WP_054018899.1"
"lcl_NZ_CP166677.1_cds_WP_231638008.1_1152",NA,"ABFT21_RS05805","DUF3047 domain-containing protein","WP_231638008.1"
"lcl_NZ_CP166677.1_cds_WP_054018900.1_1153",NA,"ABFT21_RS05810","ABC transporter substrate-binding protein","WP_054018900.1"
"lcl_NZ_CP166677.1_cds_WP_054018901.1_1154",NA,"ABFT21_RS05815","ABC transporter permease","WP_054018901.1"
"lcl_NZ_CP166677.1_cds_WP_054018902.1_1155",NA,"ABFT21_RS05820","ABC transporter substrate-binding protein","WP_054018902.1"
"lcl_NZ_CP166677.1_cds_WP_054018903.1_1156",NA,"ABFT21_RS05825","ABC transporter permease","WP_054018903.1"
"lcl_NZ_CP166677.1_cds_WP_054018904.1_1157",NA,"ABFT21_RS05830","ABC transporter ATP-binding protein","WP_054018904.1"
"lcl_NZ_CP166677.1_cds_WP_157548657.1_1158",NA,"ABFT21_RS05835","ABC transporter ATP-binding protein","WP_157548657.1"
"lcl_NZ_CP166677.1_cds_WP_054018905.1_1159","lysA","ABFT21_RS05840","diaminopimelate decarboxylase","WP_054018905.1"
"lcl_NZ_CP166677.1_cds_WP_054018906.1_1160","lptM","ABFT21_RS05845","LPS translocon maturation chaperone LptM","WP_054018906.1"
"lcl_NZ_CP166677.1_cds_WP_197284571.1_1161","cyaY","ABFT21_RS05850","iron donor protein CyaY","WP_197284571.1"
"lcl_NZ_CP166677.1_cds_WP_082368003.1_1162",NA,"ABFT21_RS05855","penicillin-binding protein 1A","WP_082368003.1"
"lcl_NZ_CP166677.1_cds_WP_054018988.1_1163",NA,"ABFT21_RS05860","pilus assembly protein PilM","WP_054018988.1"
"lcl_NZ_CP166677.1_cds_WP_054018907.1_1164",NA,"ABFT21_RS05865","PilN domain-containing protein","WP_054018907.1"
"lcl_NZ_CP166677.1_cds_WP_231638010.1_1165",NA,"ABFT21_RS05870","type IV pilus inner membrane component PilO","WP_231638010.1"
"lcl_NZ_CP166677.1_cds_WP_054018909.1_1166",NA,"ABFT21_RS05875","pilus assembly protein PilP","WP_054018909.1"
"lcl_NZ_CP166677.1_cds_WP_054018910.1_1167",NA,"ABFT21_RS05880","type IV pilus secretin PilQ","WP_054018910.1"
"lcl_NZ_CP166677.1_cds_WP_197284572.1_1168",NA,"ABFT21_RS05885","Ig-like domain-containing protein","WP_197284572.1"
"lcl_NZ_CP166677.1_cds_WP_231638011.1_1169",NA,"ABFT21_RS05890","shikimate kinase","WP_231638011.1"
"lcl_NZ_CP166677.1_cds_WP_054018990.1_1170","aroB","ABFT21_RS05895","3-dehydroquinate synthase","WP_054018990.1"
"lcl_NZ_CP166677.1_cds_WP_054018912.1_1171",NA,"ABFT21_RS05900","type IV pilin protein","WP_054018912.1"
"lcl_NZ_CP166677.1_cds_WP_054018913.1_1172",NA,"ABFT21_RS05905","GspH/FimT family pseudopilin","WP_054018913.1"
"lcl_NZ_CP166677.1_cds_WP_054018914.1_1173",NA,"ABFT21_RS05910","prepilin-type N-terminal cleavage/methylation domain-containing protein","WP_054018914.1"
"lcl_NZ_CP166677.1_cds_WP_054018915.1_1174",NA,"ABFT21_RS05915","PilW family protein","WP_054018915.1"
"lcl_NZ_CP166677.1_cds_WP_157548662.1_1175",NA,"ABFT21_RS05920","pilus assembly PilX family protein","WP_157548662.1"
"lcl_NZ_CP166677.1_cds_WP_054018917.1_1176",NA,"ABFT21_RS05925","pilus assembly protein","WP_054018917.1"
"lcl_NZ_CP166677.1_cds_WP_054018918.1_1177",NA,"ABFT21_RS05930","hypothetical protein","WP_054018918.1"
"lcl_NZ_CP166677.1_cds_WP_157548668.1_1178",NA,"ABFT21_RS05935","transposase","WP_157548668.1"
"lcl_NZ_CP166677.1_cds_WP_054018920.1_1179",NA,"ABFT21_RS05940","glutamate synthase-related protein","WP_054018920.1"
"lcl_NZ_CP166677.1_cds_WP_054018921.1_1180",NA,"ABFT21_RS05945","glutamate synthase subunit beta","WP_054018921.1"
"lcl_NZ_CP166677.1_cds_WP_054018922.1_1181",NA,"ABFT21_RS05950","ABC transporter ATP-binding protein","WP_054018922.1"
"lcl_NZ_CP166677.1_cds_WP_054018923.1_1182","mlaE","ABFT21_RS05955","lipid asymmetry maintenance ABC transporter permease subunit MlaE","WP_054018923.1"
"lcl_NZ_CP166677.1_cds_WP_054018924.1_1183","mlaD","ABFT21_RS05960","outer membrane lipid asymmetry maintenance protein MlaD","WP_054018924.1"
"lcl_NZ_CP166677.1_cds_WP_054018925.1_1184",NA,"ABFT21_RS05965","MlaA family lipoprotein","WP_054018925.1"
"lcl_NZ_CP166677.1_cds_WP_054018926.1_1185",NA,"ABFT21_RS05970","MlaC/ttg2D family ABC transporter substrate-binding protein","WP_054018926.1"
"lcl_NZ_CP166677.1_cds_WP_369691122.1_1186",NA,"ABFT21_RS05975","STAS domain-containing protein","WP_369691122.1"
"lcl_NZ_CP166677.1_cds_WP_054018991.1_1187",NA,"ABFT21_RS05980","MurR/RpiR family transcriptional regulator","WP_054018991.1"
"lcl_NZ_CP166677.1_cds_WP_054018927.1_1188","zwf","ABFT21_RS05985","glucose-6-phosphate dehydrogenase","WP_054018927.1"
"lcl_NZ_CP166677.1_cds_WP_054018928.1_1189","tal","ABFT21_RS05990","transaldolase","WP_054018928.1"
"lcl_NZ_CP166677.1_cds_WP_054018929.1_1190",NA,"ABFT21_RS05995","CsgG/HfaB family protein","WP_054018929.1"
"lcl_NZ_CP166677.1_cds_WP_054018930.1_1191",NA,"ABFT21_RS06000","M20 aminoacylase family protein","WP_054018930.1"
"lcl_NZ_CP166677.1_cds_WP_054018931.1_1192",NA,"ABFT21_RS06005","molybdopterin-containing oxidoreductase family protein","WP_054018931.1"
"lcl_NZ_CP166677.1_cds_WP_054018932.1_1193",NA,"ABFT21_RS06010","aminopeptidase","WP_054018932.1"
"lcl_NZ_CP166677.1_cds_WP_054018933.1_1194",NA,"ABFT21_RS06015","polyhydroxyalkanoic acid system family protein","WP_054018933.1"
"lcl_NZ_CP166677.1_cds_WP_054018934.1_1195",NA,"ABFT21_RS06020","acyl-CoA-binding protein","WP_054018934.1"
"lcl_NZ_CP166677.1_cds_WP_054018992.1_1196",NA,"ABFT21_RS06025","WS/DGAT/MGAT family O-acyltransferase","WP_054018992.1"
"lcl_NZ_CP166677.1_cds_WP_439951429.1_1197",NA,"ABFT21_RS06030","LrgB family protein","WP_439951429.1"
"lcl_NZ_CP166677.1_cds_WP_054018935.1_1198",NA,"ABFT21_RS06035","CidA/LrgA family protein","WP_054018935.1"
"lcl_NZ_CP166677.1_cds_WP_054018994.1_1199",NA,"ABFT21_RS06040","protein-methionine-sulfoxide reductase heme-binding subunit MsrQ","WP_054018994.1"
"lcl_NZ_CP166677.1_cds_WP_054018936.1_1200","msrP","ABFT21_RS06045","protein-methionine-sulfoxide reductase catalytic subunit MsrP","WP_054018936.1"
"lcl_NZ_CP166677.1_cds_WP_054018937.1_1201",NA,"ABFT21_RS06050","hypothetical protein","WP_054018937.1"
"lcl_NZ_CP166677.1_cds_WP_054018938.1_1202",NA,"ABFT21_RS06055","c-type cytochrome","WP_054018938.1"
"lcl_NZ_CP166677.1_cds_WP_054018939.1_1203","yihA","ABFT21_RS06060","ribosome biogenesis GTP-binding protein YihA/YsxC","WP_054018939.1"
"lcl_NZ_CP166677.1_cds_WP_054018940.1_1204",NA,"ABFT21_RS06065","alpha/beta fold hydrolase","WP_054018940.1"
"lcl_NZ_CP166677.1_cds_WP_054018941.1_1205","groL","ABFT21_RS06070","chaperonin GroEL","WP_054018941.1"
"lcl_NZ_CP166677.1_cds_WP_054018942.1_1206","groES","ABFT21_RS06075","co-chaperone GroES","WP_054018942.1"
"lcl_NZ_CP166677.1_cds_WP_054018943.1_1207",NA,"ABFT21_RS06080","ferredoxin--NADP reductase","WP_054018943.1"
"lcl_NZ_CP166677.1_cds_WP_054018944.1_1208",NA,"ABFT21_RS06085","DNA gyrase inhibitor YacG","WP_054018944.1"
"lcl_NZ_CP166677.1_cds_WP_054018945.1_1209","zapD","ABFT21_RS06090","cell division protein ZapD","WP_054018945.1"
"lcl_NZ_CP166677.1_cds_WP_054018946.1_1210","coaE","ABFT21_RS06095","dephospho-CoA kinase","WP_054018946.1"
"lcl_NZ_CP166677.1_cds_WP_054018995.1_1211",NA,"ABFT21_RS06100","prepilin peptidase","WP_054018995.1"
"lcl_NZ_CP166677.1_cds_WP_054018947.1_1212",NA,"ABFT21_RS06105","type II secretion system F family protein","WP_054018947.1"
"lcl_NZ_CP166677.1_cds_WP_054018948.1_1213","pilB","ABFT21_RS06110","type IV-A pilus assembly ATPase PilB","WP_054018948.1"
"lcl_NZ_CP166677.1_cds_WP_054018996.1_1214",NA,"ABFT21_RS06120","polyprenyl synthetase family protein","WP_054018996.1"
"lcl_NZ_CP166677.1_cds_WP_054018949.1_1215","rplU","ABFT21_RS06125","50S ribosomal protein L21","WP_054018949.1"
"lcl_NZ_CP166677.1_cds_WP_054018950.1_1216","rpmA","ABFT21_RS06130","50S ribosomal protein L27","WP_054018950.1"
"lcl_NZ_CP166677.1_cds_WP_054018951.1_1217","obgE","ABFT21_RS06135","GTPase ObgE","WP_054018951.1"
"lcl_NZ_CP166677.1_cds_WP_054018952.1_1218","proB","ABFT21_RS06140","glutamate 5-kinase","WP_054018952.1"
"lcl_NZ_CP166677.1_cds_WP_054018953.1_1219",NA,"ABFT21_RS06145","RNA pyrophosphohydrolase","WP_054018953.1"
"lcl_NZ_CP166677.1_cds_WP_054018954.1_1220",NA,"ABFT21_RS06150","proline--tRNA ligase","WP_054018954.1"
"lcl_NZ_CP166677.1_cds_WP_054018955.1_1221",NA,"ABFT21_RS06155","lytic transglycosylase domain-containing protein","WP_054018955.1"
"lcl_NZ_CP166677.1_cds_WP_054018956.1_1222","grxD","ABFT21_RS06160","Grx4 family monothiol glutaredoxin","WP_054018956.1"
"lcl_NZ_CP166677.1_cds_WP_082368009.1_1223",NA,"ABFT21_RS06165","hypothetical protein","WP_082368009.1"
"lcl_NZ_CP166677.1_cds_WP_054018958.1_1224","prmC","ABFT21_RS06170","peptide chain release factor N(5)-glutamine methyltransferase","WP_054018958.1"
"lcl_NZ_CP166677.1_cds_WP_054018959.1_1225","prfA","ABFT21_RS06175","peptide chain release factor 1","WP_054018959.1"
"lcl_NZ_CP166677.1_cds_WP_054018960.1_1226","hemA","ABFT21_RS06180","glutamyl-tRNA reductase","WP_054018960.1"
"lcl_NZ_CP166677.1_cds_WP_054018961.1_1227",NA,"ABFT21_RS06185","hypothetical protein","WP_054018961.1"
"lcl_NZ_CP166677.1_cds_WP_054018962.1_1228","miaB","ABFT21_RS06190","tRNA (N6-isopentenyl adenosine(37)-C2)-methylthiotransferase MiaB","WP_054018962.1"
"lcl_NZ_CP166677.1_cds_WP_054018963.1_1229",NA,"ABFT21_RS06195","hypothetical protein","WP_054018963.1"
"lcl_NZ_CP166677.1_cds_WP_054018964.1_1230","tagH","ABFT21_RS06200","type VI secretion system-associated FHA domain protein TagH","WP_054018964.1"
"lcl_NZ_CP166677.1_cds_WP_054018965.1_1231",NA,"ABFT21_RS06205","PP2C family protein-serine/threonine phosphatase","WP_054018965.1"
"lcl_NZ_CP166677.1_cds_WP_054018966.1_1232",NA,"ABFT21_RS06210","type VI secretion system Vgr family protein","WP_054018966.1"
"lcl_NZ_CP166677.1_cds_WP_054018967.1_1233",NA,"ABFT21_RS06215","DUF4123 domain-containing protein","WP_054018967.1"
"lcl_NZ_CP166677.1_cds_WP_082368011.1_1234",NA,"ABFT21_RS06220","type VI secretion system contractile sheath domain-containing protein","WP_082368011.1"
"lcl_NZ_CP166677.1_cds_WP_054018969.1_1235","tssK","ABFT21_RS06225","type VI secretion system baseplate subunit TssK","WP_054018969.1"
"lcl_NZ_CP166677.1_cds_WP_054018970.1_1236","icmH","ABFT21_RS06230","type IVB secretion system protein IcmH/DotU","WP_054018970.1"
"lcl_NZ_CP166677.1_cds_WP_054018971.1_1237","tssM","ABFT21_RS06235","type VI secretion system membrane subunit TssM","WP_054018971.1"
"lcl_NZ_CP166677.1_cds_WP_082368012.1_1238","tagF","ABFT21_RS06240","type VI secretion system-associated protein TagF","WP_082368012.1"
"lcl_NZ_CP166677.1_cds_WP_054018973.1_1239","tssA","ABFT21_RS06245","type VI secretion system protein TssA","WP_054018973.1"
"lcl_NZ_CP166677.1_cds_WP_054018974.1_1240","tssB","ABFT21_RS06250","type VI secretion system contractile sheath small subunit","WP_054018974.1"
"lcl_NZ_CP166677.1_cds_WP_054018975.1_1241","tssC","ABFT21_RS06255","type VI secretion system contractile sheath large subunit","WP_054018975.1"
"lcl_NZ_CP166677.1_cds_WP_054018976.1_1242",NA,"ABFT21_RS06260","Hcp family type VI secretion system effector","WP_054018976.1"
"lcl_NZ_CP166677.1_cds_WP_054018977.1_1243",NA,"ABFT21_RS06265","type VI secretion system accessory protein TagJ","WP_054018977.1"
"lcl_NZ_CP166677.1_cds_WP_054018978.1_1244","tssE","ABFT21_RS06270","type VI secretion system baseplate subunit TssE","WP_054018978.1"
"lcl_NZ_CP166677.1_cds_WP_054018979.1_1245","tssF","ABFT21_RS06275","type VI secretion system baseplate subunit TssF","WP_054018979.1"
"lcl_NZ_CP166677.1_cds_WP_157548674.1_1246","tssG","ABFT21_RS06280","type VI secretion system baseplate subunit TssG","WP_157548674.1"
"lcl_NZ_CP166677.1_cds_WP_054018980.1_1247","tssH","ABFT21_RS06285","type VI secretion system ATPase TssH","WP_054018980.1"
"lcl_NZ_CP166677.1_cds_WP_054018981.1_1248",NA,"ABFT21_RS06290","DUF1841 family protein","WP_054018981.1"
"lcl_NZ_CP166677.1_cds_WP_082368014.1_1249",NA,"ABFT21_RS06295","DUF3299 domain-containing protein","WP_082368014.1"
"lcl_NZ_CP166677.1_cds_WP_054018982.1_1250",NA,"ABFT21_RS06300","ABC transporter permease","WP_054018982.1"
"lcl_NZ_CP166677.1_cds_WP_054018983.1_1251",NA,"ABFT21_RS06305","ATP-binding cassette domain-containing protein","WP_054018983.1"
"lcl_NZ_CP166677.1_cds_WP_054022716.1_1252",NA,"ABFT21_RS06310","DUF2796 domain-containing protein","WP_054022716.1"
"lcl_NZ_CP166677.1_cds_WP_231638275.1_1253",NA,"ABFT21_RS06315","metal ABC transporter solute-binding protein, Zn/Mn family","WP_231638275.1"
"lcl_NZ_CP166677.1_cds_WP_054022715.1_1254",NA,"ABFT21_RS06320","metal ABC transporter permease","WP_054022715.1"
"lcl_NZ_CP166677.1_cds_WP_231638274.1_1255",NA,"ABFT21_RS06325","metal ABC transporter ATP-binding protein","WP_231638274.1"
"lcl_NZ_CP166677.1_cds_WP_054022714.1_1256",NA,"ABFT21_RS06330","Fur family transcriptional regulator","WP_054022714.1"
"lcl_NZ_CP166677.1_cds_WP_054022713.1_1257",NA,"ABFT21_RS06335","ParA family protein","WP_054022713.1"
"lcl_NZ_CP166677.1_cds_WP_054022712.1_1258",NA,"ABFT21_RS06340","MaoC family dehydratase","WP_054022712.1"
"lcl_NZ_CP166677.1_cds_WP_054022711.1_1259",NA,"ABFT21_RS06345","response regulator","WP_054022711.1"
"lcl_NZ_CP166677.1_cds_WP_082368701.1_1260",NA,"ABFT21_RS06350","hybrid sensor histidine kinase/response regulator","WP_082368701.1"
"lcl_NZ_CP166677.1_cds_WP_054017891.1_1261","panC","ABFT21_RS06355","pantoate--beta-alanine ligase","WP_054017891.1"
"lcl_NZ_CP166677.1_cds_WP_054017892.1_1262","panB","ABFT21_RS06360","3-methyl-2-oxobutanoate hydroxymethyltransferase","WP_054017892.1"
"lcl_NZ_CP166677.1_cds_WP_054017893.1_1263",NA,"ABFT21_RS06365","segregation and condensation protein A","WP_054017893.1"
"lcl_NZ_CP166677.1_cds_WP_054018019.1_1264",NA,"ABFT21_RS06370","DUF3460 family protein","WP_054018019.1"
"lcl_NZ_CP166677.1_cds_WP_054017894.1_1265",NA,"ABFT21_RS06375","CHAD domain-containing protein","WP_054017894.1"
"lcl_NZ_CP166677.1_cds_WP_231637953.1_1266",NA,"ABFT21_RS06380","SulP family inorganic anion transporter","WP_231637953.1"
"lcl_NZ_CP166677.1_cds_WP_157548382.1_1267",NA,"ABFT21_RS06385","YoaK family protein","WP_157548382.1"
"lcl_NZ_CP166677.1_cds_WP_157548413.1_1268","metG","ABFT21_RS06390","methionine--tRNA ligase","WP_157548413.1"
"lcl_NZ_CP166677.1_cds_WP_054017896.1_1269",NA,"ABFT21_RS06395","sensor histidine kinase","WP_054017896.1"
"lcl_NZ_CP166677.1_cds_WP_054017897.1_1270",NA,"ABFT21_RS06400","response regulator","WP_054017897.1"
"lcl_NZ_CP166677.1_cds_WP_082367703.1_1271",NA,"ABFT21_RS06405","TonB-dependent receptor","WP_082367703.1"
"lcl_NZ_CP166677.1_cds_WP_054017898.1_1272","apbC","ABFT21_RS06410","iron-sulfur cluster carrier protein ApbC","WP_054017898.1"
"lcl_NZ_CP166677.1_cds_WP_054017899.1_1273",NA,"ABFT21_RS06415","sigma-54-dependent transcriptional regulator","WP_054017899.1"
"lcl_NZ_CP166677.1_cds_WP_157548384.1_1274","fdnG","ABFT21_RS06420","formate dehydrogenase-N subunit alpha","WP_157548384.1"
"lcl_NZ_CP166677.1_cds_WP_054017902.1_1275","fdxH","ABFT21_RS06425","formate dehydrogenase subunit beta","WP_054017902.1"
"lcl_NZ_CP166677.1_cds_WP_054017903.1_1276",NA,"ABFT21_RS06430","formate dehydrogenase subunit gamma","WP_054017903.1"
"lcl_NZ_CP166677.1_cds_WP_231637946.1_1277","fdhE","ABFT21_RS06435","formate dehydrogenase accessory protein FdhE","WP_231637946.1"
"lcl_NZ_CP166677.1_cds_WP_054017905.1_1278","selA","ABFT21_RS06440","L-seryl-tRNA(Sec) selenium transferase","WP_054017905.1"
"lcl_NZ_CP166677.1_cds_WP_054017906.1_1279",NA,"ABFT21_RS06445","NAD(P)/FAD-dependent oxidoreductase","WP_054017906.1"
"lcl_NZ_CP166677.1_cds_WP_054017907.1_1280",NA,"ABFT21_RS06450","TlpA family protein disulfide reductase","WP_054017907.1"
"lcl_NZ_CP166677.1_cds_WP_054017908.1_1281",NA,"ABFT21_RS06455","transglutaminase-like domain-containing protein","WP_054017908.1"
"lcl_NZ_CP166677.1_cds_WP_054017909.1_1282","selB","ABFT21_RS06460","selenocysteine-specific translation elongation factor","WP_054017909.1"
"lcl_NZ_CP166677.1_cds_WP_054017910.1_1283",NA,"ABFT21_RS06470","glycine cleavage system protein H","WP_054017910.1"
"lcl_NZ_CP166677.1_cds_WP_231637947.1_1284",NA,"ABFT21_RS06475","DsrE family protein","WP_231637947.1"
"lcl_NZ_CP166677.1_cds_WP_082367705.1_1285",NA,"ABFT21_RS06480","nitroreductase family protein","WP_082367705.1"
"lcl_NZ_CP166677.1_cds_WP_082367707.1_1286","mobA","ABFT21_RS06485","molybdenum cofactor guanylyltransferase MobA","WP_082367707.1"
"lcl_NZ_CP166677.1_cds_WP_054017911.1_1287","dcd","ABFT21_RS06490","dCTP deaminase","WP_054017911.1"
"lcl_NZ_CP166677.1_cds_WP_054017912.1_1288","ypfJ","ABFT21_RS06495","KPN_02809 family neutral zinc metallopeptidase","WP_054017912.1"
"lcl_NZ_CP166677.1_cds_WP_054017913.1_1289",NA,"ABFT21_RS06500","VOC family protein","WP_054017913.1"
"lcl_NZ_CP166677.1_cds_WP_054017914.1_1290",NA,"ABFT21_RS06505","alpha-hydroxy acid oxidase","WP_054017914.1"
"lcl_NZ_CP166677.1_cds_WP_054017915.1_1291",NA,"ABFT21_RS06510","group I truncated hemoglobin","WP_054017915.1"
"lcl_NZ_CP166677.1_cds_WP_082367708.1_1292",NA,"ABFT21_RS06515","DUF3034 family protein","WP_082367708.1"
"lcl_NZ_CP166677.1_cds_WP_082367710.1_1293","dinB","ABFT21_RS06520","DNA polymerase IV","WP_082367710.1"
"lcl_NZ_CP166677.1_cds_WP_157548387.1_1294",NA,"ABFT21_RS06525","hypothetical protein","WP_157548387.1"
"lcl_NZ_CP166677.1_cds_WP_054017917.1_1295","flgM","ABFT21_RS06530","flagellar biosynthesis anti-sigma factor FlgM","WP_054017917.1"
"lcl_NZ_CP166677.1_cds_WP_231637948.1_1296","flgA","ABFT21_RS06535","flagellar basal body P-ring formation chaperone FlgA","WP_231637948.1"
"lcl_NZ_CP166677.1_cds_WP_054017918.1_1297",NA,"ABFT21_RS06540","flagellar basal body rod protein FlgB","WP_054017918.1"
"lcl_NZ_CP166677.1_cds_WP_054017919.1_1298","flgC","ABFT21_RS06545","flagellar basal body rod protein FlgC","WP_054017919.1"
"lcl_NZ_CP166677.1_cds_WP_054017920.1_1299",NA,"ABFT21_RS06550","flagellar hook assembly protein FlgD","WP_054017920.1"
"lcl_NZ_CP166677.1_cds_WP_054017921.1_1300","flgE","ABFT21_RS06555","flagellar hook protein FlgE","WP_054017921.1"
"lcl_NZ_CP166677.1_cds_WP_054017922.1_1301","flgF","ABFT21_RS06560","flagellar basal-body rod protein FlgF","WP_054017922.1"
"lcl_NZ_CP166677.1_cds_WP_054017923.1_1302","flgG","ABFT21_RS06565","flagellar basal-body rod protein FlgG","WP_054017923.1"
"lcl_NZ_CP166677.1_cds_WP_054017924.1_1303",NA,"ABFT21_RS06570","flagellar basal body L-ring protein FlgH","WP_054017924.1"
"lcl_NZ_CP166677.1_cds_WP_054017925.1_1304",NA,"ABFT21_RS06575","flagellar basal body P-ring protein FlgI","WP_054017925.1"
"lcl_NZ_CP166677.1_cds_WP_082367712.1_1305","flgJ","ABFT21_RS06580","flagellar assembly peptidoglycan hydrolase FlgJ","WP_082367712.1"
"lcl_NZ_CP166677.1_cds_WP_054017926.1_1306","flgK","ABFT21_RS06585","flagellar hook-associated protein FlgK","WP_054017926.1"
"lcl_NZ_CP166677.1_cds_WP_054017927.1_1307","flgL","ABFT21_RS06590","flagellar hook-associated protein FlgL","WP_054017927.1"
"lcl_NZ_CP166677.1_cds_WP_054017928.1_1308",NA,"ABFT21_RS06595","EAL and HDOD domain-containing protein","WP_054017928.1"
"lcl_NZ_CP166677.1_cds_WP_054017929.1_1309",NA,"ABFT21_RS06600","PAS domain-containing sensor histidine kinase","WP_054017929.1"
"lcl_NZ_CP166677.1_cds_WP_054017930.1_1310",NA,"ABFT21_RS06605","response regulator","WP_054017930.1"
"lcl_NZ_CP166677.1_cds_WP_082367742.1_1311",NA,"ABFT21_RS06610","PQQ-dependent sugar dehydrogenase","WP_082367742.1"
"lcl_NZ_CP166677.1_cds_WP_480338862.1_1312",NA,"ABFT21_RS06615","hypothetical protein","WP_480338862.1"
"lcl_NZ_CP166677.1_cds_WP_054017931.1_1313",NA,"ABFT21_RS06620","sensor histidine kinase","WP_054017931.1"
"lcl_NZ_CP166677.1_cds_WP_054017932.1_1314",NA,"ABFT21_RS06625","response regulator","WP_054017932.1"
"lcl_NZ_CP166677.1_cds_WP_054017933.1_1315",NA,"ABFT21_RS06630","putative bifunctional diguanylate cyclase/phosphodiesterase","WP_054017933.1"
"lcl_NZ_CP166677.1_cds_WP_054017934.1_1316",NA,"ABFT21_RS06635","GGDEF domain-containing protein","WP_054017934.1"
"lcl_NZ_CP166677.1_cds_WP_054017935.1_1317",NA,"ABFT21_RS06640","sensor domain-containing diguanylate cyclase","WP_054017935.1"
"lcl_NZ_CP166677.1_cds_WP_054017936.1_1318",NA,"ABFT21_RS06645","YciI family protein","WP_054017936.1"
"lcl_NZ_CP166677.1_cds_WP_054017937.1_1319",NA,"ABFT21_RS06650","hypothetical protein","WP_054017937.1"
"lcl_NZ_CP166677.1_cds_WP_231637949.1_1320",NA,"ABFT21_RS06655","HipA domain-containing protein","WP_231637949.1"
"lcl_NZ_CP166677.1_cds_WP_054017938.1_1321",NA,"ABFT21_RS06660","hypothetical protein","WP_054017938.1"
"lcl_NZ_CP166677.1_cds_WP_054017939.1_1322",NA,"ABFT21_RS06665","transcriptional regulator","WP_054017939.1"
"lcl_NZ_CP166677.1_cds_WP_054017940.1_1323",NA,"ABFT21_RS06670","Fic family protein","WP_054017940.1"
"lcl_NZ_CP166677.1_cds_WP_054017941.1_1324",NA,"ABFT21_RS06680","symmetrical bis(5'-nucleosyl)-tetraphosphatase","WP_054017941.1"
"lcl_NZ_CP166677.1_cds_WP_054017942.1_1325",NA,"ABFT21_RS06685","hemolysin family protein","WP_054017942.1"
"lcl_NZ_CP166677.1_cds_WP_054017943.1_1326",NA,"ABFT21_RS06690","SapC family protein","WP_054017943.1"
"lcl_NZ_CP166677.1_cds_WP_054017944.1_1327",NA,"ABFT21_RS06695","lyase family protein","WP_054017944.1"
"lcl_NZ_CP166677.1_cds_WP_054017945.1_1328","pcaCD","ABFT21_RS06700","bifunctional 4-carboxymuconolactone decarboxylase/3-oxoadipate enol-lactonase PcaCD","WP_054017945.1"
"lcl_NZ_CP166677.1_cds_WP_082367715.1_1329",NA,"ABFT21_RS06705","DUF502 domain-containing protein","WP_082367715.1"
"lcl_NZ_CP166677.1_cds_WP_054017946.1_1330",NA,"ABFT21_RS06710","TRAP transporter substrate-binding protein","WP_054017946.1"
"lcl_NZ_CP166677.1_cds_WP_054017947.1_1331",NA,"ABFT21_RS06715","TRAP transporter small permease","WP_054017947.1"
"lcl_NZ_CP166677.1_cds_WP_054017948.1_1332",NA,"ABFT21_RS06720","TRAP transporter large permease","WP_054017948.1"
"lcl_NZ_CP166677.1_cds_WP_054017949.1_1333",NA,"ABFT21_RS06725","putative bifunctional diguanylate cyclase/phosphodiesterase","WP_054017949.1"
"lcl_NZ_CP166677.1_cds_WP_054017950.1_1334",NA,"ABFT21_RS06730","alkaline phosphatase family protein","WP_054017950.1"
"lcl_NZ_CP166677.1_cds_WP_054017951.1_1335",NA,"ABFT21_RS06735","beta-ketoacyl synthase N-terminal-like domain-containing protein","WP_054017951.1"
"lcl_NZ_CP166677.1_cds_WP_054017952.1_1336",NA,"ABFT21_RS06740","acyl carrier protein","WP_054017952.1"
"lcl_NZ_CP166677.1_cds_WP_197284513.1_1337",NA,"ABFT21_RS06745","phosphatase PAP2 family protein","WP_197284513.1"
"lcl_NZ_CP166677.1_cds_WP_231637950.1_1338",NA,"ABFT21_RS06750","lysophospholipid acyltransferase family protein","WP_231637950.1"
"lcl_NZ_CP166677.1_cds_WP_480338869.1_1339",NA,"ABFT21_RS06755","NAD(P)/FAD-dependent oxidoreductase","WP_480338869.1"
"lcl_NZ_CP166677.1_cds_WP_082367720.1_1340",NA,"ABFT21_RS06760","beta-ketoacyl synthase chain length factor","WP_082367720.1"
"lcl_NZ_CP166677.1_cds_WP_054017953.1_1341",NA,"ABFT21_RS06765","beta-ketoacyl synthase chain length factor","WP_054017953.1"
"lcl_NZ_CP166677.1_cds_WP_054017954.1_1342",NA,"ABFT21_RS06770","beta-ketoacyl-[acyl-carrier-protein","WP_054017954.1"
"lcl_NZ_CP166677.1_cds_WP_054017955.1_1343",NA,"ABFT21_RS06775","MMPL family transporter","WP_054017955.1"
"lcl_NZ_CP166677.1_cds_WP_157548390.1_1344",NA,"ABFT21_RS06780","LolA-related protein","WP_157548390.1"
"lcl_NZ_CP166677.1_cds_WP_054017956.1_1345",NA,"ABFT21_RS06785","phosphopantetheine-binding protein","WP_054017956.1"
"lcl_NZ_CP166677.1_cds_WP_054017957.1_1346",NA,"ABFT21_RS06790","helicase-related protein","WP_054017957.1"
"lcl_NZ_CP166677.1_cds_WP_259375135.1_1347","kynA","ABFT21_RS06795","tryptophan 2,3-dioxygenase","WP_259375135.1"
"lcl_NZ_CP166677.1_cds_WP_054017958.1_1348","kynU","ABFT21_RS06800","kynureninase","WP_054017958.1"
"lcl_NZ_CP166677.1_cds_WP_054017959.1_1349","kynB","ABFT21_RS06805","arylformamidase","WP_054017959.1"
"lcl_NZ_CP166677.1_cds_WP_054017960.1_1350",NA,"ABFT21_RS06810","YkgJ family cysteine cluster protein","WP_054017960.1"
"lcl_NZ_CP166677.1_cds_WP_157548393.1_1351",NA,"ABFT21_RS06815","CHAT domain-containing protein","WP_157548393.1"
"lcl_NZ_CP166677.1_cds_WP_082367725.1_1352",NA,"ABFT21_RS06820","two-partner secretion domain-containing protein","WP_082367725.1"
"lcl_NZ_CP166677.1_cds_WP_054017963.1_1353",NA,"ABFT21_RS06825","ShlB/FhaC/HecB family hemolysin secretion/activation protein","WP_054017963.1"
"lcl_NZ_CP166677.1_cds_WP_054017964.1_1354",NA,"ABFT21_RS06830","EAL domain-containing protein","WP_054017964.1"
"lcl_NZ_CP166677.1_cds_WP_054017965.1_1355",NA,"ABFT21_RS06835","FecR family protein","WP_054017965.1"
"lcl_NZ_CP166677.1_cds_WP_054017966.1_1356","argF","ABFT21_RS06840","ornithine carbamoyltransferase","WP_054017966.1"
"lcl_NZ_CP166677.1_cds_WP_054017967.1_1357",NA,"ABFT21_RS06845","aspartate aminotransferase family protein","WP_054017967.1"
"lcl_NZ_CP166677.1_cds_WP_054017968.1_1358",NA,"ABFT21_RS06850","DUF3579 domain-containing protein","WP_054017968.1"
"lcl_NZ_CP166677.1_cds_WP_054017969.1_1359","rpsT","ABFT21_RS06855","30S ribosomal protein S20","WP_054017969.1"
"lcl_NZ_CP166677.1_cds_WP_054017970.1_1360","murJ","ABFT21_RS06860","murein biosynthesis integral membrane protein MurJ","WP_054017970.1"
"lcl_NZ_CP166677.1_cds_WP_054017971.1_1361",NA,"ABFT21_RS06865","SirB1 family protein","WP_054017971.1"
"lcl_NZ_CP166677.1_cds_WP_054018035.1_1362",NA,"ABFT21_RS06870","AI-2E family transporter","WP_054018035.1"
"lcl_NZ_CP166677.1_cds_WP_054017972.1_1363",NA,"ABFT21_RS06875","HdaA/DnaA family protein","WP_054017972.1"
"lcl_NZ_CP166677.1_cds_WP_054017973.1_1364",NA,"ABFT21_RS06880","histidinol-phosphatase","WP_054017973.1"
"lcl_NZ_CP166677.1_cds_WP_054017974.1_1365","pcnB","ABFT21_RS06885","polynucleotide adenylyltransferase PcnB","WP_054017974.1"
"lcl_NZ_CP166677.1_cds_WP_054017975.1_1366","folK","ABFT21_RS06890","2-amino-4-hydroxy-6-hydroxymethyldihydropteridine diphosphokinase","WP_054017975.1"
"lcl_NZ_CP166677.1_cds_WP_054017976.1_1367",NA,"ABFT21_RS06895","DMT family protein","WP_054017976.1"
"lcl_NZ_CP166677.1_cds_WP_054017977.1_1368",NA,"ABFT21_RS06900","TM2 domain-containing protein","WP_054017977.1"
"lcl_NZ_CP166677.1_cds_WP_054017978.1_1369",NA,"ABFT21_RS06905","GNAT family N-acetyltransferase","WP_054017978.1"
"lcl_NZ_CP166677.1_cds_WP_054017979.1_1370","rpsP","ABFT21_RS06910","30S ribosomal protein S16","WP_054017979.1"
"lcl_NZ_CP166677.1_cds_WP_054017980.1_1371","rimM","ABFT21_RS06915","ribosome maturation factor RimM","WP_054017980.1"
"lcl_NZ_CP166677.1_cds_WP_054017981.1_1372","trmD","ABFT21_RS06920","tRNA (guanosine(37)-N1)-methyltransferase TrmD","WP_054017981.1"
"lcl_NZ_CP166677.1_cds_WP_054017982.1_1373","rplS","ABFT21_RS06925","50S ribosomal protein L19","WP_054017982.1"
"lcl_NZ_CP166677.1_cds_WP_054017983.1_1374",NA,"ABFT21_RS06930","CoA pyrophosphatase","WP_054017983.1"
"lcl_NZ_CP166677.1_cds_WP_054017984.1_1375",NA,"ABFT21_RS06935","CobD/CbiB family protein","WP_054017984.1"
"lcl_NZ_CP166677.1_cds_WP_054017985.1_1376","rsgA","ABFT21_RS06940","ribosome small subunit-dependent GTPase A","WP_054017985.1"
"lcl_NZ_CP166677.1_cds_WP_054017986.1_1377",NA,"ABFT21_RS06945","M48 family metallopeptidase","WP_054017986.1"
"lcl_NZ_CP166677.1_cds_WP_054017987.1_1378","orn","ABFT21_RS06950","oligoribonuclease","WP_054017987.1"
"lcl_NZ_CP166677.1_cds_WP_054017988.1_1379",NA,"ABFT21_RS06955","DUF2087 domain-containing protein","WP_054017988.1"
"lcl_NZ_CP166677.1_cds_WP_082367730.1_1380",NA,"ABFT21_RS06960","DEAD/DEAH box helicase","WP_082367730.1"
"lcl_NZ_CP166677.1_cds_WP_054017989.1_1381",NA,"ABFT21_RS06965","DUF3429 domain-containing protein","WP_054017989.1"
"lcl_NZ_CP166677.1_cds_WP_054017990.1_1382",NA,"ABFT21_RS06970","M61 family metallopeptidase","WP_054017990.1"
"lcl_NZ_CP166677.1_cds_WP_054017991.1_1383",NA,"ABFT21_RS06975","DUF3108 domain-containing protein","WP_054017991.1"
"lcl_NZ_CP166677.1_cds_WP_054017992.1_1384",NA,"ABFT21_RS06980","enoyl-CoA hydratase","WP_054017992.1"
"lcl_NZ_CP166677.1_cds_WP_157548396.1_1385",NA,"ABFT21_RS06985","hypothetical protein","WP_157548396.1"
"lcl_NZ_CP166677.1_cds_WP_054017994.1_1386",NA,"ABFT21_RS06990","hypothetical protein","WP_054017994.1"
"lcl_NZ_CP166677.1_cds_WP_054017995.1_1387",NA,"ABFT21_RS06995","MSCRAMM family protein","WP_054017995.1"
"lcl_NZ_CP166677.1_cds_WP_054017996.1_1388",NA,"ABFT21_RS07000","hypothetical protein","WP_054017996.1"
"lcl_NZ_CP166677.1_cds_WP_082367731.1_1389","lysS","ABFT21_RS07005","lysine--tRNA ligase","WP_082367731.1"
"lcl_NZ_CP166677.1_cds_WP_054017997.1_1390",NA,"ABFT21_RS07010","acyltransferase","WP_054017997.1"
"lcl_NZ_CP166677.1_cds_WP_054017998.1_1391",NA,"ABFT21_RS07015","glycosyltransferase","WP_054017998.1"
"lcl_NZ_CP166677.1_cds_WP_082367744.1_1392",NA,"ABFT21_RS07020","TylF/MycF/NovP-related O-methyltransferase","WP_082367744.1"
"lcl_NZ_CP166677.1_cds_WP_197284514.1_1393",NA,"ABFT21_RS07025","oligosaccharide flippase family protein","WP_197284514.1"
"lcl_NZ_CP166677.1_cds_WP_054018001.1_1394",NA,"ABFT21_RS07030","hypothetical protein","WP_054018001.1"
"lcl_NZ_CP166677.1_cds_WP_054018002.1_1395",NA,"ABFT21_RS07035","glycosyltransferase","WP_054018002.1"
"lcl_NZ_CP166677.1_cds_WP_054018003.1_1396",NA,"ABFT21_RS07040","glycosyltransferase family 2 protein","WP_054018003.1"
"lcl_NZ_CP166677.1_cds_WP_231637952.1_1397",NA,"ABFT21_RS07045","class I SAM-dependent methyltransferase","WP_231637952.1"
"lcl_NZ_CP166677.1_cds_WP_054018004.1_1398",NA,"ABFT21_RS07050","DegT/DnrJ/EryC1/StrS family aminotransferase","WP_054018004.1"
"lcl_NZ_CP166677.1_cds_WP_054018038.1_1399",NA,"ABFT21_RS07055","sugar transferase","WP_054018038.1"
"lcl_NZ_CP166677.1_cds_WP_054018005.1_1400",NA,"ABFT21_RS07060","polysaccharide biosynthesis protein","WP_054018005.1"
"lcl_NZ_CP166677.1_cds_WP_054018006.1_1401",NA,"ABFT21_RS07065","MraY family glycosyltransferase","WP_054018006.1"
"lcl_NZ_CP166677.1_cds_WP_054018007.1_1402",NA,"ABFT21_RS07070","secretin N-terminal domain-containing protein","WP_054018007.1"
"lcl_NZ_CP166677.1_cds_WP_054018008.1_1403",NA,"ABFT21_RS07075","hypothetical protein","WP_054018008.1"
"lcl_NZ_CP166677.1_cds_WP_054018009.1_1404",NA,"ABFT21_RS07080","hypothetical protein","WP_054018009.1"
"lcl_NZ_CP166677.1_cds_WP_157548400.1_1405",NA,"ABFT21_RS07085","hypothetical protein","WP_157548400.1"
"lcl_NZ_CP166677.1_cds_WP_054018011.1_1406",NA,"ABFT21_RS07090","type II secretion system minor pseudopilin","WP_054018011.1"
"lcl_NZ_CP166677.1_cds_WP_054018012.1_1407",NA,"ABFT21_RS07095","PilW family protein","WP_054018012.1"
"lcl_NZ_CP166677.1_cds_WP_082367735.1_1408",NA,"ABFT21_RS07100","type II secretion system protein","WP_082367735.1"
"lcl_NZ_CP166677.1_cds_WP_054018014.1_1409",NA,"ABFT21_RS07105","prepilin-type N-terminal cleavage/methylation domain-containing protein","WP_054018014.1"
"lcl_NZ_CP166677.1_cds_WP_054018039.1_1410","gspG","ABFT21_RS07110","type II secretion system major pseudopilin GspG","WP_054018039.1"
"lcl_NZ_CP166677.1_cds_WP_054018015.1_1411",NA,"ABFT21_RS07115","type II secretion system F family protein","WP_054018015.1"
"lcl_NZ_CP166677.1_cds_WP_157548403.1_1412",NA,"ABFT21_RS07120","hypothetical protein","WP_157548403.1"
"lcl_NZ_CP166677.1_cds_WP_157548406.1_1413",NA,"ABFT21_RS07125","hypothetical protein","WP_157548406.1"
"lcl_NZ_CP166677.1_cds_WP_054018018.1_1414",NA,"ABFT21_RS07130","GspE/PulE family protein","WP_054018018.1"
"lcl_NZ_CP166677.1_cds_WP_463938064.1_1415",NA,"ABFT21_RS07135","acyltransferase family protein","WP_463938064.1"
"lcl_NZ_CP166677.1_cds_WP_054020966.1_1416",NA,"ABFT21_RS07140","glycosyltransferase family 9 protein","WP_054020966.1"
"lcl_NZ_CP166677.1_cds_WP_054020965.1_1417",NA,"ABFT21_RS07145","glycosyltransferase WbsX family protein","WP_054020965.1"
"lcl_NZ_CP166677.1_cds_WP_197284676.1_1418",NA,"ABFT21_RS07150","glycosyltransferase","WP_197284676.1"
"lcl_NZ_CP166677.1_cds_WP_054020963.1_1419",NA,"ABFT21_RS07155","glycosyltransferase family 4 protein","WP_054020963.1"
"lcl_NZ_CP166677.1_cds_WP_054020962.1_1420",NA,"ABFT21_RS07160","class I SAM-dependent methyltransferase","WP_054020962.1"
"lcl_NZ_CP166677.1_cds_WP_054020961.1_1421",NA,"ABFT21_RS07165","hypothetical protein","WP_054020961.1"
"lcl_NZ_CP166677.1_cds_WP_054020960.1_1422",NA,"ABFT21_RS07170","glycosyltransferase","WP_054020960.1"
"lcl_NZ_CP166677.1_cds_WP_157549016.1_1423",NA,"ABFT21_RS07175","glycosyltransferase family 4 protein","WP_157549016.1"
"lcl_NZ_CP166677.1_cds_WP_054020958.1_1424",NA,"ABFT21_RS07180","NAD-dependent epimerase/dehydratase family protein","WP_054020958.1"
"lcl_NZ_CP166677.1_cds_WP_197284675.1_1425",NA,"ABFT21_RS07185","lipopolysaccharide biosynthesis protein","WP_197284675.1"
"lcl_NZ_CP166677.1_cds_WP_305778295.1_1426",NA,"ABFT21_RS07190","acyltransferase","WP_305778295.1"
"lcl_NZ_CP166677.1_cds_WP_157549010.1_1427",NA,"ABFT21_RS07195","hypothetical protein","WP_157549010.1"
"lcl_NZ_CP166677.1_cds_WP_054020955.1_1428",NA,"ABFT21_RS07200","SGNH/GDSL hydrolase family protein","WP_054020955.1"
"lcl_NZ_CP166677.1_cds_WP_054020954.1_1429","gmd","ABFT21_RS07205","GDP-mannose 4,6-dehydratase","WP_054020954.1"
"lcl_NZ_CP166677.1_cds_WP_054020953.1_1430",NA,"ABFT21_RS07210","DNA ligase","WP_054020953.1"
"lcl_NZ_CP166677.1_cds_WP_054020952.1_1431",NA,"ABFT21_RS07215","TIGR00266 family protein","WP_054020952.1"
"lcl_NZ_CP166677.1_cds_WP_369691154.1_1432",NA,"ABFT21_RS07220","YncE family protein","WP_369691154.1"
"lcl_NZ_CP166677.1_cds_WP_082368389.1_1433",NA,"ABFT21_RS07225","polysaccharide deacetylase family protein","WP_082368389.1"
"lcl_NZ_CP166677.1_cds_WP_054020951.1_1434",NA,"ABFT21_RS07230","sialate O-acetylesterase","WP_054020951.1"
"lcl_NZ_CP166677.1_cds_WP_054020950.1_1435",NA,"ABFT21_RS07235","sterol desaturase family protein","WP_054020950.1"
"lcl_NZ_CP166677.1_cds_WP_054020949.1_1436",NA,"ABFT21_RS07240","EI24 domain-containing protein","WP_054020949.1"
"lcl_NZ_CP166677.1_cds_WP_054020948.1_1437",NA,"ABFT21_RS07245","competence/damage-inducible protein A","WP_054020948.1"
"lcl_NZ_CP166677.1_cds_WP_054020947.1_1438","glnA","ABFT21_RS07250","type I glutamate--ammonia ligase","WP_054020947.1"
"lcl_NZ_CP166677.1_cds_WP_054020946.1_1439",NA,"ABFT21_RS07255","hypothetical protein","WP_054020946.1"
"lcl_NZ_CP166677.1_cds_WP_082368387.1_1440","glnL","ABFT21_RS07260","nitrogen regulation protein NR(II)","WP_082368387.1"
"lcl_NZ_CP166677.1_cds_WP_054020945.1_1441","ntrC","ABFT21_RS07265","nitrogen regulation protein NR(I)","WP_054020945.1"
"lcl_NZ_CP166677.1_cds_WP_054020944.1_1442","xth","ABFT21_RS07270","exodeoxyribonuclease III","WP_054020944.1"
"lcl_NZ_CP166677.1_cds_WP_082368386.1_1443",NA,"ABFT21_RS07275","GntR family transcriptional regulator","WP_082368386.1"
"lcl_NZ_CP166677.1_cds_WP_054020943.1_1444",NA,"ABFT21_RS07280","alpha/beta hydrolase domain-containing protein","WP_054020943.1"
"lcl_NZ_CP166677.1_cds_WP_054020942.1_1445",NA,"ABFT21_RS07285","hypothetical protein","WP_054020942.1"
"lcl_NZ_CP166677.1_cds_WP_480338888.1_1446",NA,"ABFT21_RS07290","thermostable hemolysin","WP_480338888.1"
"lcl_NZ_CP166677.1_cds_WP_054020940.1_1447",NA,"ABFT21_RS07295","AMP-binding protein","WP_054020940.1"
"lcl_NZ_CP166677.1_cds_WP_054020939.1_1448",NA,"ABFT21_RS07300","iron-containing redox enzyme family protein","WP_054020939.1"
"lcl_NZ_CP166677.1_cds_WP_054020938.1_1449",NA,"ABFT21_RS07305","SDR family oxidoreductase","WP_054020938.1"
"lcl_NZ_CP166677.1_cds_WP_054020971.1_1450",NA,"ABFT21_RS07310","TRAP transporter TatT component family protein","WP_054020971.1"
"lcl_NZ_CP166677.1_cds_WP_231638159.1_1451",NA,"ABFT21_RS07315","ATP-binding protein","WP_231638159.1"
"lcl_NZ_CP166677.1_cds_WP_054020937.1_1452",NA,"ABFT21_RS07320","response regulator transcription factor","WP_054020937.1"
"lcl_NZ_CP166677.1_cds_WP_054020936.1_1453",NA,"ABFT21_RS07325","HlyD family secretion protein","WP_054020936.1"
"lcl_NZ_CP166677.1_cds_WP_082368394.1_1454",NA,"ABFT21_RS07330","peptidase domain-containing ABC transporter","WP_082368394.1"
"lcl_NZ_CP166677.1_cds_WP_054020935.1_1455","boxA","ABFT21_RS07335","benzoyl-CoA 2,3-epoxidase subunit BoxA","WP_054020935.1"
"lcl_NZ_CP166677.1_cds_WP_054020934.1_1456","boxB","ABFT21_RS07340","benzoyl-CoA 2,3-epoxidase subunit BoxB","WP_054020934.1"
"lcl_NZ_CP166677.1_cds_WP_054020933.1_1457","boxC","ABFT21_RS07345","2,3-epoxybenzoyl-CoA dihydrolase","WP_054020933.1"
"lcl_NZ_CP166677.1_cds_WP_054020932.1_1458",NA,"ABFT21_RS07350","helix-turn-helix transcriptional regulator","WP_054020932.1"
"lcl_NZ_CP166677.1_cds_WP_054020931.1_1459",NA,"ABFT21_RS07355","4-hydroxylaminobenzoate lyase","WP_054020931.1"
"lcl_NZ_CP166677.1_cds_WP_054020930.1_1460",NA,"ABFT21_RS07360","3,4-dehydroadipyl-CoA semialdehyde dehydrogenase","WP_054020930.1"
"lcl_NZ_CP166677.1_cds_WP_082368384.1_1461",NA,"ABFT21_RS07365","benzoate-CoA ligase family protein","WP_082368384.1"
"lcl_NZ_CP166677.1_cds_WP_054020929.1_1462",NA,"ABFT21_RS07370","alpha/beta fold hydrolase","WP_054020929.1"
"lcl_NZ_CP166677.1_cds_WP_054020928.1_1463",NA,"ABFT21_RS07375","ABC transporter substrate-binding protein","WP_054020928.1"
"lcl_NZ_CP166677.1_cds_WP_054020927.1_1464",NA,"ABFT21_RS07380","branched-chain amino acid ABC transporter permease","WP_054020927.1"
"lcl_NZ_CP166677.1_cds_WP_054020926.1_1465",NA,"ABFT21_RS07385","branched-chain amino acid ABC transporter permease","WP_054020926.1"
"lcl_NZ_CP166677.1_cds_WP_054020925.1_1466",NA,"ABFT21_RS07390","ABC transporter ATP-binding protein","WP_054020925.1"
"lcl_NZ_CP166677.1_cds_WP_231638158.1_1467",NA,"ABFT21_RS07395","ABC transporter ATP-binding protein","WP_231638158.1"
"lcl_NZ_CP166677.1_cds_WP_054020924.1_1468",NA,"ABFT21_RS07400","hypothetical protein","WP_054020924.1"
"lcl_NZ_CP166677.1_cds_WP_054020923.1_1469",NA,"ABFT21_RS07405","glutathione S-transferase family protein","WP_054020923.1"
"lcl_NZ_CP166677.1_cds_WP_054020922.1_1470",NA,"ABFT21_RS07410","glutathione S-transferase family protein","WP_054020922.1"
"lcl_NZ_CP166677.1_cds_WP_054020921.1_1471",NA,"ABFT21_RS07415","dihydrofolate reductase","WP_054020921.1"
"lcl_NZ_CP166677.1_cds_WP_054020920.1_1472",NA,"ABFT21_RS07420","GntR family transcriptional regulator","WP_054020920.1"
"lcl_NZ_CP166677.1_cds_WP_054020919.1_1473","scpA","ABFT21_RS07425","methylmalonyl-CoA mutase","WP_054020919.1"
"lcl_NZ_CP166677.1_cds_WP_054020918.1_1474",NA,"ABFT21_RS07430","GNAT family N-acetyltransferase","WP_054020918.1"
"lcl_NZ_CP166677.1_cds_WP_439951446.1_1475","meaB","ABFT21_RS07435","methylmalonyl Co-A mutase-associated GTPase MeaB","WP_439951446.1"
"lcl_NZ_CP166677.1_cds_WP_054020917.1_1476",NA,"ABFT21_RS07440","acyl-CoA carboxylase subunit beta","WP_054020917.1"
"lcl_NZ_CP166677.1_cds_WP_054020916.1_1477",NA,"ABFT21_RS07445","acetyl-CoA carboxylase biotin carboxylase subunit","WP_054020916.1"
"lcl_NZ_CP166677.1_cds_WP_054020915.1_1478",NA,"ABFT21_RS07450","VOC family protein","WP_054020915.1"
"lcl_NZ_CP166677.1_cds_WP_054020914.1_1479","yaaA","ABFT21_RS07455","peroxide stress protein YaaA","WP_054020914.1"
"lcl_NZ_CP166677.1_cds_WP_054020913.1_1480",NA,"ABFT21_RS07460","2OG-Fe(II) oxygenase","WP_054020913.1"
"lcl_NZ_CP166677.1_cds_WP_197284717.1_1481",NA,"ABFT21_RS07465","hypothetical protein","WP_197284717.1"
"lcl_NZ_CP166677.1_cds_WP_054021617.1_1482",NA,"ABFT21_RS07470","DEAD/DEAH box helicase","WP_054021617.1"
"lcl_NZ_CP166677.1_cds_WP_054021616.1_1483","ettA","ABFT21_RS07475","energy-dependent translational throttle protein EttA","WP_054021616.1"
"lcl_NZ_CP166677.1_cds_WP_054021615.1_1484",NA,"ABFT21_RS07480","zinc-dependent metalloprotease","WP_054021615.1"
"lcl_NZ_CP166677.1_cds_WP_054021614.1_1485",NA,"ABFT21_RS07485","hypothetical protein","WP_054021614.1"
"lcl_NZ_CP166677.1_cds_WP_054021613.1_1486",NA,"ABFT21_RS07490","hypothetical protein","WP_054021613.1"
"lcl_NZ_CP166677.1_cds_WP_054021612.1_1487",NA,"ABFT21_RS07495","hypothetical protein","WP_054021612.1"
"lcl_NZ_CP166677.1_cds_WP_054021611.1_1488",NA,"ABFT21_RS07500","aminopeptidase P family protein","WP_054021611.1"
"lcl_NZ_CP166677.1_cds_WP_054021610.1_1489",NA,"ABFT21_RS07505","TAXI family TRAP transporter solute-binding subunit","WP_054021610.1"
"lcl_NZ_CP166677.1_cds_WP_157549138.1_1490",NA,"ABFT21_RS07510","L,D-transpeptidase","WP_157549138.1"
"lcl_NZ_CP166677.1_cds_WP_231638204.1_1491",NA,"ABFT21_RS07515","hypothetical protein","WP_231638204.1"
"lcl_NZ_CP166677.1_cds_WP_054021609.1_1492",NA,"ABFT21_RS07520","hypothetical protein","WP_054021609.1"
"lcl_NZ_CP166677.1_cds_WP_054021608.1_1493",NA,"ABFT21_RS07525","M90 family metallopeptidase","WP_054021608.1"
"lcl_NZ_CP166677.1_cds_WP_054021607.1_1494",NA,"ABFT21_RS07530","xanthine dehydrogenase family protein molybdopterin-binding subunit","WP_054021607.1"
"lcl_NZ_CP166677.1_cds_WP_054021606.1_1495",NA,"ABFT21_RS07535","(2Fe-2S)-binding protein","WP_054021606.1"
"lcl_NZ_CP166677.1_cds_WP_054021605.1_1496",NA,"ABFT21_RS07540","FAD binding domain-containing protein","WP_054021605.1"
"lcl_NZ_CP166677.1_cds_WP_082368500.1_1497",NA,"ABFT21_RS07545","TetR/AcrR family transcriptional regulator","WP_082368500.1"
"lcl_NZ_CP166677.1_cds_WP_054021604.1_1498",NA,"ABFT21_RS07550","VOC family protein","WP_054021604.1"
"lcl_NZ_CP166677.1_cds_WP_054021603.1_1499",NA,"ABFT21_RS07555","FAD binding domain-containing protein","WP_054021603.1"
"lcl_NZ_CP166677.1_cds_WP_054021602.1_1500",NA,"ABFT21_RS07560","ABC transporter substrate-binding protein","WP_054021602.1"
"lcl_NZ_CP166677.1_cds_WP_054021621.1_1501",NA,"ABFT21_RS07565","branched-chain amino acid ABC transporter permease","WP_054021621.1"
"lcl_NZ_CP166677.1_cds_WP_231638202.1_1502",NA,"ABFT21_RS07570","branched-chain amino acid ABC transporter permease","WP_231638202.1"
"lcl_NZ_CP166677.1_cds_WP_054021601.1_1503",NA,"ABFT21_RS07575","ABC transporter ATP-binding protein","WP_054021601.1"
"lcl_NZ_CP166677.1_cds_WP_054021600.1_1504",NA,"ABFT21_RS07580","ABC transporter ATP-binding protein","WP_054021600.1"
"lcl_NZ_CP166677.1_cds_WP_082368498.1_1505",NA,"ABFT21_RS07585","lysylphosphatidylglycerol synthase domain-containing protein","WP_082368498.1"
"lcl_NZ_CP166677.1_cds_WP_054021599.1_1506",NA,"ABFT21_RS07590","GGDEF domain-containing protein","WP_054021599.1"
"lcl_NZ_CP166677.1_cds_WP_054021620.1_1507",NA,"ABFT21_RS07595","acyl-CoA thioesterase","WP_054021620.1"
"lcl_NZ_CP166677.1_cds_WP_054021598.1_1508",NA,"ABFT21_RS07600","HDOD domain-containing protein","WP_054021598.1"
"lcl_NZ_CP166677.1_cds_WP_305778301.1_1509",NA,"ABFT21_RS07605","TerB family tellurite resistance protein","WP_305778301.1"
"lcl_NZ_CP166677.1_cds_WP_054021597.1_1510",NA,"ABFT21_RS07610","TetR/AcrR family transcriptional regulator","WP_054021597.1"
"lcl_NZ_CP166677.1_cds_WP_054021596.1_1511",NA,"ABFT21_RS07615","YbaN family protein","WP_054021596.1"
"lcl_NZ_CP166677.1_cds_WP_054021595.1_1512",NA,"ABFT21_RS07620","bifunctional acetate--CoA ligase family protein/GNAT family N-acetyltransferase","WP_054021595.1"
"lcl_NZ_CP166677.1_cds_WP_054021594.1_1513",NA,"ABFT21_RS07625","LysR substrate-binding domain-containing protein","WP_054021594.1"
"lcl_NZ_CP166677.1_cds_WP_054021593.1_1514",NA,"ABFT21_RS07630","Bug family tripartite tricarboxylate transporter substrate binding protein","WP_054021593.1"
"lcl_NZ_CP166677.1_cds_WP_054021592.1_1515",NA,"ABFT21_RS07635","UxaA family hydrolase","WP_054021592.1"
"lcl_NZ_CP166677.1_cds_WP_054021591.1_1516",NA,"ABFT21_RS07640","NAD-dependent succinate-semialdehyde dehydrogenase","WP_054021591.1"
"lcl_NZ_CP166677.1_cds_WP_054021590.1_1517",NA,"ABFT21_RS07645","tartrate dehydrogenase","WP_054021590.1"
"lcl_NZ_CP166677.1_cds_WP_197284716.1_1518",NA,"ABFT21_RS07650","hypothetical protein","WP_197284716.1"
"lcl_NZ_CP166677.1_cds_WP_054021588.1_1519",NA,"ABFT21_RS07655","hypothetical protein","WP_054021588.1"
"lcl_NZ_CP166677.1_cds_WP_054021587.1_1520",NA,"ABFT21_RS07660","RES family NAD+ phosphorylase","WP_054021587.1"
"lcl_NZ_CP166677.1_cds_ABFT21_RS07665_1521",NA,"ABFT21_RS07665","IS1595 family transposase",NA
"lcl_NZ_CP166677.1_cds_WP_054021585.1_1522",NA,"ABFT21_RS07670","hypothetical protein","WP_054021585.1"
"lcl_NZ_CP166677.1_cds_WP_082368495.1_1523",NA,"ABFT21_RS07675","DUF3309 family protein","WP_082368495.1"
"lcl_NZ_CP166677.1_cds_WP_463938066.1_1524",NA,"ABFT21_RS07680","ProQ/FINO family protein","WP_463938066.1"
"lcl_NZ_CP166677.1_cds_WP_054022848.1_1525",NA,"ABFT21_RS07685","COG4315 family predicted lipoprotein","WP_054022848.1"
"lcl_NZ_CP166677.1_cds_WP_054022847.1_1526",NA,"ABFT21_RS07690","RNA polymerase sigma factor","WP_054022847.1"
"lcl_NZ_CP166677.1_cds_WP_054022846.1_1527",NA,"ABFT21_RS07695","anti-sigma factor family protein","WP_054022846.1"
"lcl_NZ_CP166677.1_cds_WP_054022845.1_1528",NA,"ABFT21_RS07700","VOC family protein","WP_054022845.1"
"lcl_NZ_CP166677.1_cds_WP_054022844.1_1529",NA,"ABFT21_RS07705","cation:proton antiporter","WP_054022844.1"
"lcl_NZ_CP166677.1_cds_WP_054022843.1_1530",NA,"ABFT21_RS07710","glutathione S-transferase N-terminal domain-containing protein","WP_054022843.1"
"lcl_NZ_CP166677.1_cds_WP_054022842.1_1531","lhpI","ABFT21_RS07715","bifunctional Delta(1)-pyrroline-2-carboxylate/Delta(1)-piperideine-2-carboxylate reductase","WP_054022842.1"
"lcl_NZ_CP166677.1_cds_WP_082368740.1_1532",NA,"ABFT21_RS07720","MFS transporter","WP_082368740.1"
"lcl_NZ_CP166677.1_cds_WP_054021156.1_1533",NA,"ABFT21_RS07725","acyloxyacyl hydrolase","WP_054021156.1"
"lcl_NZ_CP166677.1_cds_WP_054021157.1_1534",NA,"ABFT21_RS07730","M16 family metallopeptidase","WP_054021157.1"
"lcl_NZ_CP166677.1_cds_WP_054021158.1_1535",NA,"ABFT21_RS07735","hypothetical protein","WP_054021158.1"
"lcl_NZ_CP166677.1_cds_WP_054021159.1_1536",NA,"ABFT21_RS07740","AraC family transcriptional regulator","WP_054021159.1"
"lcl_NZ_CP166677.1_cds_WP_054021160.1_1537",NA,"ABFT21_RS07745","CaiB/BaiF CoA transferase family protein","WP_054021160.1"
"lcl_NZ_CP166677.1_cds_WP_054021161.1_1538",NA,"ABFT21_RS07750","lipid-transfer protein","WP_054021161.1"
"lcl_NZ_CP166677.1_cds_WP_054021162.1_1539",NA,"ABFT21_RS07755","MaoC family dehydratase N-terminal domain-containing protein","WP_054021162.1"
"lcl_NZ_CP166677.1_cds_WP_054021163.1_1540",NA,"ABFT21_RS07760","MaoC family dehydratase","WP_054021163.1"
"lcl_NZ_CP166677.1_cds_WP_054021164.1_1541",NA,"ABFT21_RS07765","PaaI family thioesterase","WP_054021164.1"
"lcl_NZ_CP166677.1_cds_WP_054021165.1_1542",NA,"ABFT21_RS07770","AMP-binding protein","WP_054021165.1"
"lcl_NZ_CP166677.1_cds_WP_082368423.1_1543",NA,"ABFT21_RS07775","PaaI family thioesterase","WP_082368423.1"
"lcl_NZ_CP166677.1_cds_WP_054021166.1_1544",NA,"ABFT21_RS07780","tripartite tricarboxylate transporter substrate binding protein","WP_054021166.1"
"lcl_NZ_CP166677.1_cds_WP_054021167.1_1545",NA,"ABFT21_RS07785","acyl-CoA dehydrogenase family protein","WP_054021167.1"
"lcl_NZ_CP166677.1_cds_WP_369691159.1_1546",NA,"ABFT21_RS07790","long-chain-fatty-acid--CoA ligase","WP_369691159.1"
"lcl_NZ_CP166677.1_cds_WP_054021168.1_1547",NA,"ABFT21_RS07795","SDR family oxidoreductase","WP_054021168.1"
"lcl_NZ_CP166677.1_cds_WP_054021169.1_1548",NA,"ABFT21_RS07800","enoyl-CoA hydratase/isomerase family protein","WP_054021169.1"
"lcl_NZ_CP166677.1_cds_WP_054021170.1_1549",NA,"ABFT21_RS07805","SDR family NAD(P)-dependent oxidoreductase","WP_054021170.1"
"lcl_NZ_CP166677.1_cds_WP_054021171.1_1550",NA,"ABFT21_RS07810","acyl-CoA dehydrogenase family protein","WP_054021171.1"
"lcl_NZ_CP166677.1_cds_WP_054021172.1_1551",NA,"ABFT21_RS07815","Bug family tripartite tricarboxylate transporter substrate binding protein","WP_054021172.1"
"lcl_NZ_CP166677.1_cds_WP_054021173.1_1552",NA,"ABFT21_RS07820","thiolase domain-containing protein","WP_054021173.1"
"lcl_NZ_CP166677.1_cds_WP_231638174.1_1553",NA,"ABFT21_RS07825","Zn-ribbon domain-containing OB-fold protein","WP_231638174.1"
"lcl_NZ_CP166677.1_cds_WP_054021174.1_1554",NA,"ABFT21_RS07830","hypothetical protein","WP_054021174.1"
"lcl_NZ_CP166677.1_cds_WP_054021175.1_1555",NA,"ABFT21_RS07835","tetratricopeptide repeat protein","WP_054021175.1"
"lcl_NZ_CP166677.1_cds_WP_054021176.1_1556",NA,"ABFT21_RS07840","hypothetical protein","WP_054021176.1"
"lcl_NZ_CP166677.1_cds_WP_082368431.1_1557",NA,"ABFT21_RS07845","NAD(P)/FAD-dependent oxidoreductase","WP_082368431.1"
"lcl_NZ_CP166677.1_cds_WP_054021177.1_1558",NA,"ABFT21_RS07850","Fic family protein","WP_054021177.1"
"lcl_NZ_CP166677.1_cds_WP_054021178.1_1559",NA,"ABFT21_RS07855","MOSC domain-containing protein","WP_054021178.1"
"lcl_NZ_CP166677.1_cds_WP_439951448.1_1560",NA,"ABFT21_RS07860","efflux transporter outer membrane subunit","WP_439951448.1"
"lcl_NZ_CP166677.1_cds_WP_054021179.1_1561",NA,"ABFT21_RS07865","efflux RND transporter permease subunit","WP_054021179.1"
"lcl_NZ_CP166677.1_cds_WP_054021180.1_1562",NA,"ABFT21_RS07870","efflux RND transporter permease subunit","WP_054021180.1"
"lcl_NZ_CP166677.1_cds_WP_082368425.1_1563",NA,"ABFT21_RS07875","efflux RND transporter periplasmic adaptor subunit","WP_082368425.1"
"lcl_NZ_CP166677.1_cds_WP_054021181.1_1564",NA,"ABFT21_RS07880","thioredoxin family protein","WP_054021181.1"
"lcl_NZ_CP166677.1_cds_WP_054021182.1_1565",NA,"ABFT21_RS07885","acyl-CoA thioesterase","WP_054021182.1"
"lcl_NZ_CP166677.1_cds_WP_054021183.1_1566",NA,"ABFT21_RS07890","feruloyl-CoA synthase","WP_054021183.1"
"lcl_NZ_CP166677.1_cds_WP_082368426.1_1567",NA,"ABFT21_RS07895","TetR/AcrR family transcriptional regulator","WP_082368426.1"
"lcl_NZ_CP166677.1_cds_WP_054021184.1_1568",NA,"ABFT21_RS07900","hypothetical protein","WP_054021184.1"
"lcl_NZ_CP166677.1_cds_WP_054021185.1_1569",NA,"ABFT21_RS07905","cyclic nucleotide-binding domain-containing protein","WP_054021185.1"
"lcl_NZ_CP166677.1_cds_WP_054021186.1_1570",NA,"ABFT21_RS07910","glycoside hydrolase family 19 protein","WP_054021186.1"
"lcl_NZ_CP166677.1_cds_WP_054021187.1_1571",NA,"ABFT21_RS07915","GGDEF domain-containing protein","WP_054021187.1"
"lcl_NZ_CP166677.1_cds_WP_054021188.1_1572",NA,"ABFT21_RS07920","response regulator","WP_054021188.1"
"lcl_NZ_CP166677.1_cds_WP_054021189.1_1573",NA,"ABFT21_RS07925","DUF4118 domain-containing protein","WP_054021189.1"
"lcl_NZ_CP166677.1_cds_WP_054021190.1_1574",NA,"ABFT21_RS07930","magnesium and cobalt transport protein CorA","WP_054021190.1"
"lcl_NZ_CP166677.1_cds_WP_054021191.1_1575","kdpC","ABFT21_RS07935","potassium-transporting ATPase subunit KdpC","WP_054021191.1"
"lcl_NZ_CP166677.1_cds_WP_054021192.1_1576","kdpB","ABFT21_RS07940","potassium-transporting ATPase subunit KdpB","WP_054021192.1"
"lcl_NZ_CP166677.1_cds_WP_054021193.1_1577","kdpA","ABFT21_RS07945","potassium-transporting ATPase subunit KdpA","WP_054021193.1"
"lcl_NZ_CP166677.1_cds_WP_082368427.1_1578","kdpF","ABFT21_RS07950","K(+)-transporting ATPase subunit F","WP_082368427.1"
"lcl_NZ_CP166677.1_cds_WP_054021194.1_1579",NA,"ABFT21_RS07955","MerR family transcriptional regulator","WP_054021194.1"
"lcl_NZ_CP166677.1_cds_WP_082368428.1_1580",NA,"ABFT21_RS07960","NAD(P)/FAD-dependent oxidoreductase","WP_082368428.1"
"lcl_NZ_CP166677.1_cds_WP_054021196.1_1581",NA,"ABFT21_RS07965","high-potential iron-sulfur protein","WP_054021196.1"
"lcl_NZ_CP166677.1_cds_WP_054021197.1_1582",NA,"ABFT21_RS07970","FAD-binding domain-containing protein","WP_054021197.1"
"lcl_NZ_CP166677.1_cds_WP_054021215.1_1583",NA,"ABFT21_RS07975","cryptochrome/deoxyribodipyrimidine photo-lyase family protein","WP_054021215.1"
"lcl_NZ_CP166677.1_cds_WP_054021198.1_1584",NA,"ABFT21_RS07980","SDR family NAD(P)-dependent oxidoreductase","WP_054021198.1"
"lcl_NZ_CP166677.1_cds_WP_054021199.1_1585",NA,"ABFT21_RS07985","monovalent cation:proton antiporter-2 (CPA2) family protein","WP_054021199.1"
"lcl_NZ_CP166677.1_cds_WP_054021200.1_1586","kefF","ABFT21_RS07990","glutathione-regulated potassium-efflux system oxidoreductase KefF","WP_054021200.1"
"lcl_NZ_CP166677.1_cds_WP_054021201.1_1587",NA,"ABFT21_RS07995","LacI family DNA-binding transcriptional regulator","WP_054021201.1"
"lcl_NZ_CP166677.1_cds_WP_054021202.1_1588",NA,"ABFT21_RS08000","GH1 family beta-glucosidase","WP_054021202.1"
"lcl_NZ_CP166677.1_cds_WP_054021203.1_1589",NA,"ABFT21_RS08005","glycoside hydrolase family 16 protein","WP_054021203.1"
"lcl_NZ_CP166677.1_cds_WP_082368429.1_1590",NA,"ABFT21_RS08010","glycoside hydrolase family 17 protein","WP_082368429.1"
"lcl_NZ_CP166677.1_cds_WP_054021204.1_1591",NA,"ABFT21_RS08015","glycosyl hydrolase family 17 protein","WP_054021204.1"
"lcl_NZ_CP166677.1_cds_WP_054021205.1_1592",NA,"ABFT21_RS08020","MFS transporter","WP_054021205.1"
"lcl_NZ_CP166677.1_cds_WP_054021206.1_1593",NA,"ABFT21_RS08025","hypothetical protein","WP_054021206.1"
"lcl_NZ_CP166677.1_cds_WP_054021207.1_1594",NA,"ABFT21_RS08030","glycosyl hydrolase family 17 protein","WP_054021207.1"
"lcl_NZ_CP166677.1_cds_WP_054021208.1_1595",NA,"ABFT21_RS08035","hypothetical protein","WP_054021208.1"
"lcl_NZ_CP166677.1_cds_WP_157549051.1_1596",NA,"ABFT21_RS08040","glycosyl hydrolase","WP_157549051.1"
"lcl_NZ_CP166677.1_cds_WP_463938069.1_1597",NA,"ABFT21_RS08045","Ig-like domain-containing protein","WP_463938069.1"
"lcl_NZ_CP166677.1_cds_WP_054019411.1_1598",NA,"ABFT21_RS08050","LysR family transcriptional regulator","WP_054019411.1"
"lcl_NZ_CP166677.1_cds_WP_054019412.1_1599",NA,"ABFT21_RS08055","aspartate aminotransferase family protein","WP_054019412.1"
"lcl_NZ_CP166677.1_cds_WP_393937843.1_1600",NA,"ABFT21_RS08060","Fic family protein","WP_393937843.1"
"lcl_NZ_CP166677.1_cds_WP_054019413.1_1601",NA,"ABFT21_RS08070","alpha/beta hydrolase","WP_054019413.1"
"lcl_NZ_CP166677.1_cds_WP_054019420.1_1602",NA,"ABFT21_RS08075","YchJ family protein","WP_054019420.1"
"lcl_NZ_CP166677.1_cds_WP_157548763.1_1603","imuA","ABFT21_RS08080","translesion DNA synthesis-associated protein ImuA","WP_157548763.1"
"lcl_NZ_CP166677.1_cds_WP_054019414.1_1604",NA,"ABFT21_RS08085","Y-family DNA polymerase","WP_054019414.1"
"lcl_NZ_CP166677.1_cds_WP_054019415.1_1605","atpE","ABFT21_RS08090","F0F1 ATP synthase subunit C","WP_054019415.1"
"lcl_NZ_CP166677.1_cds_WP_157548765.1_1606",NA,"ABFT21_RS08095","helix-turn-helix domain-containing protein","WP_157548765.1"
"lcl_NZ_CP166677.1_cds_WP_082368095.1_1607",NA,"ABFT21_RS08100","mechanosensitive ion channel family protein","WP_082368095.1"
"lcl_NZ_CP166677.1_cds_WP_054019416.1_1608",NA,"ABFT21_RS08105","hypothetical protein","WP_054019416.1"
"lcl_NZ_CP166677.1_cds_WP_054019417.1_1609",NA,"ABFT21_RS08110","response regulator transcription factor","WP_054019417.1"
"lcl_NZ_CP166677.1_cds_WP_054019418.1_1610",NA,"ABFT21_RS08115","hybrid sensor histidine kinase/response regulator","WP_054019418.1"
"lcl_NZ_CP166677.1_cds_WP_463938070.1_1611",NA,"ABFT21_RS08120","methyl-accepting chemotaxis protein","WP_463938070.1"
"lcl_NZ_CP166677.1_cds_WP_197284771.1_1612",NA,"ABFT21_RS08130","translocation/assembly module TamB domain-containing protein","WP_197284771.1"
"lcl_NZ_CP166677.1_cds_WP_054022384.1_1613",NA,"ABFT21_RS08135","autotransporter assembly complex protein TamA","WP_054022384.1"
"lcl_NZ_CP166677.1_cds_WP_054022385.1_1614",NA,"ABFT21_RS08140","vWA domain-containing protein","WP_054022385.1"
"lcl_NZ_CP166677.1_cds_WP_054022386.1_1615",NA,"ABFT21_RS08145","GNAT family N-acetyltransferase","WP_054022386.1"
"lcl_NZ_CP166677.1_cds_WP_054022387.1_1616",NA,"ABFT21_RS08150","hypothetical protein","WP_054022387.1"
"lcl_NZ_CP166677.1_cds_WP_054022388.1_1617",NA,"ABFT21_RS08155","AAA family ATPase","WP_054022388.1"
"lcl_NZ_CP166677.1_cds_WP_054022389.1_1618",NA,"ABFT21_RS08160","c-type cytochrome","WP_054022389.1"
"lcl_NZ_CP166677.1_cds_WP_054022390.1_1619",NA,"ABFT21_RS08165","cyclic di-GMP phosphodiesterase","WP_054022390.1"
"lcl_NZ_CP166677.1_cds_WP_054022391.1_1620",NA,"ABFT21_RS08170","ABC transporter substrate-binding protein","WP_054022391.1"
"lcl_NZ_CP166677.1_cds_WP_054022392.1_1621",NA,"ABFT21_RS08175","aromatic ring-hydroxylating oxygenase subunit alpha","WP_054022392.1"
"lcl_NZ_CP166677.1_cds_WP_157549274.1_1622",NA,"ABFT21_RS08180","adenosine deaminase","WP_157549274.1"
"lcl_NZ_CP166677.1_cds_WP_054022394.1_1623",NA,"ABFT21_RS08185","sensor histidine kinase","WP_054022394.1"
"lcl_NZ_CP166677.1_cds_WP_054022395.1_1624",NA,"ABFT21_RS08190","response regulator","WP_054022395.1"
"lcl_NZ_CP166677.1_cds_WP_054022396.1_1625",NA,"ABFT21_RS08195","putative bifunctional diguanylate cyclase/phosphodiesterase","WP_054022396.1"
"lcl_NZ_CP166677.1_cds_WP_054022397.1_1626",NA,"ABFT21_RS08200","hypothetical protein","WP_054022397.1"
"lcl_NZ_CP166677.1_cds_WP_082368635.1_1627",NA,"ABFT21_RS08205","dioxygenase family protein","WP_082368635.1"
"lcl_NZ_CP166677.1_cds_WP_054022398.1_1628",NA,"ABFT21_RS08210","ABC transporter permease","WP_054022398.1"
"lcl_NZ_CP166677.1_cds_WP_082368637.1_1629",NA,"ABFT21_RS08215","methyl-accepting chemotaxis protein","WP_082368637.1"
"lcl_NZ_CP166677.1_cds_WP_054022399.1_1630",NA,"ABFT21_RS08220","chemotaxis protein CheW","WP_054022399.1"
"lcl_NZ_CP166677.1_cds_WP_463938071.1_1631",NA,"ABFT21_RS08225","methyl-accepting chemotaxis protein","WP_463938071.1"
"lcl_NZ_CP166677.1_cds_WP_054021978.1_1632",NA,"ABFT21_RS08230","chemotaxis protein CheA","WP_054021978.1"
"lcl_NZ_CP166677.1_cds_WP_054021977.1_1633",NA,"ABFT21_RS08235","response regulator","WP_054021977.1"
"lcl_NZ_CP166677.1_cds_WP_393939578.1_1634",NA,"ABFT21_RS08240","hypothetical protein","WP_393939578.1"
"lcl_NZ_CP166677.1_cds_WP_054021976.1_1635",NA,"ABFT21_RS08245","hybrid sensor histidine kinase/response regulator","WP_054021976.1"
"lcl_NZ_CP166677.1_cds_WP_054021975.1_1636",NA,"ABFT21_RS08250","response regulator","WP_054021975.1"
"lcl_NZ_CP166677.1_cds_WP_054021974.1_1637","greB","ABFT21_RS08255","transcription elongation factor GreB","WP_054021974.1"
"lcl_NZ_CP166677.1_cds_WP_054021973.1_1638",NA,"ABFT21_RS08260","thymidine kinase","WP_054021973.1"
"lcl_NZ_CP166677.1_cds_WP_054021972.1_1639",NA,"ABFT21_RS08265","RelA/SpoT family protein","WP_054021972.1"
"lcl_NZ_CP166677.1_cds_WP_054021971.1_1640","rpoZ","ABFT21_RS08270","DNA-directed RNA polymerase subunit omega","WP_054021971.1"
"lcl_NZ_CP166677.1_cds_WP_054021970.1_1641","gmk","ABFT21_RS08275","guanylate kinase","WP_054021970.1"
"lcl_NZ_CP166677.1_cds_WP_054021969.1_1642",NA,"ABFT21_RS08280","DUF6691 family protein","WP_054021969.1"
"lcl_NZ_CP166677.1_cds_WP_054021968.1_1643",NA,"ABFT21_RS08285","YeeE/YedE family protein","WP_054021968.1"
"lcl_NZ_CP166677.1_cds_WP_054021967.1_1644",NA,"ABFT21_RS08290","ArsR/SmtB family transcription factor","WP_054021967.1"
"lcl_NZ_CP166677.1_cds_WP_054021966.1_1645",NA,"ABFT21_RS08295","ATP-binding protein","WP_054021966.1"
"lcl_NZ_CP166677.1_cds_WP_054021965.1_1646",NA,"ABFT21_RS08300","HDOD domain-containing protein","WP_054021965.1"
"lcl_NZ_CP166677.1_cds_WP_082368556.1_1647",NA,"ABFT21_RS08305","CaiB/BaiF CoA transferase family protein","WP_082368556.1"
"lcl_NZ_CP166677.1_cds_WP_054021964.1_1648",NA,"ABFT21_RS08310","MFS transporter","WP_054021964.1"
"lcl_NZ_CP166677.1_cds_WP_082368555.1_1649",NA,"ABFT21_RS08315","lipocalin family protein","WP_082368555.1"
"lcl_NZ_CP166677.1_cds_WP_197284745.1_1650","amt","ABFT21_RS08320","ammonium transporter","WP_197284745.1"
"lcl_NZ_CP166677.1_cds_WP_054021963.1_1651",NA,"ABFT21_RS08325","amino acid ABC transporter substrate-binding protein","WP_054021963.1"
"lcl_NZ_CP166677.1_cds_WP_054021962.1_1652",NA,"ABFT21_RS08330","hypothetical protein","WP_054021962.1"
"lcl_NZ_CP166677.1_cds_WP_054021961.1_1653",NA,"ABFT21_RS08335","hemolysin family protein","WP_054021961.1"
"lcl_NZ_CP166677.1_cds_WP_054021960.1_1654",NA,"ABFT21_RS08340","hypothetical protein","WP_054021960.1"
"lcl_NZ_CP166677.1_cds_WP_082368554.1_1655",NA,"ABFT21_RS08345","c-type cytochrome","WP_082368554.1"
"lcl_NZ_CP166677.1_cds_WP_082368553.1_1656",NA,"ABFT21_RS08350","c-type cytochrome","WP_082368553.1"
"lcl_NZ_CP166677.1_cds_WP_054021959.1_1657",NA,"ABFT21_RS08355","TlpA family protein disulfide reductase","WP_054021959.1"
"lcl_NZ_CP166677.1_cds_WP_054021958.1_1658",NA,"ABFT21_RS08360","pseudouridine-5'-phosphate glycosidase","WP_054021958.1"
"lcl_NZ_CP166677.1_cds_WP_054021957.1_1659",NA,"ABFT21_RS08365","sensor histidine kinase","WP_054021957.1"
"lcl_NZ_CP166677.1_cds_WP_082368552.1_1660",NA,"ABFT21_RS08370","response regulator","WP_082368552.1"
"lcl_NZ_CP166677.1_cds_WP_054021956.1_1661",NA,"ABFT21_RS08375","EAL domain-containing protein","WP_054021956.1"
"lcl_NZ_CP166677.1_cds_WP_054021955.1_1662",NA,"ABFT21_RS08380","LysR family transcriptional regulator","WP_054021955.1"
"lcl_NZ_CP166677.1_cds_WP_054021954.1_1663",NA,"ABFT21_RS08385","porin","WP_054021954.1"
"lcl_NZ_CP166677.1_cds_WP_054021953.1_1664",NA,"ABFT21_RS08390","4-oxalomesaconate tautomerase","WP_054021953.1"
"lcl_NZ_CP166677.1_cds_WP_054021952.1_1665",NA,"ABFT21_RS08395","DUF1826 domain-containing protein","WP_054021952.1"
"lcl_NZ_CP166677.1_cds_WP_054021951.1_1666",NA,"ABFT21_RS08400","response regulator","WP_054021951.1"
"lcl_NZ_CP166677.1_cds_WP_393939539.1_1667",NA,"ABFT21_RS08405","alpha/beta fold hydrolase","WP_393939539.1"
"lcl_NZ_CP166677.1_cds_WP_082368550.1_1668",NA,"ABFT21_RS08410","beta-keto acid cleavage family enzyme","WP_082368550.1"
"lcl_NZ_CP166677.1_cds_WP_054021948.1_1669",NA,"ABFT21_RS08415","tripartite tricarboxylate transporter substrate binding protein","WP_054021948.1"
"lcl_NZ_CP166677.1_cds_WP_082368549.1_1670",NA,"ABFT21_RS08420","beta-keto acid cleavage family enzyme","WP_082368549.1"
"lcl_NZ_CP166677.1_cds_WP_054021947.1_1671",NA,"ABFT21_RS08425","HpcH/HpaI aldolase family protein","WP_054021947.1"
"lcl_NZ_CP166677.1_cds_WP_054021946.1_1672",NA,"ABFT21_RS08430","GntR family transcriptional regulator","WP_054021946.1"
"lcl_NZ_CP166677.1_cds_WP_157549198.1_1673",NA,"ABFT21_RS08435","hypothetical protein","WP_157549198.1"
"lcl_NZ_CP166677.1_cds_WP_054021944.1_1674",NA,"ABFT21_RS08440","TonB-dependent hemoglobin/transferrin/lactoferrin family receptor","WP_054021944.1"
"lcl_NZ_CP166677.1_cds_WP_054021943.1_1675",NA,"ABFT21_RS08445","hemin-degrading factor","WP_054021943.1"
"lcl_NZ_CP166677.1_cds_WP_231638223.1_1676",NA,"ABFT21_RS08450","heme/hemin ABC transporter substrate-binding protein","WP_231638223.1"
"lcl_NZ_CP166677.1_cds_WP_082368548.1_1677",NA,"ABFT21_RS08455","FecCD family ABC transporter permease","WP_082368548.1"
"lcl_NZ_CP166677.1_cds_WP_197284744.1_1678",NA,"ABFT21_RS08460","ATP-binding cassette domain-containing protein","WP_197284744.1"
"lcl_NZ_CP166677.1_cds_WP_197284743.1_1679",NA,"ABFT21_RS08465","energy transducer TonB","WP_197284743.1"
"lcl_NZ_CP166677.1_cds_WP_054021941.1_1680",NA,"ABFT21_RS08470","hypothetical protein","WP_054021941.1"
"lcl_NZ_CP166677.1_cds_WP_054021940.1_1681",NA,"ABFT21_RS08475","nuclease-related domain-containing protein","WP_054021940.1"
"lcl_NZ_CP166677.1_cds_WP_054021939.1_1682",NA,"ABFT21_RS08480","type II toxin-antitoxin system HipA family toxin","WP_054021939.1"
"lcl_NZ_CP166677.1_cds_WP_369691175.1_1683",NA,"ABFT21_RS08485","helix-turn-helix domain-containing protein","WP_369691175.1"
"lcl_NZ_CP166677.1_cds_WP_231638222.1_1684",NA,"ABFT21_RS08490","TOTE conflict system archaeo-eukaryotic primase domain-containing protein","WP_231638222.1"
"lcl_NZ_CP166677.1_cds_WP_082368546.1_1685",NA,"ABFT21_RS08495","type II toxin-antitoxin system RelE/ParE family toxin","WP_082368546.1"
"lcl_NZ_CP166677.1_cds_WP_054021988.1_1686",NA,"ABFT21_RS08500","type II toxin-antitoxin system ParD family antitoxin","WP_054021988.1"
"lcl_NZ_CP166677.1_cds_WP_054021937.1_1687",NA,"ABFT21_RS08505","tyrosine-type recombinase/integrase","WP_054021937.1"
"lcl_NZ_CP166677.1_cds_WP_054021936.1_1688",NA,"ABFT21_RS08510","YicC/YloC family endoribonuclease","WP_054021936.1"
"lcl_NZ_CP166677.1_cds_WP_054021935.1_1689",NA,"ABFT21_RS08515","serine/threonine protein kinase","WP_054021935.1"
"lcl_NZ_CP166677.1_cds_WP_054021934.1_1690",NA,"ABFT21_RS08520","PP2C family protein-serine/threonine phosphatase","WP_054021934.1"
"lcl_NZ_CP166677.1_cds_WP_054021933.1_1691","rph","ABFT21_RS08525","ribonuclease PH","WP_054021933.1"
"lcl_NZ_CP166677.1_cds_WP_231638220.1_1692","rdgB","ABFT21_RS08530","RdgB/HAM1 family non-canonical purine NTP pyrophosphatase","WP_231638220.1"
"lcl_NZ_CP166677.1_cds_WP_054021931.1_1693","hemW","ABFT21_RS08535","radical SAM family heme chaperone HemW","WP_054021931.1"
"lcl_NZ_CP166677.1_cds_WP_054021930.1_1694",NA,"ABFT21_RS08540","protein-glutamate methylesterase/protein-glutamine glutaminase","WP_054021930.1"
"lcl_NZ_CP166677.1_cds_WP_054021929.1_1695","cheD","ABFT21_RS08545","chemoreceptor glutamine deamidase CheD","WP_054021929.1"
"lcl_NZ_CP166677.1_cds_WP_054021928.1_1696",NA,"ABFT21_RS08550","CheR family methyltransferase","WP_054021928.1"
"lcl_NZ_CP166677.1_cds_WP_082368545.1_1697",NA,"ABFT21_RS08555","GGDEF domain-containing protein","WP_082368545.1"
"lcl_NZ_CP166677.1_cds_WP_054021927.1_1698",NA,"ABFT21_RS08560","MinD/ParA family protein","WP_054021927.1"
"lcl_NZ_CP166677.1_cds_WP_054021926.1_1699",NA,"ABFT21_RS08565","group II truncated hemoglobin","WP_054021926.1"
"lcl_NZ_CP166677.1_cds_ABFT21_RS08570_1700",NA,"ABFT21_RS08570","Smr/MutS family protein",NA
"lcl_NZ_CP166677.1_cds_WP_054021925.1_1701","radC","ABFT21_RS08575","RadC family protein","WP_054021925.1"
"lcl_NZ_CP166677.1_cds_WP_157549192.1_1702",NA,"ABFT21_RS08580","FKBP-type peptidyl-prolyl cis-trans isomerase","WP_157549192.1"
"lcl_NZ_CP166677.1_cds_WP_393939513.1_1703","ispH","ABFT21_RS08585","4-hydroxy-3-methylbut-2-enyl diphosphate reductase","WP_393939513.1"
"lcl_NZ_CP166677.1_cds_WP_054021922.1_1704","bfr","ABFT21_RS08590","bacterioferritin","WP_054021922.1"
"lcl_NZ_CP166677.1_cds_WP_054021921.1_1705",NA,"ABFT21_RS08595","(2Fe-2S)-binding protein","WP_054021921.1"
"lcl_NZ_CP166677.1_cds_WP_054021920.1_1706","serS","ABFT21_RS08600","serine--tRNA ligase","WP_054021920.1"
"lcl_NZ_CP166677.1_cds_WP_054021919.1_1707",NA,"ABFT21_RS08610","YCF48-related protein","WP_054021919.1"
"lcl_NZ_CP166677.1_cds_WP_054021918.1_1708",NA,"ABFT21_RS08615","VOC family protein","WP_054021918.1"
"lcl_NZ_CP166677.1_cds_WP_054021917.1_1709",NA,"ABFT21_RS08620","TlpA family protein disulfide reductase","WP_054021917.1"
"lcl_NZ_CP166677.1_cds_WP_054021916.1_1710",NA,"ABFT21_RS08625","DUF2059 domain-containing protein","WP_054021916.1"
"lcl_NZ_CP166677.1_cds_WP_054021915.1_1711",NA,"ABFT21_RS08630","GFA family protein","WP_054021915.1"
"lcl_NZ_CP166677.1_cds_WP_054021914.1_1712",NA,"ABFT21_RS08635","ABC transporter substrate-binding protein","WP_054021914.1"
"lcl_NZ_CP166677.1_cds_WP_054021913.1_1713",NA,"ABFT21_RS08640","ABC transporter ATP-binding protein","WP_054021913.1"
"lcl_NZ_CP166677.1_cds_WP_197284742.1_1714",NA,"ABFT21_RS08645","ABC transporter ATP-binding protein","WP_197284742.1"
"lcl_NZ_CP166677.1_cds_WP_082368558.1_1715",NA,"ABFT21_RS08650","helix-turn-helix transcriptional regulator","WP_082368558.1"
"lcl_NZ_CP166677.1_cds_WP_054021912.1_1716",NA,"ABFT21_RS08655","branched-chain amino acid ABC transporter permease","WP_054021912.1"
"lcl_NZ_CP166677.1_cds_WP_054021984.1_1717",NA,"ABFT21_RS08660","branched-chain amino acid ABC transporter permease","WP_054021984.1"
"lcl_NZ_CP166677.1_cds_WP_054021911.1_1718",NA,"ABFT21_RS08665","phosphoenolpyruvate hydrolase family protein","WP_054021911.1"
"lcl_NZ_CP166677.1_cds_WP_054021910.1_1719",NA,"ABFT21_RS08670","SRPBCC family protein","WP_054021910.1"
"lcl_NZ_CP166677.1_cds_WP_054021909.1_1720",NA,"ABFT21_RS08675","Tm-1-like ATP-binding domain-containing protein","WP_054021909.1"
"lcl_NZ_CP166677.1_cds_WP_054021908.1_1721",NA,"ABFT21_RS08680","tripartite tricarboxylate transporter substrate binding protein","WP_054021908.1"
"lcl_NZ_CP166677.1_cds_WP_054021907.1_1722",NA,"ABFT21_RS08685","cysteine dioxygenase family protein","WP_054021907.1"
"lcl_NZ_CP166677.1_cds_WP_369691173.1_1723",NA,"ABFT21_RS08690","mandelate racemase/muconate lactonizing enzyme family protein","WP_369691173.1"
"lcl_NZ_CP166677.1_cds_WP_054021906.1_1724",NA,"ABFT21_RS08695","carboxymuconolactone decarboxylase family protein","WP_054021906.1"
"lcl_NZ_CP166677.1_cds_WP_054021905.1_1725",NA,"ABFT21_RS08700","NAD(P)-dependent oxidoreductase","WP_054021905.1"
"lcl_NZ_CP166677.1_cds_WP_054021904.1_1726","acuI","ABFT21_RS08705","acrylyl-CoA reductase (NADPH)","WP_054021904.1"
"lcl_NZ_CP166677.1_cds_WP_054021903.1_1727",NA,"ABFT21_RS08710","class I adenylate-forming enzyme family protein","WP_054021903.1"
"lcl_NZ_CP166677.1_cds_WP_231638217.1_1728",NA,"ABFT21_RS08715","enoyl-CoA hydratase/isomerase family protein","WP_231638217.1"
"lcl_NZ_CP166677.1_cds_WP_054021902.1_1729",NA,"ABFT21_RS08720","NAD(P)/FAD-dependent oxidoreductase","WP_054021902.1"
"lcl_NZ_CP166677.1_cds_WP_054021901.1_1730",NA,"ABFT21_RS08725","Rrf2 family transcriptional regulator","WP_054021901.1"
"lcl_NZ_CP166677.1_cds_WP_054021900.1_1731",NA,"ABFT21_RS08730","MOSC domain-containing protein","WP_054021900.1"
"lcl_NZ_CP166677.1_cds_WP_054021899.1_1732",NA,"ABFT21_RS08735","nuclear transport factor 2-like protein","WP_054021899.1"
"lcl_NZ_CP166677.1_cds_WP_054021898.1_1733",NA,"ABFT21_RS08740","hypothetical protein","WP_054021898.1"
"lcl_NZ_CP166677.1_cds_WP_054021897.1_1734",NA,"ABFT21_RS08745","hypothetical protein","WP_054021897.1"
"lcl_NZ_CP166677.1_cds_WP_054021896.1_1735",NA,"ABFT21_RS08750","GNAT family N-acetyltransferase","WP_054021896.1"
"lcl_NZ_CP166677.1_cds_WP_054021895.1_1736",NA,"ABFT21_RS08755","potassium channel family protein","WP_054021895.1"
"lcl_NZ_CP166677.1_cds_WP_054021894.1_1737",NA,"ABFT21_RS08760","hypothetical protein","WP_054021894.1"
"lcl_NZ_CP166677.1_cds_WP_054021893.1_1738",NA,"ABFT21_RS08765","Spy/CpxP family protein refolding chaperone","WP_054021893.1"
"lcl_NZ_CP166677.1_cds_WP_054021892.1_1739",NA,"ABFT21_RS08770","winged helix-turn-helix domain-containing protein","WP_054021892.1"
"lcl_NZ_CP166677.1_cds_WP_054021891.1_1740",NA,"ABFT21_RS08775","sensor histidine kinase","WP_054021891.1"
"lcl_NZ_CP166677.1_cds_WP_157549188.1_1741",NA,"ABFT21_RS08780","MATE family efflux transporter","WP_157549188.1"
"lcl_NZ_CP166677.1_cds_WP_054021890.1_1742",NA,"ABFT21_RS08785","DUF3717 domain-containing protein","WP_054021890.1"
"lcl_NZ_CP166677.1_cds_WP_054021889.1_1743",NA,"ABFT21_RS08790","tryptophan--tRNA ligase","WP_054021889.1"
"lcl_NZ_CP166677.1_cds_WP_054021888.1_1744","purN","ABFT21_RS08795","phosphoribosylglycinamide formyltransferase","WP_054021888.1"
"lcl_NZ_CP166677.1_cds_WP_054021887.1_1745",NA,"ABFT21_RS08800","dimethyl sulfoxide reductase anchor subunit family protein","WP_054021887.1"
"lcl_NZ_CP166677.1_cds_WP_054021886.1_1746",NA,"ABFT21_RS08805","4Fe-4S dicluster domain-containing protein","WP_054021886.1"
"lcl_NZ_CP166677.1_cds_WP_157549202.1_1747",NA,"ABFT21_RS08810","molybdopterin oxidoreductase family protein","WP_157549202.1"
"lcl_NZ_CP166677.1_cds_WP_054021885.1_1748",NA,"ABFT21_RS08815","LysR family transcriptional regulator","WP_054021885.1"
"lcl_NZ_CP166677.1_cds_WP_082368541.1_1749",NA,"ABFT21_RS08820","AraC family transcriptional regulator","WP_082368541.1"
"lcl_NZ_CP166677.1_cds_WP_054021884.1_1750",NA,"ABFT21_RS08825","SDR family oxidoreductase","WP_054021884.1"
"lcl_NZ_CP166677.1_cds_WP_054021883.1_1751",NA,"ABFT21_RS08830","LysR family transcriptional regulator","WP_054021883.1"
"lcl_NZ_CP166677.1_cds_WP_054021882.1_1752",NA,"ABFT21_RS08835","SDR family NAD(P)-dependent oxidoreductase","WP_054021882.1"
"lcl_NZ_CP166677.1_cds_WP_054021881.1_1753",NA,"ABFT21_RS08840","mandelate racemase/muconate lactonizing enzyme family protein","WP_054021881.1"
"lcl_NZ_CP166677.1_cds_WP_054021880.1_1754",NA,"ABFT21_RS08845","tripartite tricarboxylate transporter substrate binding protein","WP_054021880.1"
"lcl_NZ_CP166677.1_cds_WP_054021879.1_1755",NA,"ABFT21_RS08850","HupE/UreJ family protein","WP_054021879.1"
"lcl_NZ_CP166677.1_cds_WP_480338951.1_1756",NA,"ABFT21_RS08855","tetratricopeptide repeat protein","WP_480338951.1"
"lcl_NZ_CP166677.1_cds_WP_054021877.1_1757",NA,"ABFT21_RS08860","hypothetical protein","WP_054021877.1"
"lcl_NZ_CP166677.1_cds_WP_054021876.1_1758",NA,"ABFT21_RS08865","DUF4331 domain-containing protein","WP_054021876.1"
"lcl_NZ_CP166677.1_cds_WP_054021875.1_1759",NA,"ABFT21_RS08870","bifunctional enoyl-CoA hydratase/phosphate acetyltransferase","WP_054021875.1"
"lcl_NZ_CP166677.1_cds_WP_054021874.1_1760","xsc","ABFT21_RS08875","sulfoacetaldehyde acetyltransferase","WP_054021874.1"
"lcl_NZ_CP166677.1_cds_WP_054021873.1_1761",NA,"ABFT21_RS08880","IclR family transcriptional regulator","WP_054021873.1"
"lcl_NZ_CP166677.1_cds_WP_054021872.1_1762",NA,"ABFT21_RS08885","AAA family ATPase","WP_054021872.1"
"lcl_NZ_CP166677.1_cds_WP_054021871.1_1763",NA,"ABFT21_RS08890","cobaltochelatase CobT-related protein","WP_054021871.1"
"lcl_NZ_CP166677.1_cds_WP_054021870.1_1764",NA,"ABFT21_RS08895","IclR family transcriptional regulator","WP_054021870.1"
"lcl_NZ_CP166677.1_cds_WP_054021869.1_1765",NA,"ABFT21_RS08900","tripartite tricarboxylate transporter substrate binding protein","WP_054021869.1"
"lcl_NZ_CP166677.1_cds_WP_054021868.1_1766","sauS","ABFT21_RS08905","acylating sulfoacetaldehyde dehydrogenase","WP_054021868.1"
"lcl_NZ_CP166677.1_cds_WP_054021867.1_1767",NA,"ABFT21_RS08910","AMP-binding protein","WP_054021867.1"
"lcl_NZ_CP166677.1_cds_WP_054021866.1_1768",NA,"ABFT21_RS08915","hypothetical protein","WP_054021866.1"
"lcl_NZ_CP166677.1_cds_WP_463938076.1_1769",NA,"ABFT21_RS08920","hypothetical protein","WP_463938076.1"
"lcl_NZ_CP166677.1_cds_WP_054022818.1_1770",NA,"ABFT21_RS08925","hypothetical protein","WP_054022818.1"
"lcl_NZ_CP166677.1_cds_WP_082368733.1_1771",NA,"ABFT21_RS08930","hypothetical protein","WP_082368733.1"
"lcl_NZ_CP166677.1_cds_WP_463938077.1_1772",NA,"ABFT21_RS08935","TRAP transporter large permease","WP_463938077.1"
"lcl_NZ_CP166677.1_cds_WP_054019838.1_1773",NA,"ABFT21_RS08940","TRAP transporter small permease subunit","WP_054019838.1"
"lcl_NZ_CP166677.1_cds_WP_054019837.1_1774",NA,"ABFT21_RS08945","TRAP transporter substrate-binding protein","WP_054019837.1"
"lcl_NZ_CP166677.1_cds_WP_054019836.1_1775",NA,"ABFT21_RS08950","GMC family oxidoreductase","WP_054019836.1"
"lcl_NZ_CP166677.1_cds_WP_054019835.1_1776",NA,"ABFT21_RS08955","IclR family transcriptional regulator","WP_054019835.1"
"lcl_NZ_CP166677.1_cds_WP_082368192.1_1777",NA,"ABFT21_RS08960","SulP family inorganic anion transporter","WP_082368192.1"
"lcl_NZ_CP166677.1_cds_WP_054019834.1_1778","phnX","ABFT21_RS08965","phosphonoacetaldehyde hydrolase","WP_054019834.1"
"lcl_NZ_CP166677.1_cds_WP_082368191.1_1779",NA,"ABFT21_RS08970","DUF2189 domain-containing protein","WP_082368191.1"
"lcl_NZ_CP166677.1_cds_WP_054019833.1_1780",NA,"ABFT21_RS08975","hypothetical protein","WP_054019833.1"
"lcl_NZ_CP166677.1_cds_WP_197284618.1_1781",NA,"ABFT21_RS08980","AraC family transcriptional regulator","WP_197284618.1"
"lcl_NZ_CP166677.1_cds_WP_082368189.1_1782",NA,"ABFT21_RS08985","prolyl oligopeptidase family serine peptidase","WP_082368189.1"
"lcl_NZ_CP166677.1_cds_WP_054019830.1_1783",NA,"ABFT21_RS08990","hypothetical protein","WP_054019830.1"
"lcl_NZ_CP166677.1_cds_WP_082368188.1_1784",NA,"ABFT21_RS08995","CobW family GTP-binding protein","WP_082368188.1"
"lcl_NZ_CP166677.1_cds_WP_054019829.1_1785",NA,"ABFT21_RS09000","amidohydrolase","WP_054019829.1"
"lcl_NZ_CP166677.1_cds_WP_054019828.1_1786",NA,"ABFT21_RS09005","amidohydrolase","WP_054019828.1"
"lcl_NZ_CP166677.1_cds_WP_082368187.1_1787",NA,"ABFT21_RS09010","ABC transporter ATP-binding protein","WP_082368187.1"
"lcl_NZ_CP166677.1_cds_WP_082368186.1_1788",NA,"ABFT21_RS09015","ABC transporter ATP-binding protein","WP_082368186.1"
"lcl_NZ_CP166677.1_cds_WP_054019827.1_1789",NA,"ABFT21_RS09020","ABC transporter permease","WP_054019827.1"
"lcl_NZ_CP166677.1_cds_WP_054019826.1_1790",NA,"ABFT21_RS09025","ABC transporter permease","WP_054019826.1"
"lcl_NZ_CP166677.1_cds_WP_054019825.1_1791",NA,"ABFT21_RS09030","ABC transporter substrate-binding protein","WP_054019825.1"
"lcl_NZ_CP166677.1_cds_WP_054019824.1_1792",NA,"ABFT21_RS09035","NAD(P)/FAD-dependent oxidoreductase","WP_054019824.1"
"lcl_NZ_CP166677.1_cds_WP_054019823.1_1793",NA,"ABFT21_RS09040","nuclear transport factor 2 family protein","WP_054019823.1"
"lcl_NZ_CP166677.1_cds_WP_054019822.1_1794","pdxR","ABFT21_RS09045","MocR-like pyridoxine biosynthesis transcription factor PdxR","WP_054019822.1"
"lcl_NZ_CP166677.1_cds_WP_054019821.1_1795",NA,"ABFT21_RS09050","LacI family DNA-binding transcriptional regulator","WP_054019821.1"
"lcl_NZ_CP166677.1_cds_WP_054019820.1_1796",NA,"ABFT21_RS09055","SDR family NAD(P)-dependent oxidoreductase","WP_054019820.1"
"lcl_NZ_CP166677.1_cds_WP_054019819.1_1797",NA,"ABFT21_RS09060","Bug family tripartite tricarboxylate transporter substrate binding protein","WP_054019819.1"
"lcl_NZ_CP166677.1_cds_WP_054019818.1_1798",NA,"ABFT21_RS09065","N-acyl-D-amino-acid deacylase family protein","WP_054019818.1"
"lcl_NZ_CP166677.1_cds_WP_054019817.1_1799","tauA","ABFT21_RS09070","taurine ABC transporter substrate-binding protein","WP_054019817.1"
"lcl_NZ_CP166677.1_cds_WP_054019816.1_1800",NA,"ABFT21_RS09075","taurine ABC transporter ATP-binding protein","WP_054019816.1"
"lcl_NZ_CP166677.1_cds_WP_054019815.1_1801",NA,"ABFT21_RS09080","ABC transporter permease subunit","WP_054019815.1"
"lcl_NZ_CP166677.1_cds_WP_054019814.1_1802",NA,"ABFT21_RS09085","RsmB/NOP family class I SAM-dependent RNA methyltransferase","WP_054019814.1"
"lcl_NZ_CP166677.1_cds_WP_054019813.1_1803",NA,"ABFT21_RS09090","DesA family fatty acid desaturase","WP_054019813.1"
"lcl_NZ_CP166677.1_cds_WP_054019812.1_1804",NA,"ABFT21_RS09095","3'-5' exonuclease","WP_054019812.1"
"lcl_NZ_CP166677.1_cds_WP_054019811.1_1805",NA,"ABFT21_RS09100","long-chain fatty acid--CoA ligase","WP_054019811.1"
"lcl_NZ_CP166677.1_cds_WP_054019810.1_1806",NA,"ABFT21_RS09105","BON domain-containing protein","WP_054019810.1"
"lcl_NZ_CP166677.1_cds_WP_054019809.1_1807",NA,"ABFT21_RS09110","ferritin-like domain-containing protein","WP_054019809.1"
"lcl_NZ_CP166677.1_cds_WP_054019808.1_1808",NA,"ABFT21_RS09115","hypothetical protein","WP_054019808.1"
"lcl_NZ_CP166677.1_cds_WP_082368183.1_1809",NA,"ABFT21_RS09120","DUF1328 domain-containing protein","WP_082368183.1"
"lcl_NZ_CP166677.1_cds_WP_054019807.1_1810",NA,"ABFT21_RS09125","response regulator","WP_054019807.1"
"lcl_NZ_CP166677.1_cds_WP_054019806.1_1811",NA,"ABFT21_RS09130","polysaccharide deacetylase family protein","WP_054019806.1"
"lcl_NZ_CP166677.1_cds_WP_054019805.1_1812",NA,"ABFT21_RS09135","response regulator transcription factor","WP_054019805.1"
"lcl_NZ_CP166677.1_cds_WP_054019804.1_1813",NA,"ABFT21_RS09140","transglutaminase family protein","WP_054019804.1"
"lcl_NZ_CP166677.1_cds_WP_054019803.1_1814",NA,"ABFT21_RS09145","FKBP-type peptidyl-prolyl cis-trans isomerase","WP_054019803.1"
"lcl_NZ_CP166677.1_cds_WP_082368182.1_1815","gluQRS","ABFT21_RS09150","tRNA glutamyl-Q(34) synthetase GluQRS","WP_082368182.1"
"lcl_NZ_CP166677.1_cds_WP_054019802.1_1816",NA,"ABFT21_RS09155","LysR family transcriptional regulator","WP_054019802.1"
"lcl_NZ_CP166677.1_cds_WP_054019801.1_1817",NA,"ABFT21_RS09160","pirin family protein","WP_054019801.1"
"lcl_NZ_CP166677.1_cds_WP_157548819.1_1818",NA,"ABFT21_RS09165","NADPH-dependent FMN reductase","WP_157548819.1"
"lcl_NZ_CP166677.1_cds_WP_054019800.1_1819","ureG","ABFT21_RS09170","urease accessory protein UreG","WP_054019800.1"
"lcl_NZ_CP166677.1_cds_WP_054019839.1_1820",NA,"ABFT21_RS09175","urease accessory protein UreF","WP_054019839.1"
"lcl_NZ_CP166677.1_cds_WP_082368181.1_1821","ureE","ABFT21_RS09180","urease accessory protein UreE","WP_082368181.1"
"lcl_NZ_CP166677.1_cds_WP_054019799.1_1822","serC","ABFT21_RS09185","3-phosphoserine/phosphohydroxythreonine transaminase","WP_054019799.1"
"lcl_NZ_CP166677.1_cds_WP_054019798.1_1823",NA,"ABFT21_RS09190","ExeA family protein","WP_054019798.1"
"lcl_NZ_CP166677.1_cds_WP_463938078.1_1824",NA,"ABFT21_RS09195","general secretion pathway protein GspB","WP_463938078.1"
"lcl_NZ_CP166677.1_cds_WP_054022719.1_1825",NA,"ABFT21_RS09200","alpha/beta family hydrolase","WP_054022719.1"
"lcl_NZ_CP166677.1_cds_WP_054022720.1_1826",NA,"ABFT21_RS09205","AbrB family transcriptional regulator","WP_054022720.1"
"lcl_NZ_CP166677.1_cds_WP_054022721.1_1827",NA,"ABFT21_RS09210","tetratricopeptide repeat protein","WP_054022721.1"
"lcl_NZ_CP166677.1_cds_WP_054022722.1_1828",NA,"ABFT21_RS09215","metallophosphoesterase family protein","WP_054022722.1"
"lcl_NZ_CP166677.1_cds_WP_082368708.1_1829",NA,"ABFT21_RS09220","serine/threonine protein kinase","WP_082368708.1"
"lcl_NZ_CP166677.1_cds_WP_054022723.1_1830",NA,"ABFT21_RS09225","hypothetical protein","WP_054022723.1"
"lcl_NZ_CP166677.1_cds_WP_082368709.1_1831",NA,"ABFT21_RS09230","FG-GAP repeat domain-containing protein","WP_082368709.1"
"lcl_NZ_CP166677.1_cds_WP_054022724.1_1832","mrtJ","ABFT21_RS09235","JDVT-CTERM system glutamic-type intramembrane protease MrtJ","WP_054022724.1"
"lcl_NZ_CP166677.1_cds_WP_054022725.1_1833",NA,"ABFT21_RS09240","hypothetical protein","WP_054022725.1"
"lcl_NZ_CP166677.1_cds_WP_054022726.1_1834",NA,"ABFT21_RS09245","BrnT family toxin","WP_054022726.1"
"lcl_NZ_CP166677.1_cds_WP_480339146.1_1835",NA,"ABFT21_RS09250","hypothetical protein","WP_480339146.1"
"lcl_NZ_CP166677.1_cds_WP_157549428.1_1836",NA,"ABFT21_RS09255","hypothetical protein","WP_157549428.1"
"lcl_NZ_CP166677.1_cds_WP_157549404.1_1837",NA,"ABFT21_RS09260","hypothetical protein","WP_157549404.1"
"lcl_NZ_CP166677.1_cds_WP_463938080.1_1838",NA,"ABFT21_RS09265","IS110 family RNA-guided transposase","WP_463938080.1"
"lcl_NZ_CP166677.1_cds_WP_480338968.1_1839",NA,"ABFT21_RS09270","IS1634 family transposase","WP_480338968.1"
"lcl_NZ_CP166677.1_cds_WP_463938082.1_1840",NA,"ABFT21_RS09275","IS110 family RNA-guided transposase","WP_463938082.1"
"lcl_NZ_CP166677.1_cds_WP_463938161.1_1841",NA,"ABFT21_RS09280","IS110 family RNA-guided transposase","WP_463938161.1"
"lcl_NZ_CP166677.1_cds_WP_157549226.1_1842",NA,"ABFT21_RS09285","hypothetical protein","WP_157549226.1"
"lcl_NZ_CP166677.1_cds_WP_082368588.1_1843",NA,"ABFT21_RS09290","DUF1353 domain-containing protein","WP_082368588.1"
"lcl_NZ_CP166677.1_cds_WP_054022147.1_1844",NA,"ABFT21_RS09295","DUF1801 domain-containing protein","WP_054022147.1"
"lcl_NZ_CP166677.1_cds_WP_157549228.1_1845",NA,"ABFT21_RS09300","S41 family peptidase","WP_157549228.1"
"lcl_NZ_CP166677.1_cds_WP_054022149.1_1846",NA,"ABFT21_RS09305","class I SAM-dependent methyltransferase","WP_054022149.1"
"lcl_NZ_CP166677.1_cds_WP_054022150.1_1847","ureC","ABFT21_RS09310","urease subunit alpha","WP_054022150.1"
"lcl_NZ_CP166677.1_cds_WP_054022152.1_1848",NA,"ABFT21_RS09315","urease subunit beta","WP_054022152.1"
"lcl_NZ_CP166677.1_cds_WP_054022153.1_1849",NA,"ABFT21_RS09320","urease subunit gamma","WP_054022153.1"
"lcl_NZ_CP166677.1_cds_WP_054022154.1_1850",NA,"ABFT21_RS09325","hybrid sensor histidine kinase/response regulator","WP_054022154.1"
"lcl_NZ_CP166677.1_cds_WP_054019076.1_1851",NA,"ABFT21_RS09330","response regulator transcription factor","WP_054019076.1"
"lcl_NZ_CP166677.1_cds_WP_054019075.1_1852",NA,"ABFT21_RS09335","hypothetical protein","WP_054019075.1"
"lcl_NZ_CP166677.1_cds_WP_054019074.1_1853",NA,"ABFT21_RS09340","AAA family ATPase","WP_054019074.1"
"lcl_NZ_CP166677.1_cds_WP_054019073.1_1854","urtA","ABFT21_RS09345","urea ABC transporter substrate-binding protein","WP_054019073.1"
"lcl_NZ_CP166677.1_cds_WP_082368032.1_1855","urtB","ABFT21_RS09350","urea ABC transporter permease subunit UrtB","WP_082368032.1"
"lcl_NZ_CP166677.1_cds_WP_082368031.1_1856","urtC","ABFT21_RS09355","urea ABC transporter permease subunit UrtC","WP_082368031.1"
"lcl_NZ_CP166677.1_cds_WP_054019069.1_1857","urtD","ABFT21_RS09360","urea ABC transporter ATP-binding protein UrtD","WP_054019069.1"
"lcl_NZ_CP166677.1_cds_WP_054019068.1_1858","urtE","ABFT21_RS09365","urea ABC transporter ATP-binding subunit UrtE","WP_054019068.1"
"lcl_NZ_CP166677.1_cds_WP_082368030.1_1859",NA,"ABFT21_RS09370","class I SAM-dependent methyltransferase","WP_082368030.1"
"lcl_NZ_CP166677.1_cds_WP_054019067.1_1860",NA,"ABFT21_RS09375","glutathione S-transferase family protein","WP_054019067.1"
"lcl_NZ_CP166677.1_cds_WP_157548698.1_1861",NA,"ABFT21_RS09380","hypothetical protein","WP_157548698.1"
"lcl_NZ_CP166677.1_cds_WP_054019065.1_1862","modA","ABFT21_RS09385","molybdate ABC transporter substrate-binding protein","WP_054019065.1"
"lcl_NZ_CP166677.1_cds_WP_157548695.1_1863",NA,"ABFT21_RS09390","hypothetical protein","WP_157548695.1"
"lcl_NZ_CP166677.1_cds_WP_480338972.1_1864",NA,"ABFT21_RS09395","DUF2325 domain-containing protein","WP_480338972.1"
"lcl_NZ_CP166677.1_cds_WP_054019062.1_1865",NA,"ABFT21_RS09400","ABC transporter ATP-binding protein","WP_054019062.1"
"lcl_NZ_CP166677.1_cds_WP_054019061.1_1866","modB","ABFT21_RS09405","molybdate ABC transporter permease subunit","WP_054019061.1"
"lcl_NZ_CP166677.1_cds_WP_054019060.1_1867",NA,"ABFT21_RS09410","winged helix-turn-helix domain-containing protein","WP_054019060.1"
"lcl_NZ_CP166677.1_cds_WP_082368028.1_1868",NA,"ABFT21_RS09415","sigma-54-dependent Fis family transcriptional regulator","WP_082368028.1"
"lcl_NZ_CP166677.1_cds_WP_054019059.1_1869","pedI","ABFT21_RS09420","aldehyde dehydrogenase PedI","WP_054019059.1"
"lcl_NZ_CP166677.1_cds_WP_054019058.1_1870",NA,"ABFT21_RS09425","DUF779 domain-containing protein","WP_054019058.1"
"lcl_NZ_CP166677.1_cds_WP_054019057.1_1871",NA,"ABFT21_RS09430","YSC84-related protein","WP_054019057.1"
"lcl_NZ_CP166677.1_cds_WP_054019056.1_1872",NA,"ABFT21_RS09435","ABC transporter ATP-binding protein","WP_054019056.1"
"lcl_NZ_CP166677.1_cds_WP_197284576.1_1873",NA,"ABFT21_RS09440","ABC transporter permease","WP_197284576.1"
"lcl_NZ_CP166677.1_cds_WP_054019054.1_1874",NA,"ABFT21_RS09445","ABC transporter substrate-binding protein","WP_054019054.1"
"lcl_NZ_CP166677.1_cds_WP_054019053.1_1875",NA,"ABFT21_RS09450","hypothetical protein","WP_054019053.1"
"lcl_NZ_CP166677.1_cds_WP_054019052.1_1876","hutH","ABFT21_RS09455","histidine ammonia-lyase","WP_054019052.1"
"lcl_NZ_CP166677.1_cds_WP_054019051.1_1877","hutU","ABFT21_RS09460","urocanate hydratase","WP_054019051.1"
"lcl_NZ_CP166677.1_cds_WP_054019050.1_1878","hutC","ABFT21_RS09465","histidine utilization repressor","WP_054019050.1"
"lcl_NZ_CP166677.1_cds_WP_054019049.1_1879",NA,"ABFT21_RS09470","phytanoyl-CoA dioxygenase family protein","WP_054019049.1"
"lcl_NZ_CP166677.1_cds_WP_157548692.1_1880",NA,"ABFT21_RS09475","HutD family protein","WP_157548692.1"
"lcl_NZ_CP166677.1_cds_WP_054019047.1_1881","hutI","ABFT21_RS09480","imidazolonepropionase","WP_054019047.1"
"lcl_NZ_CP166677.1_cds_WP_439951431.1_1882","hutG","ABFT21_RS09485","N-formylglutamate deformylase","WP_439951431.1"
"lcl_NZ_CP166677.1_cds_WP_231638017.1_1883",NA,"ABFT21_RS09490","formimidoylglutamate deiminase","WP_231638017.1"
"lcl_NZ_CP166677.1_cds_WP_054019046.1_1884",NA,"ABFT21_RS09495","hypothetical protein","WP_054019046.1"
"lcl_NZ_CP166677.1_cds_WP_054019045.1_1885",NA,"ABFT21_RS09500","hypothetical protein","WP_054019045.1"
"lcl_NZ_CP166677.1_cds_WP_054019044.1_1886",NA,"ABFT21_RS09505","class I SAM-dependent methyltransferase","WP_054019044.1"
"lcl_NZ_CP166677.1_cds_WP_054019043.1_1887",NA,"ABFT21_RS09510","hypothetical protein","WP_054019043.1"
"lcl_NZ_CP166677.1_cds_WP_054019083.1_1888",NA,"ABFT21_RS09515","cysteine hydrolase family protein","WP_054019083.1"
"lcl_NZ_CP166677.1_cds_WP_054019042.1_1889",NA,"ABFT21_RS09520","ABC transporter ATP-binding protein","WP_054019042.1"
"lcl_NZ_CP166677.1_cds_WP_054019041.1_1890","biuH","ABFT21_RS09525","biuret amidohydrolase","WP_054019041.1"
"lcl_NZ_CP166677.1_cds_WP_054019040.1_1891",NA,"ABFT21_RS09530","ABC transporter permease","WP_054019040.1"
"lcl_NZ_CP166677.1_cds_WP_054019039.1_1892",NA,"ABFT21_RS09535","ABC transporter permease","WP_054019039.1"
"lcl_NZ_CP166677.1_cds_WP_197284575.1_1893",NA,"ABFT21_RS09540","BMP family ABC transporter substrate-binding protein","WP_197284575.1"
"lcl_NZ_CP166677.1_cds_WP_082368026.1_1894",NA,"ABFT21_RS09545","GntR family transcriptional regulator","WP_082368026.1"
"lcl_NZ_CP166677.1_cds_WP_054019038.1_1895","hpxZ","ABFT21_RS09550","oxalurate catabolism protein HpxZ","WP_054019038.1"
"lcl_NZ_CP166677.1_cds_WP_439951430.1_1896",NA,"ABFT21_RS09555","AtzE family amidohydrolase","WP_439951430.1"
"lcl_NZ_CP166677.1_cds_WP_054019037.1_1897",NA,"ABFT21_RS09560","DUF4089 domain-containing protein","WP_054019037.1"
"lcl_NZ_CP166677.1_cds_WP_054019036.1_1898",NA,"ABFT21_RS09565","ABC transporter ATP-binding protein","WP_054019036.1"
"lcl_NZ_CP166677.1_cds_WP_054019035.1_1899",NA,"ABFT21_RS09570","ABC transporter permease","WP_054019035.1"
"lcl_NZ_CP166677.1_cds_WP_054019034.1_1900",NA,"ABFT21_RS09575","ABC transporter substrate-binding protein","WP_054019034.1"
"lcl_NZ_CP166677.1_cds_WP_054019033.1_1901","atzF","ABFT21_RS09580","allophanate hydrolase","WP_054019033.1"
"lcl_NZ_CP166677.1_cds_WP_082368024.1_1902",NA,"ABFT21_RS09585","TolC family outer membrane protein","WP_082368024.1"
"lcl_NZ_CP166677.1_cds_WP_231638016.1_1903",NA,"ABFT21_RS09590","rhodanese-like domain-containing protein","WP_231638016.1"
"lcl_NZ_CP166677.1_cds_WP_054019031.1_1904",NA,"ABFT21_RS09595","protein-L-isoaspartate O-methyltransferase family protein","WP_054019031.1"
"lcl_NZ_CP166677.1_cds_WP_054019030.1_1905",NA,"ABFT21_RS09600","efflux RND transporter permease subunit","WP_054019030.1"
"lcl_NZ_CP166677.1_cds_WP_054019029.1_1906",NA,"ABFT21_RS09605","efflux RND transporter periplasmic adaptor subunit","WP_054019029.1"
"lcl_NZ_CP166677.1_cds_WP_054019028.1_1907",NA,"ABFT21_RS09610","TetR/AcrR family transcriptional regulator","WP_054019028.1"
"lcl_NZ_CP166677.1_cds_WP_054019027.1_1908",NA,"ABFT21_RS09615","undecaprenyl-diphosphate phosphatase","WP_054019027.1"
"lcl_NZ_CP166677.1_cds_WP_231638018.1_1909","trmB","ABFT21_RS09620","tRNA (guanosine(46)-N7)-methyltransferase TrmB","WP_231638018.1"
"lcl_NZ_CP166677.1_cds_WP_082368022.1_1910","dacB","ABFT21_RS09625","D-alanyl-D-alanine carboxypeptidase/D-alanyl-D-alanine endopeptidase","WP_082368022.1"
"lcl_NZ_CP166677.1_cds_WP_134240526.1_1911",NA,"ABFT21_RS09630","LysR family transcriptional regulator","WP_134240526.1"
"lcl_NZ_CP166677.1_cds_WP_211926124.1_1912",NA,"ABFT21_RS09635","hypothetical protein","WP_211926124.1"
"lcl_NZ_CP166677.1_cds_WP_034080694.1_1913",NA,"ABFT21_RS09640","LysR family transcriptional regulator","WP_034080694.1"
"lcl_NZ_CP166677.1_cds_WP_049284943.1_1914",NA,"ABFT21_RS09645","ATP-binding protein","WP_049284943.1"
"lcl_NZ_CP166677.1_cds_WP_016446183.1_1915",NA,"ABFT21_RS09650","AlpA family transcriptional regulator","WP_016446183.1"
"lcl_NZ_CP166677.1_cds_WP_054019024.1_1916",NA,"ABFT21_RS09655","ParA family protein","WP_054019024.1"
"lcl_NZ_CP166677.1_cds_WP_013982111.1_1917",NA,"ABFT21_RS09660","type II toxin-antitoxin system HicA family toxin","WP_013982111.1"
"lcl_NZ_CP166677.1_cds_WP_054019023.1_1918",NA,"ABFT21_RS09665","ParB family protein","WP_054019023.1"
"lcl_NZ_CP166677.1_cds_WP_009618212.1_1919",NA,"ABFT21_RS09670","DUF2857 domain-containing protein","WP_009618212.1"
"lcl_NZ_CP166677.1_cds_WP_054019022.1_1920",NA,"ABFT21_RS09675","STY4528 family pathogenicity island replication protein","WP_054019022.1"
"lcl_NZ_CP166677.1_cds_WP_054019078.1_1921",NA,"ABFT21_RS09680","OST-HTH/LOTUS domain-containing protein","WP_054019078.1"
"lcl_NZ_CP166677.1_cds_WP_054019021.1_1922",NA,"ABFT21_RS09685","PFL_4669 family integrating conjugative element protein","WP_054019021.1"
"lcl_NZ_CP166677.1_cds_WP_054019020.1_1923",NA,"ABFT21_RS09690","DUF3158 family protein","WP_054019020.1"
"lcl_NZ_CP166677.1_cds_WP_054019019.1_1924",NA,"ABFT21_RS09695","single-stranded DNA-binding protein","WP_054019019.1"
"lcl_NZ_CP166677.1_cds_WP_054019018.1_1925",NA,"ABFT21_RS09700","DNA topoisomerase III","WP_054019018.1"
"lcl_NZ_CP166677.1_cds_WP_082368021.1_1926","arsN2","ABFT21_RS09705","arsenic resistance N-acetyltransferase ArsN2","WP_082368021.1"
"lcl_NZ_CP166677.1_cds_WP_054019017.1_1927","arsB","ABFT21_RS09710","ACR3 family arsenite efflux transporter","WP_054019017.1"
"lcl_NZ_CP166677.1_cds_WP_054019016.1_1928",NA,"ABFT21_RS09715","arsenate reductase ArsC","WP_054019016.1"
"lcl_NZ_CP166677.1_cds_WP_054019015.1_1929",NA,"ABFT21_RS09720","ArsI/CadI family heavy metal resistance metalloenzyme","WP_054019015.1"
"lcl_NZ_CP166677.1_cds_WP_054019014.1_1930",NA,"ABFT21_RS09725","ArsR/SmtB family transcription factor","WP_054019014.1"
"lcl_NZ_CP166677.1_cds_WP_082368020.1_1931",NA,"ABFT21_RS09730","hypothetical protein","WP_082368020.1"
"lcl_NZ_CP166677.1_cds_WP_003141051.1_1932",NA,"ABFT21_RS09735","hypothetical protein","WP_003141051.1"
"lcl_NZ_CP166677.1_cds_WP_054019013.1_1933",NA,"ABFT21_RS09740","DUF5983 family protein","WP_054019013.1"
"lcl_NZ_CP166677.1_cds_WP_054019012.1_1934",NA,"ABFT21_RS09745","hypothetical protein","WP_054019012.1"
"lcl_NZ_CP166677.1_cds_WP_054019011.1_1935",NA,"ABFT21_RS09750","DUF3085 domain-containing protein","WP_054019011.1"
"lcl_NZ_CP166677.1_cds_WP_034021448.1_1936",NA,"ABFT21_RS09755","STY4534 family ICE replication protein","WP_034021448.1"
"lcl_NZ_CP166677.1_cds_WP_010792165.1_1937",NA,"ABFT21_RS09760","DUF3275 family protein","WP_010792165.1"
"lcl_NZ_CP166677.1_cds_WP_013721853.1_1938",NA,"ABFT21_RS09765","hypothetical protein","WP_013721853.1"
"lcl_NZ_CP166677.1_cds_WP_054019010.1_1939",NA,"ABFT21_RS09770","hypothetical protein","WP_054019010.1"
"lcl_NZ_CP166677.1_cds_WP_054019009.1_1940",NA,"ABFT21_RS09775","DUF6094 domain-containing protein","WP_054019009.1"
"lcl_NZ_CP166677.1_cds_WP_054019008.1_1941",NA,"ABFT21_RS09780","hypothetical protein","WP_054019008.1"
"lcl_NZ_CP166677.1_cds_WP_082368019.1_1942",NA,"ABFT21_RS09785","helicase-related protein","WP_082368019.1"
"lcl_NZ_CP166677.1_cds_WP_054019077.1_1943","pilL2","ABFT21_RS09790","PFGI-1 class ICE element type IV pilus protein PilL2","WP_054019077.1"
"lcl_NZ_CP166677.1_cds_WP_043496628.1_1944",NA,"ABFT21_RS09795","hypothetical protein","WP_043496628.1"
"lcl_NZ_CP166677.1_cds_WP_054019006.1_1945",NA,"ABFT21_RS09800","TIGR03759 family integrating conjugative element protein","WP_054019006.1"
"lcl_NZ_CP166677.1_cds_WP_054019005.1_1946",NA,"ABFT21_RS09805","lysozyme family protein","WP_054019005.1"
"lcl_NZ_CP166677.1_cds_WP_054019004.1_1947",NA,"ABFT21_RS09810","integrating conjugative element protein","WP_054019004.1"
"lcl_NZ_CP166677.1_cds_WP_054019003.1_1948","traD","ABFT21_RS09815","type IV conjugative transfer system coupling protein TraD","WP_054019003.1"
"lcl_NZ_CP166677.1_cds_WP_003141008.1_1949",NA,"ABFT21_RS09820","TIGR03747 family integrating conjugative element membrane protein","WP_003141008.1"
"lcl_NZ_CP166677.1_cds_WP_054019002.1_1950",NA,"ABFT21_RS09825","AAA family ATPase","WP_054019002.1"
"lcl_NZ_CP166677.1_cds_WP_023101508.1_1951",NA,"ABFT21_RS09830","AIPR family protein","WP_023101508.1"
"lcl_NZ_CP166677.1_cds_WP_054019001.1_1952",NA,"ABFT21_RS09835","PD-(D/E)XK motif protein","WP_054019001.1"
"lcl_NZ_CP166677.1_cds_WP_033986592.1_1953",NA,"ABFT21_RS09840","Z1 domain-containing protein","WP_033986592.1"
"lcl_NZ_CP166677.1_cds_WP_029133609.1_1954",NA,"ABFT21_RS09845","ATP-binding protein","WP_029133609.1"
"lcl_NZ_CP166677.1_cds_WP_009397211.1_1955",NA,"ABFT21_RS09850","very short patch repair endonuclease","WP_009397211.1"
"lcl_NZ_CP166677.1_cds_WP_054019000.1_1956",NA,"ABFT21_RS09855","DNA cytosine methyltransferase","WP_054019000.1"
"lcl_NZ_CP166677.1_cds_WP_009397209.1_1957","mads1","ABFT21_RS09860","methylation-associated defense system helix-turn-helix domain-containing protein MAD1","WP_009397209.1"
"lcl_NZ_CP166677.1_cds_WP_054018999.1_1958",NA,"ABFT21_RS09865","integrative conjugative element protein, RAQPRD family","WP_054018999.1"
"lcl_NZ_CP166677.1_cds_WP_003294214.1_1959",NA,"ABFT21_RS09870","TIGR03758 family integrating conjugative element protein","WP_003294214.1"
"lcl_NZ_CP166677.1_cds_WP_019751241.1_1960",NA,"ABFT21_RS09875","TIGR03745 family integrating conjugative element membrane protein","WP_019751241.1"
"lcl_NZ_CP166677.1_cds_WP_019751240.1_1961",NA,"ABFT21_RS09880","TIGR03750 family conjugal transfer protein","WP_019751240.1"
"lcl_NZ_CP166677.1_cds_WP_054022047.1_1962",NA,"ABFT21_RS09885","PFL_4703 family integrating conjugative element protein","WP_054022047.1"
"lcl_NZ_CP166677.1_cds_WP_054022048.1_1963",NA,"ABFT21_RS09890","TIGR03749 family integrating conjugative element protein","WP_054022048.1"
"lcl_NZ_CP166677.1_cds_WP_054022049.1_1964",NA,"ABFT21_RS09895","TIGR03752 family integrating conjugative element protein","WP_054022049.1"
"lcl_NZ_CP166677.1_cds_WP_019751236.1_1965",NA,"ABFT21_RS09900","TIGR03751 family conjugal transfer lipoprotein","WP_019751236.1"
"lcl_NZ_CP166677.1_cds_WP_019751235.1_1966",NA,"ABFT21_RS09905","conjugative transfer ATPase","WP_019751235.1"
"lcl_NZ_CP166677.1_cds_WP_019751234.1_1967",NA,"ABFT21_RS09910","DsbA family protein","WP_019751234.1"
"lcl_NZ_CP166677.1_cds_WP_019751233.1_1968","radC","ABFT21_RS09915","RadC family protein","WP_019751233.1"
"lcl_NZ_CP166677.1_cds_WP_054022050.1_1969",NA,"ABFT21_RS09920","MFS transporter","WP_054022050.1"
"lcl_NZ_CP166677.1_cds_WP_019752945.1_1970",NA,"ABFT21_RS09925","chromate resistance protein ChrB domain-containing protein","WP_019752945.1"
"lcl_NZ_CP166677.1_cds_WP_049948406.1_1971",NA,"ABFT21_RS09930","DUF1259 domain-containing protein","WP_049948406.1"
"lcl_NZ_CP166677.1_cds_WP_029380760.1_1972",NA,"ABFT21_RS09935","superoxide dismutase","WP_029380760.1"
"lcl_NZ_CP166677.1_cds_WP_019752942.1_1973","chrA","ABFT21_RS09940","chromate resistance efflux protein ChrA","WP_019752942.1"
"lcl_NZ_CP166677.1_cds_WP_019752941.1_1974",NA,"ABFT21_RS09945","chromate resistance protein ChrB domain-containing protein","WP_019752941.1"
"lcl_NZ_CP166677.1_cds_WP_019752940.1_1975",NA,"ABFT21_RS09950","TIGR03757 family integrating conjugative element protein","WP_019752940.1"
"lcl_NZ_CP166677.1_cds_WP_054022051.1_1976",NA,"ABFT21_RS09955","TIGR03756 family integrating conjugative element protein","WP_054022051.1"
"lcl_NZ_CP166677.1_cds_WP_054022052.1_1977",NA,"ABFT21_RS09960","integrating conjugative element protein","WP_054022052.1"
"lcl_NZ_CP166677.1_cds_WP_054022053.1_1978",NA,"ABFT21_RS09965","hypothetical protein","WP_054022053.1"
"lcl_NZ_CP166677.1_cds_WP_054022054.1_1979",NA,"ABFT21_RS09970","conjugal transfer protein TraG N-terminal domain-containing protein","WP_054022054.1"
"lcl_NZ_CP166677.1_cds_WP_023115034.1_1980",NA,"ABFT21_RS09975","DUF3742 family protein","WP_023115034.1"
"lcl_NZ_CP166677.1_cds_WP_054022055.1_1981",NA,"ABFT21_RS09980","type IV toxin-antitoxin system AbiEi family antitoxin domain-containing protein","WP_054022055.1"
"lcl_NZ_CP166677.1_cds_WP_013721904.1_1982",NA,"ABFT21_RS09985","nucleotidyl transferase AbiEii/AbiGii toxin family protein","WP_013721904.1"
"lcl_NZ_CP166677.1_cds_WP_054022056.1_1983","mobH","ABFT21_RS09990","MobH family relaxase","WP_054022056.1"
"lcl_NZ_CP166677.1_cds_WP_003282197.1_1984",NA,"ABFT21_RS09995","helix-turn-helix domain-containing protein","WP_003282197.1"
"lcl_NZ_CP166677.1_cds_WP_025991876.1_1985",NA,"ABFT21_RS10000","substrate-binding domain-containing protein","WP_025991876.1"
"lcl_NZ_CP166677.1_cds_ABFT21_RS10005_1986",NA,"ABFT21_RS10005","Tn3 family transposase",NA
"lcl_NZ_CP166677.1_cds_ABFT21_RS10010_1987","lspA","ABFT21_RS10010","signal peptidase II",NA
"lcl_NZ_CP166677.1_cds_WP_157549210.1_1988",NA,"ABFT21_RS10015","hypothetical protein","WP_157549210.1"
"lcl_NZ_CP166677.1_cds_WP_197284750.1_1989",NA,"ABFT21_RS10020","class I SAM-dependent methyltransferase","WP_197284750.1"
"lcl_NZ_CP166677.1_cds_WP_197284751.1_1990",NA,"ABFT21_RS10025","alpha-ketoglutarate-dependent dioxygenase AlkB family protein","WP_197284751.1"
"lcl_NZ_CP166677.1_cds_WP_439951452.1_1991",NA,"ABFT21_RS10030","phosphatase PAP2 family protein","WP_439951452.1"
"lcl_NZ_CP166677.1_cds_WP_013721908.1_1992",NA,"ABFT21_RS10035","heavy metal translocating P-type ATPase","WP_013721908.1"
"lcl_NZ_CP166677.1_cds_WP_013721909.1_1993","cadR","ABFT21_RS10040","Cd(II)/Pb(II)-responsive transcriptional regulator","WP_013721909.1"
"lcl_NZ_CP166677.1_cds_WP_054022058.1_1994",NA,"ABFT21_RS10045","tyrosine-type recombinase/integrase","WP_054022058.1"
"lcl_NZ_CP166677.1_cds_WP_054022059.1_1995",NA,"ABFT21_RS10050","hypothetical protein","WP_054022059.1"
"lcl_NZ_CP166677.1_cds_WP_054022060.1_1996","ltrA","ABFT21_RS10055","group II intron reverse transcriptase/maturase","WP_054022060.1"
"lcl_NZ_CP166677.1_cds_WP_480339009.1_1997",NA,"ABFT21_RS10065","LuxR C-terminal-related transcriptional regulator","WP_480339009.1"
"lcl_NZ_CP166677.1_cds_WP_054022062.1_1998",NA,"ABFT21_RS10070","NADPH:quinone oxidoreductase family protein","WP_054022062.1"
"lcl_NZ_CP166677.1_cds_WP_054022063.1_1999","surE","ABFT21_RS10075","5'/3'-nucleotidase SurE","WP_054022063.1"
"lcl_NZ_CP166677.1_cds_WP_054022064.1_2000",NA,"ABFT21_RS10080","protein-L-isoaspartate(D-aspartate) O-methyltransferase","WP_054022064.1"
"lcl_NZ_CP166677.1_cds_WP_082368570.1_2001",NA,"ABFT21_RS10085","peptidoglycan DD-metalloendopeptidase family protein","WP_082368570.1"
"lcl_NZ_CP166677.1_cds_WP_054022065.1_2002","rlmD","ABFT21_RS10090","23S rRNA (uracil(1939)-C(5))-methyltransferase RlmD","WP_054022065.1"
"lcl_NZ_CP166677.1_cds_WP_054022066.1_2003",NA,"ABFT21_RS10095","hypothetical protein","WP_054022066.1"
"lcl_NZ_CP166677.1_cds_WP_054022067.1_2004",NA,"ABFT21_RS10100","PDR/VanB family oxidoreductase","WP_054022067.1"
"lcl_NZ_CP166677.1_cds_WP_054022068.1_2005",NA,"ABFT21_RS10105","porin","WP_054022068.1"
"lcl_NZ_CP166677.1_cds_WP_054022069.1_2006",NA,"ABFT21_RS10110","class I adenylate-forming enzyme family protein","WP_054022069.1"
"lcl_NZ_CP166677.1_cds_WP_054022070.1_2007",NA,"ABFT21_RS10115","ABC transporter ATP-binding protein","WP_054022070.1"
"lcl_NZ_CP166677.1_cds_WP_054022071.1_2008",NA,"ABFT21_RS10120","ABC transporter ATP-binding protein","WP_054022071.1"
"lcl_NZ_CP166677.1_cds_WP_197284752.1_2009",NA,"ABFT21_RS10125","TauD/TfdA dioxygenase family protein","WP_197284752.1"
"lcl_NZ_CP166677.1_cds_WP_054022073.1_2010",NA,"ABFT21_RS10130","ABC transporter substrate-binding protein","WP_054022073.1"
"lcl_NZ_CP166677.1_cds_WP_082368574.1_2011",NA,"ABFT21_RS10135","ABC transporter permease","WP_082368574.1"
"lcl_NZ_CP166677.1_cds_WP_054022074.1_2012",NA,"ABFT21_RS10140","ABC transporter permease","WP_054022074.1"
"lcl_NZ_CP166677.1_cds_WP_054022075.1_2013",NA,"ABFT21_RS10145","aromatic ring-hydroxylating dioxygenase subunit alpha","WP_054022075.1"
"lcl_NZ_CP166677.1_cds_WP_197284753.1_2014",NA,"ABFT21_RS10150","creatininase family protein","WP_197284753.1"
"lcl_NZ_CP166677.1_cds_WP_054022076.1_2015",NA,"ABFT21_RS10155","cytosine deaminase","WP_054022076.1"
"lcl_NZ_CP166677.1_cds_WP_054022077.1_2016",NA,"ABFT21_RS10160","LysR family transcriptional regulator","WP_054022077.1"
"lcl_NZ_CP166677.1_cds_WP_463938084.1_2017",NA,"ABFT21_RS10165","Bax inhibitor-1 family protein","WP_463938084.1"
"lcl_NZ_CP166677.1_cds_WP_054018766.1_2018",NA,"ABFT21_RS10170","GlcG/HbpS family heme-binding protein","WP_054018766.1"
"lcl_NZ_CP166677.1_cds_WP_054018765.1_2019","carA","ABFT21_RS10175","glutamine-hydrolyzing carbamoyl-phosphate synthase small subunit","WP_054018765.1"
"lcl_NZ_CP166677.1_cds_WP_054018764.1_2020","carB","ABFT21_RS10180","carbamoyl-phosphate synthase large subunit","WP_054018764.1"
"lcl_NZ_CP166677.1_cds_WP_054018763.1_2021","greA","ABFT21_RS10185","transcription elongation factor GreA","WP_054018763.1"
"lcl_NZ_CP166677.1_cds_WP_082367970.1_2022",NA,"ABFT21_RS10190","DUF4149 domain-containing protein","WP_082367970.1"
"lcl_NZ_CP166677.1_cds_WP_054018762.1_2023",NA,"ABFT21_RS10195","YhbY family RNA-binding protein","WP_054018762.1"
"lcl_NZ_CP166677.1_cds_WP_054018761.1_2024",NA,"ABFT21_RS10200","RlmE family RNA methyltransferase","WP_054018761.1"
"lcl_NZ_CP166677.1_cds_WP_054018760.1_2025","ftsH","ABFT21_RS10205","ATP-dependent zinc metalloprotease FtsH","WP_054018760.1"
"lcl_NZ_CP166677.1_cds_WP_054018759.1_2026","folP","ABFT21_RS10210","dihydropteroate synthase","WP_054018759.1"
"lcl_NZ_CP166677.1_cds_WP_054018758.1_2027","glmM","ABFT21_RS10215","phosphoglucosamine mutase","WP_054018758.1"
"lcl_NZ_CP166677.1_cds_WP_054018757.1_2028","pstS","ABFT21_RS10220","phosphate ABC transporter substrate-binding protein PstS","WP_054018757.1"
"lcl_NZ_CP166677.1_cds_WP_054018756.1_2029","pstC","ABFT21_RS10225","phosphate ABC transporter permease PstC","WP_054018756.1"
"lcl_NZ_CP166677.1_cds_WP_054018755.1_2030","pstA","ABFT21_RS10230","phosphate ABC transporter permease PstA","WP_054018755.1"
"lcl_NZ_CP166677.1_cds_WP_054018754.1_2031","pstB","ABFT21_RS10235","phosphate ABC transporter ATP-binding protein PstB","WP_054018754.1"
"lcl_NZ_CP166677.1_cds_WP_054018753.1_2032","phoU","ABFT21_RS10240","phosphate signaling complex protein PhoU","WP_054018753.1"
"lcl_NZ_CP166677.1_cds_WP_054018752.1_2033","phoB","ABFT21_RS10245","phosphate regulon transcriptional regulator PhoB","WP_054018752.1"
"lcl_NZ_CP166677.1_cds_WP_082367969.1_2034","phoR","ABFT21_RS10250","phosphate regulon sensor histidine kinase PhoR","WP_082367969.1"
"lcl_NZ_CP166677.1_cds_WP_054018751.1_2035",NA,"ABFT21_RS10255","hypothetical protein","WP_054018751.1"
"lcl_NZ_CP166677.1_cds_WP_054018750.1_2036",NA,"ABFT21_RS10260","type B 50S ribosomal protein L31","WP_054018750.1"
"lcl_NZ_CP166677.1_cds_WP_054018749.1_2037","rho","ABFT21_RS10265","transcription termination factor Rho","WP_054018749.1"
"lcl_NZ_CP166677.1_cds_WP_054018748.1_2038","trxA","ABFT21_RS10270","thioredoxin TrxA","WP_054018748.1"
"lcl_NZ_CP166677.1_cds_WP_054018747.1_2039",NA,"ABFT21_RS10275","HDOD domain-containing protein","WP_054018747.1"
"lcl_NZ_CP166677.1_cds_WP_054018746.1_2040",NA,"ABFT21_RS10285","AIR synthase-related protein","WP_054018746.1"
"lcl_NZ_CP166677.1_cds_WP_054018745.1_2041","dnaX","ABFT21_RS10290","DNA polymerase III subunit gamma/tau","WP_054018745.1"
"lcl_NZ_CP166677.1_cds_WP_054018744.1_2042",NA,"ABFT21_RS10295","YbaB/EbfC family nucleoid-associated protein","WP_054018744.1"
"lcl_NZ_CP166677.1_cds_WP_054018743.1_2043","recR","ABFT21_RS10300","recombination mediator RecR","WP_054018743.1"
"lcl_NZ_CP166677.1_cds_WP_082367966.1_2044",NA,"ABFT21_RS10305","transglycosylase SLT domain-containing protein","WP_082367966.1"
"lcl_NZ_CP166677.1_cds_WP_054018742.1_2045","gloB","ABFT21_RS10310","hydroxyacylglutathione hydrolase","WP_054018742.1"
"lcl_NZ_CP166677.1_cds_WP_054018741.1_2046",NA,"ABFT21_RS10315","class I SAM-dependent methyltransferase","WP_054018741.1"
"lcl_NZ_CP166677.1_cds_WP_054018740.1_2047",NA,"ABFT21_RS10320","ribonuclease H family protein","WP_054018740.1"
"lcl_NZ_CP166677.1_cds_WP_054018739.1_2048",NA,"ABFT21_RS10325","DUF4148 domain-containing protein","WP_054018739.1"
"lcl_NZ_CP166677.1_cds_WP_054018738.1_2049",NA,"ABFT21_RS10330","sodium:solute symporter family protein","WP_054018738.1"
"lcl_NZ_CP166677.1_cds_WP_054018737.1_2050","rpsF","ABFT21_RS10335","30S ribosomal protein S6","WP_054018737.1"
"lcl_NZ_CP166677.1_cds_WP_231637998.1_2051","priB","ABFT21_RS10340","primosomal replication protein N","WP_231637998.1"
"lcl_NZ_CP166677.1_cds_WP_054018736.1_2052","rpsR","ABFT21_RS10345","30S ribosomal protein S18","WP_054018736.1"
"lcl_NZ_CP166677.1_cds_WP_054018735.1_2053","rplI","ABFT21_RS10350","50S ribosomal protein L9","WP_054018735.1"
"lcl_NZ_CP166677.1_cds_WP_197284564.1_2054","dnaB","ABFT21_RS10355","replicative DNA helicase","WP_197284564.1"
"lcl_NZ_CP166677.1_cds_WP_082367962.1_2055",NA,"ABFT21_RS10360","PA0069 family radical SAM protein","WP_082367962.1"
"lcl_NZ_CP166677.1_cds_WP_082367973.1_2056",NA,"ABFT21_RS10365","response regulator","WP_082367973.1"
"lcl_NZ_CP166677.1_cds_WP_054018733.1_2057","dnaJ","ABFT21_RS10370","molecular chaperone DnaJ","WP_054018733.1"
"lcl_NZ_CP166677.1_cds_WP_054018732.1_2058","dnaK","ABFT21_RS10375","molecular chaperone DnaK","WP_054018732.1"
"lcl_NZ_CP166677.1_cds_WP_054018731.1_2059","grpE","ABFT21_RS10380","nucleotide exchange factor GrpE","WP_054018731.1"
"lcl_NZ_CP166677.1_cds_WP_054018730.1_2060",NA,"ABFT21_RS10385","RNA-binding S4 domain-containing protein","WP_054018730.1"
"lcl_NZ_CP166677.1_cds_WP_054018775.1_2061",NA,"ABFT21_RS10390","sensor histidine kinase","WP_054018775.1"
"lcl_NZ_CP166677.1_cds_WP_054018729.1_2062",NA,"ABFT21_RS10395","response regulator transcription factor","WP_054018729.1"
"lcl_NZ_CP166677.1_cds_WP_054018774.1_2063",NA,"ABFT21_RS10400","Bug family tripartite tricarboxylate transporter substrate binding protein","WP_054018774.1"
"lcl_NZ_CP166677.1_cds_WP_054018728.1_2064",NA,"ABFT21_RS10405","tripartite tricarboxylate transporter TctB family protein","WP_054018728.1"
"lcl_NZ_CP166677.1_cds_WP_054018727.1_2065",NA,"ABFT21_RS10410","tripartite tricarboxylate transporter permease","WP_054018727.1"
"lcl_NZ_CP166677.1_cds_WP_054018726.1_2066","hemH","ABFT21_RS10415","ferrochelatase","WP_054018726.1"
"lcl_NZ_CP166677.1_cds_WP_054018725.1_2067",NA,"ABFT21_RS10420","HAD family hydrolase","WP_054018725.1"
"lcl_NZ_CP166677.1_cds_WP_054018724.1_2068",NA,"ABFT21_RS10425","adenylate/guanylate cyclase domain-containing protein","WP_054018724.1"
"lcl_NZ_CP166677.1_cds_WP_054018723.1_2069","rpoD","ABFT21_RS10430","RNA polymerase sigma factor RpoD","WP_054018723.1"
"lcl_NZ_CP166677.1_cds_WP_054018722.1_2070","dnaG","ABFT21_RS10435","DNA primase","WP_054018722.1"
"lcl_NZ_CP166677.1_cds_WP_054018721.1_2071",NA,"ABFT21_RS10440","H-NS histone family protein","WP_054018721.1"
"lcl_NZ_CP166677.1_cds_WP_082367958.1_2072",NA,"ABFT21_RS10445","extracellular solute-binding protein","WP_082367958.1"
"lcl_NZ_CP166677.1_cds_WP_054018720.1_2073",NA,"ABFT21_RS10450","oxidative damage protection protein","WP_054018720.1"
"lcl_NZ_CP166677.1_cds_WP_054018719.1_2074","argA","ABFT21_RS10455","amino-acid N-acetyltransferase","WP_054018719.1"
"lcl_NZ_CP166677.1_cds_WP_082367957.1_2075","hrpA","ABFT21_RS10460","ATP-dependent RNA helicase HrpA","WP_082367957.1"
"lcl_NZ_CP166677.1_cds_WP_054018718.1_2076",NA,"ABFT21_RS10465","GlsB/YeaQ/YmgE family stress response membrane protein","WP_054018718.1"
"lcl_NZ_CP166677.1_cds_WP_157548616.1_2077",NA,"ABFT21_RS10470","hypothetical protein","WP_157548616.1"
"lcl_NZ_CP166677.1_cds_WP_054018716.1_2078",NA,"ABFT21_RS10485","glutathione binding-like protein","WP_054018716.1"
"lcl_NZ_CP166677.1_cds_WP_054018715.1_2079",NA,"ABFT21_RS10490","hypothetical protein","WP_054018715.1"
"lcl_NZ_CP166677.1_cds_WP_054018714.1_2080",NA,"ABFT21_RS10495","acyl-CoA dehydrogenase family protein","WP_054018714.1"
"lcl_NZ_CP166677.1_cds_WP_054018713.1_2081",NA,"ABFT21_RS10500","phosphotransferase","WP_054018713.1"
"lcl_NZ_CP166677.1_cds_WP_054018712.1_2082",NA,"ABFT21_RS10505","Crp/Fnr family transcriptional regulator","WP_054018712.1"
"lcl_NZ_CP166677.1_cds_WP_157548613.1_2083",NA,"ABFT21_RS10510","type IV pilus assembly protein FimV","WP_157548613.1"
"lcl_NZ_CP166677.1_cds_WP_054018710.1_2084",NA,"ABFT21_RS10515","pyridoxal phosphate-dependent aminotransferase","WP_054018710.1"
"lcl_NZ_CP166677.1_cds_WP_054018709.1_2085",NA,"ABFT21_RS10520","CysB family HTH-type transcriptional regulator","WP_054018709.1"
"lcl_NZ_CP166677.1_cds_WP_054018708.1_2086",NA,"ABFT21_RS10525","sirohydrochlorin chelatase","WP_054018708.1"
"lcl_NZ_CP166677.1_cds_WP_054018771.1_2087",NA,"ABFT21_RS10530","LptF/LptG family permease","WP_054018771.1"
"lcl_NZ_CP166677.1_cds_WP_054018707.1_2088","lptF","ABFT21_RS10535","LPS export ABC transporter permease LptF","WP_054018707.1"
"lcl_NZ_CP166677.1_cds_WP_054018706.1_2089",NA,"ABFT21_RS10540","leucyl aminopeptidase","WP_054018706.1"
"lcl_NZ_CP166677.1_cds_WP_054018705.1_2090",NA,"ABFT21_RS10545","DNA polymerase III subunit chi","WP_054018705.1"
"lcl_NZ_CP166677.1_cds_WP_054018704.1_2091",NA,"ABFT21_RS10550","hypothetical protein","WP_054018704.1"
"lcl_NZ_CP166677.1_cds_WP_054018703.1_2092",NA,"ABFT21_RS10555","branched-chain amino acid ABC transporter substrate-binding protein","WP_054018703.1"
"lcl_NZ_CP166677.1_cds_WP_054018702.1_2093",NA,"ABFT21_RS10560","fumarate hydratase","WP_054018702.1"
"lcl_NZ_CP166677.1_cds_WP_054018701.1_2094",NA,"ABFT21_RS10565","TIGR00645 family protein","WP_054018701.1"
"lcl_NZ_CP166677.1_cds_WP_054018700.1_2095","acs","ABFT21_RS10570","acetate--CoA ligase","WP_054018700.1"
"lcl_NZ_CP166677.1_cds_WP_157548610.1_2096",NA,"ABFT21_RS10575","c-type cytochrome","WP_157548610.1"
"lcl_NZ_CP166677.1_cds_WP_054018699.1_2097",NA,"ABFT21_RS10580","TIGR04438 family Trp-rich protein","WP_054018699.1"
"lcl_NZ_CP166677.1_cds_WP_054018769.1_2098","pgeF","ABFT21_RS10585","peptidoglycan editing factor PgeF","WP_054018769.1"
"lcl_NZ_CP166677.1_cds_WP_054018698.1_2099",NA,"ABFT21_RS10590","hypothetical protein","WP_054018698.1"
"lcl_NZ_CP166677.1_cds_WP_054018697.1_2100","phaC","ABFT21_RS10595","class I poly(R)-hydroxyalkanoic acid synthase","WP_054018697.1"
"lcl_NZ_CP166677.1_cds_WP_054018696.1_2101",NA,"ABFT21_RS10600","acetyl-CoA C-acetyltransferase","WP_054018696.1"
"lcl_NZ_CP166677.1_cds_WP_054018695.1_2102","phbB","ABFT21_RS10605","acetoacetyl-CoA reductase","WP_054018695.1"
"lcl_NZ_CP166677.1_cds_WP_054018694.1_2103","mnmH","ABFT21_RS10610","tRNA 2-selenouridine(34) synthase MnmH","WP_054018694.1"
"lcl_NZ_CP166677.1_cds_WP_082367972.1_2104",NA,"ABFT21_RS10615","[protein-PII","WP_082367972.1"
"lcl_NZ_CP166677.1_cds_WP_054018693.1_2105","map","ABFT21_RS10620","type I methionyl aminopeptidase","WP_054018693.1"
"lcl_NZ_CP166677.1_cds_WP_054018692.1_2106","purL","ABFT21_RS10625","phosphoribosylformylglycinamidine synthase","WP_054018692.1"
"lcl_NZ_CP166677.1_cds_WP_054018691.1_2107",NA,"ABFT21_RS10630","c-type cytochrome","WP_054018691.1"
"lcl_NZ_CP166677.1_cds_WP_054018690.1_2108",NA,"ABFT21_RS10635","cytochrome b/b6 domain-containing protein","WP_054018690.1"
"lcl_NZ_CP166677.1_cds_WP_054018689.1_2109",NA,"ABFT21_RS10640","pyruvate carboxylase","WP_054018689.1"
"lcl_NZ_CP166677.1_cds_WP_082367947.1_2110",NA,"ABFT21_RS10645","molybdopterin-dependent oxidoreductase","WP_082367947.1"
"lcl_NZ_CP166677.1_cds_WP_463938087.1_2111",NA,"ABFT21_RS10655","electron transfer flavoprotein subunit beta/FixA family protein","WP_463938087.1"
"lcl_NZ_CP166677.1_cds_WP_463938088.1_2112",NA,"ABFT21_RS10660","electron transfer flavoprotein subunit alpha/FixB family protein","WP_463938088.1"
"lcl_NZ_CP166677.1_cds_WP_054019580.1_2113",NA,"ABFT21_RS10665","acyl-CoA dehydrogenase","WP_054019580.1"
"lcl_NZ_CP166677.1_cds_WP_054019581.1_2114",NA,"ABFT21_RS10670","M3 family metallopeptidase","WP_054019581.1"
"lcl_NZ_CP166677.1_cds_WP_054019582.1_2115",NA,"ABFT21_RS10675","PhoH family protein","WP_054019582.1"
"lcl_NZ_CP166677.1_cds_WP_054019583.1_2116",NA,"ABFT21_RS10680","peroxiredoxin","WP_054019583.1"
"lcl_NZ_CP166677.1_cds_WP_054019584.1_2117",NA,"ABFT21_RS10685","Mth938-like domain-containing protein","WP_054019584.1"
"lcl_NZ_CP166677.1_cds_WP_054019585.1_2118",NA,"ABFT21_RS10690","pyridoxal phosphate-dependent aminotransferase","WP_054019585.1"
"lcl_NZ_CP166677.1_cds_WP_054019586.1_2119",NA,"ABFT21_RS10695","homoserine dehydrogenase","WP_054019586.1"
"lcl_NZ_CP166677.1_cds_WP_054019587.1_2120",NA,"ABFT21_RS10700","LysR substrate-binding domain-containing protein","WP_054019587.1"
"lcl_NZ_CP166677.1_cds_WP_054019588.1_2121",NA,"ABFT21_RS10705","L-lactate permease","WP_054019588.1"
"lcl_NZ_CP166677.1_cds_WP_054019589.1_2122",NA,"ABFT21_RS10710","alpha-hydroxy acid oxidase","WP_054019589.1"
"lcl_NZ_CP166677.1_cds_WP_054019590.1_2123","thrC","ABFT21_RS10715","threonine synthase","WP_054019590.1"
"lcl_NZ_CP166677.1_cds_WP_054019591.1_2124",NA,"ABFT21_RS10720","molybdopterin molybdotransferase MoeA","WP_054019591.1"
"lcl_NZ_CP166677.1_cds_WP_054019592.1_2125",NA,"ABFT21_RS10725","MoaD/ThiS family protein","WP_054019592.1"
"lcl_NZ_CP166677.1_cds_WP_054019593.1_2126","moaE","ABFT21_RS10730","molybdopterin synthase catalytic subunit MoaE","WP_054019593.1"
"lcl_NZ_CP166677.1_cds_WP_054019594.1_2127","clpB","ABFT21_RS10735","ATP-dependent chaperone ClpB","WP_054019594.1"
"lcl_NZ_CP166677.1_cds_WP_054019595.1_2128","nadB","ABFT21_RS10740","L-aspartate oxidase","WP_054019595.1"
"lcl_NZ_CP166677.1_cds_WP_054019596.1_2129",NA,"ABFT21_RS10745","hypothetical protein","WP_054019596.1"
"lcl_NZ_CP166677.1_cds_WP_054019597.1_2130","glgX","ABFT21_RS10750","glycogen debranching protein GlgX","WP_054019597.1"
"lcl_NZ_CP166677.1_cds_WP_082368138.1_2131",NA,"ABFT21_RS10755","glycogen/starch/alpha-glucan phosphorylase","WP_082368138.1"
"lcl_NZ_CP166677.1_cds_WP_054019599.1_2132","glgC","ABFT21_RS10760","glucose-1-phosphate adenylyltransferase","WP_054019599.1"
"lcl_NZ_CP166677.1_cds_WP_054019600.1_2133","glgA","ABFT21_RS10765","glycogen synthase GlgA","WP_054019600.1"
"lcl_NZ_CP166677.1_cds_WP_054019601.1_2134","aroC","ABFT21_RS10770","chorismate synthase","WP_054019601.1"
"lcl_NZ_CP166677.1_cds_WP_054019602.1_2135",NA,"ABFT21_RS10775","isocitrate lyase/PEP mutase family protein","WP_054019602.1"
"lcl_NZ_CP166677.1_cds_WP_054019603.1_2136",NA,"ABFT21_RS10780","TauD/TfdA family dioxygenase","WP_054019603.1"
"lcl_NZ_CP166677.1_cds_WP_054019604.1_2137",NA,"ABFT21_RS10785","Bug family tripartite tricarboxylate transporter substrate binding protein","WP_054019604.1"
"lcl_NZ_CP166677.1_cds_WP_054019605.1_2138",NA,"ABFT21_RS10790","GntR family transcriptional regulator","WP_054019605.1"
"lcl_NZ_CP166677.1_cds_WP_231638067.1_2139",NA,"ABFT21_RS10795","efflux RND transporter periplasmic adaptor subunit","WP_231638067.1"
"lcl_NZ_CP166677.1_cds_WP_054019606.1_2140",NA,"ABFT21_RS10800","efflux RND transporter permease subunit","WP_054019606.1"
"lcl_NZ_CP166677.1_cds_WP_054019607.1_2141",NA,"ABFT21_RS10805","DUF6781 family protein","WP_054019607.1"
"lcl_NZ_CP166677.1_cds_WP_054019608.1_2142","phbB","ABFT21_RS10810","acetoacetyl-CoA reductase","WP_054019608.1"
"lcl_NZ_CP166677.1_cds_WP_054019609.1_2143","iscR","ABFT21_RS10815","Fe-S cluster assembly transcriptional regulator IscR","WP_054019609.1"
"lcl_NZ_CP166677.1_cds_WP_054019610.1_2144",NA,"ABFT21_RS10820","IscS subfamily cysteine desulfurase","WP_054019610.1"
"lcl_NZ_CP166677.1_cds_WP_054019611.1_2145","iscU","ABFT21_RS10825","Fe-S cluster assembly scaffold IscU","WP_054019611.1"
"lcl_NZ_CP166677.1_cds_WP_054019612.1_2146","iscA","ABFT21_RS10830","iron-sulfur cluster assembly protein IscA","WP_054019612.1"
"lcl_NZ_CP166677.1_cds_WP_054019613.1_2147","hscB","ABFT21_RS10835","Fe-S protein assembly co-chaperone HscB","WP_054019613.1"
"lcl_NZ_CP166677.1_cds_WP_054019614.1_2148","hscA","ABFT21_RS10840","Fe-S protein assembly chaperone HscA","WP_054019614.1"
"lcl_NZ_CP166677.1_cds_WP_054019615.1_2149","fdx","ABFT21_RS10845","ISC system 2Fe-2S type ferredoxin","WP_054019615.1"
"lcl_NZ_CP166677.1_cds_WP_054019616.1_2150","tsaD","ABFT21_RS10850","tRNA (adenosine(37)-N6)-threonylcarbamoyltransferase complex transferase subunit TsaD","WP_054019616.1"
"lcl_NZ_CP166677.1_cds_WP_439951436.1_2151",NA,"ABFT21_RS10855","branched-chain amino acid ABC transporter substrate-binding protein","WP_439951436.1"
"lcl_NZ_CP166677.1_cds_WP_054019617.1_2152",NA,"ABFT21_RS10860","pyridoxal phosphate-dependent aminotransferase","WP_054019617.1"
"lcl_NZ_CP166677.1_cds_WP_054019618.1_2153","rpsO","ABFT21_RS10865","30S ribosomal protein S15","WP_054019618.1"
"lcl_NZ_CP166677.1_cds_WP_054019619.1_2154","pnp","ABFT21_RS10870","polyribonucleotide nucleotidyltransferase","WP_054019619.1"
"lcl_NZ_CP166677.1_cds_WP_054019650.1_2155",NA,"ABFT21_RS10875","NAD(P)H-quinone oxidoreductase","WP_054019650.1"
"lcl_NZ_CP166677.1_cds_WP_054019620.1_2156","tpiA","ABFT21_RS10880","triose-phosphate isomerase","WP_054019620.1"
"lcl_NZ_CP166677.1_cds_WP_054019621.1_2157","secG","ABFT21_RS10885","preprotein translocase subunit SecG","WP_054019621.1"
"lcl_NZ_CP166677.1_cds_WP_054019622.1_2158",NA,"ABFT21_RS10895","NADH-quinone oxidoreductase subunit A","WP_054019622.1"
"lcl_NZ_CP166677.1_cds_WP_054019623.1_2159",NA,"ABFT21_RS10900","NuoB/complex I 20 kDa subunit family protein","WP_054019623.1"
"lcl_NZ_CP166677.1_cds_WP_054019624.1_2160",NA,"ABFT21_RS10905","NADH-quinone oxidoreductase subunit C","WP_054019624.1"
"lcl_NZ_CP166677.1_cds_WP_054019625.1_2161",NA,"ABFT21_RS10910","NADH-quinone oxidoreductase subunit D","WP_054019625.1"
"lcl_NZ_CP166677.1_cds_WP_054019626.1_2162",NA,"ABFT21_RS10915","NADH-quinone oxidoreductase subunit NuoE family protein","WP_054019626.1"
"lcl_NZ_CP166677.1_cds_WP_054019627.1_2163","nuoF","ABFT21_RS10920","NADH-quinone oxidoreductase subunit NuoF","WP_054019627.1"
"lcl_NZ_CP166677.1_cds_WP_054019628.1_2164","nuoG","ABFT21_RS10925","NADH-quinone oxidoreductase subunit NuoG","WP_054019628.1"
"lcl_NZ_CP166677.1_cds_WP_054019629.1_2165","nuoH","ABFT21_RS10930","NADH-quinone oxidoreductase subunit NuoH","WP_054019629.1"
"lcl_NZ_CP166677.1_cds_WP_054019630.1_2166","nuoI","ABFT21_RS10935","NADH-quinone oxidoreductase subunit NuoI","WP_054019630.1"
"lcl_NZ_CP166677.1_cds_WP_054019631.1_2167",NA,"ABFT21_RS10940","NADH-quinone oxidoreductase subunit J","WP_054019631.1"
"lcl_NZ_CP166677.1_cds_WP_054019632.1_2168","nuoK","ABFT21_RS10945","NADH-quinone oxidoreductase subunit NuoK","WP_054019632.1"
"lcl_NZ_CP166677.1_cds_WP_054019633.1_2169","nuoL","ABFT21_RS10950","NADH-quinone oxidoreductase subunit L","WP_054019633.1"
"lcl_NZ_CP166677.1_cds_WP_054019634.1_2170",NA,"ABFT21_RS10955","NADH-quinone oxidoreductase subunit M","WP_054019634.1"
"lcl_NZ_CP166677.1_cds_WP_054019635.1_2171","nuoN","ABFT21_RS10960","NADH-quinone oxidoreductase subunit NuoN","WP_054019635.1"
"lcl_NZ_CP166677.1_cds_WP_231638068.1_2172",NA,"ABFT21_RS10965","NUDIX domain-containing protein","WP_231638068.1"
"lcl_NZ_CP166677.1_cds_WP_054019636.1_2173",NA,"ABFT21_RS10970","DUF1178 family protein","WP_054019636.1"
"lcl_NZ_CP166677.1_cds_WP_231638069.1_2174",NA,"ABFT21_RS10975","FAD-binding oxidoreductase","WP_231638069.1"
"lcl_NZ_CP166677.1_cds_WP_054019637.1_2175",NA,"ABFT21_RS10980","DUF2069 domain-containing protein","WP_054019637.1"
"lcl_NZ_CP166677.1_cds_WP_197284612.1_2176",NA,"ABFT21_RS10985","YihY family inner membrane protein","WP_197284612.1"
"lcl_NZ_CP166677.1_cds_WP_054019638.1_2177",NA,"ABFT21_RS10990","hypothetical protein","WP_054019638.1"
"lcl_NZ_CP166677.1_cds_WP_054019639.1_2178",NA,"ABFT21_RS10995","alpha/beta fold hydrolase","WP_054019639.1"
"lcl_NZ_CP166677.1_cds_WP_054019640.1_2179",NA,"ABFT21_RS11000","O-acetylhomoserine aminocarboxypropyltransferase","WP_054019640.1"
"lcl_NZ_CP166677.1_cds_WP_054019641.1_2180",NA,"ABFT21_RS11005","CBS domain-containing protein","WP_054019641.1"
"lcl_NZ_CP166677.1_cds_WP_369691132.1_2181","hpnE","ABFT21_RS11010","hydroxysqualene dehydroxylase HpnE","WP_369691132.1"
"lcl_NZ_CP166677.1_cds_WP_054019643.1_2182","hpnD","ABFT21_RS11015","presqualene diphosphate synthase HpnD","WP_054019643.1"
"lcl_NZ_CP166677.1_cds_WP_082368141.1_2183","hpnC","ABFT21_RS11020","squalene synthase HpnC","WP_082368141.1"
"lcl_NZ_CP166677.1_cds_WP_054019645.1_2184",NA,"ABFT21_RS11025","efflux RND transporter periplasmic adaptor subunit","WP_054019645.1"
"lcl_NZ_CP166677.1_cds_WP_054019646.1_2185",NA,"ABFT21_RS11030","efflux RND transporter permease subunit","WP_054019646.1"
"lcl_NZ_CP166677.1_cds_WP_157548795.1_2186",NA,"ABFT21_RS11035","response regulator","WP_157548795.1"
"lcl_NZ_CP166677.1_cds_WP_054019647.1_2187",NA,"ABFT21_RS11040","ATP-binding protein","WP_054019647.1"
"lcl_NZ_CP166677.1_cds_WP_463938092.1_2188",NA,"ABFT21_RS11045","methyl-accepting chemotaxis protein","WP_463938092.1"
"lcl_NZ_CP166677.1_cds_WP_054022811.1_2189",NA,"ABFT21_RS11050","glycosyltransferase","WP_054022811.1"
"lcl_NZ_CP166677.1_cds_WP_054022810.1_2190",NA,"ABFT21_RS11055","nucleoside deaminase","WP_054022810.1"
"lcl_NZ_CP166677.1_cds_WP_054022809.1_2191",NA,"ABFT21_RS11060","ABC transporter permease","WP_054022809.1"
"lcl_NZ_CP166677.1_cds_WP_054022808.1_2192",NA,"ABFT21_RS11065","ABC transporter ATP-binding protein","WP_054022808.1"
"lcl_NZ_CP166677.1_cds_WP_054022807.1_2193",NA,"ABFT21_RS11070","ABC transporter substrate-binding protein","WP_054022807.1"
"lcl_NZ_CP166677.1_cds_WP_054022806.1_2194",NA,"ABFT21_RS11075","M20 family metallopeptidase","WP_054022806.1"
"lcl_NZ_CP166677.1_cds_WP_054022805.1_2195","uraD","ABFT21_RS11080","2-oxo-4-hydroxy-4-carboxy-5-ureidoimidazoline decarboxylase","WP_054022805.1"
"lcl_NZ_CP166677.1_cds_WP_054022804.1_2196","puuE","ABFT21_RS11085","allantoinase PuuE","WP_054022804.1"
"lcl_NZ_CP166677.1_cds_WP_054022803.1_2197",NA,"ABFT21_RS11090","GntR family transcriptional regulator","WP_054022803.1"
"lcl_NZ_CP166677.1_cds_WP_054022802.1_2198","uraH","ABFT21_RS11095","hydroxyisourate hydrolase","WP_054022802.1"
"lcl_NZ_CP166677.1_cds_WP_054022801.1_2199",NA,"ABFT21_RS11100","urate hydroxylase PuuD","WP_054022801.1"
"lcl_NZ_CP166677.1_cds_WP_231638290.1_2200",NA,"ABFT21_RS11105","nucleobase:cation symporter-2 family protein","WP_231638290.1"
"lcl_NZ_CP166677.1_cds_WP_054022800.1_2201",NA,"ABFT21_RS11110","GntR family transcriptional regulator","WP_054022800.1"
"lcl_NZ_CP166677.1_cds_WP_054022799.1_2202",NA,"ABFT21_RS11115","Bug family tripartite tricarboxylate transporter substrate binding protein","WP_054022799.1"
"lcl_NZ_CP166677.1_cds_WP_054022798.1_2203",NA,"ABFT21_RS11120","CDP-6-deoxy-delta-3,4-glucoseen reductase","WP_054022798.1"
"lcl_NZ_CP166677.1_cds_WP_054022797.1_2204",NA,"ABFT21_RS11125","NAD-dependent epimerase/dehydratase family protein","WP_054022797.1"
"lcl_NZ_CP166677.1_cds_WP_054022796.1_2205",NA,"ABFT21_RS11130","S1C family serine protease","WP_054022796.1"
"lcl_NZ_CP166677.1_cds_WP_054022795.1_2206",NA,"ABFT21_RS11135","rhomboid family intramembrane serine protease","WP_054022795.1"
"lcl_NZ_CP166677.1_cds_WP_054022812.1_2207","cysM","ABFT21_RS11145","cysteine synthase CysM","WP_054022812.1"
"lcl_NZ_CP166677.1_cds_WP_054022794.1_2208",NA,"ABFT21_RS11150","NUDIX hydrolase","WP_054022794.1"
"lcl_NZ_CP166677.1_cds_WP_054022793.1_2209",NA,"ABFT21_RS11155","sulfurtransferase TusA family protein","WP_054022793.1"
"lcl_NZ_CP166677.1_cds_WP_054022792.1_2210","galU","ABFT21_RS11160","UTP--glucose-1-phosphate uridylyltransferase GalU","WP_054022792.1"
"lcl_NZ_CP166677.1_cds_WP_054022791.1_2211",NA,"ABFT21_RS11165","valine--tRNA ligase","WP_054022791.1"
"lcl_NZ_CP166677.1_cds_WP_054022790.1_2212",NA,"ABFT21_RS11170","S41 family peptidase","WP_054022790.1"
"lcl_NZ_CP166677.1_cds_WP_082368730.1_2213",NA,"ABFT21_RS11175","OmpA family protein","WP_082368730.1"
"lcl_NZ_CP166677.1_cds_WP_054022309.1_2214",NA,"ABFT21_RS11180","GMP reductase","WP_054022309.1"
"lcl_NZ_CP166677.1_cds_WP_054022308.1_2215",NA,"ABFT21_RS11185","TolC family protein","WP_054022308.1"
"lcl_NZ_CP166677.1_cds_WP_054022307.1_2216",NA,"ABFT21_RS11190","hypothetical protein","WP_054022307.1"
"lcl_NZ_CP166677.1_cds_WP_054022306.1_2217",NA,"ABFT21_RS11195","efflux RND transporter permease subunit","WP_054022306.1"
"lcl_NZ_CP166677.1_cds_WP_082368622.1_2218",NA,"ABFT21_RS11200","UvrD-helicase domain-containing protein","WP_082368622.1"
"lcl_NZ_CP166677.1_cds_WP_054022305.1_2219",NA,"ABFT21_RS11205","PhoX family protein","WP_054022305.1"
"lcl_NZ_CP166677.1_cds_WP_054022304.1_2220",NA,"ABFT21_RS11210","P-loop NTPase family protein","WP_054022304.1"
"lcl_NZ_CP166677.1_cds_WP_054022303.1_2221",NA,"ABFT21_RS11215","SDR family oxidoreductase","WP_054022303.1"
"lcl_NZ_CP166677.1_cds_WP_054022302.1_2222",NA,"ABFT21_RS11220","BPSS1780 family membrane protein","WP_054022302.1"
"lcl_NZ_CP166677.1_cds_WP_054022301.1_2223",NA,"ABFT21_RS11225","homoserine kinase","WP_054022301.1"
"lcl_NZ_CP166677.1_cds_WP_054022300.1_2224",NA,"ABFT21_RS11230","hypothetical protein","WP_054022300.1"
"lcl_NZ_CP166677.1_cds_WP_054022299.1_2225","polA","ABFT21_RS11235","DNA polymerase I","WP_054022299.1"
"lcl_NZ_CP166677.1_cds_WP_054022298.1_2226",NA,"ABFT21_RS11240","FecR domain-containing protein","WP_054022298.1"
"lcl_NZ_CP166677.1_cds_WP_197284765.1_2227",NA,"ABFT21_RS11245","CHASE2 domain-containing protein","WP_197284765.1"
"lcl_NZ_CP166677.1_cds_WP_054022296.1_2228",NA,"ABFT21_RS11250","NAD(P)H-dependent flavin oxidoreductase","WP_054022296.1"
"lcl_NZ_CP166677.1_cds_WP_054022295.1_2229",NA,"ABFT21_RS11255","hypothetical protein","WP_054022295.1"
"lcl_NZ_CP166677.1_cds_WP_054022294.1_2230",NA,"ABFT21_RS11260","2-oxoglutarate dehydrogenase E1 component","WP_054022294.1"
"lcl_NZ_CP166677.1_cds_WP_054022293.1_2231","odhB","ABFT21_RS11265","2-oxoglutarate dehydrogenase complex dihydrolipoyllysine-residue succinyltransferase","WP_054022293.1"
"lcl_NZ_CP166677.1_cds_WP_054022292.1_2232","lpdA","ABFT21_RS11270","dihydrolipoyl dehydrogenase","WP_054022292.1"
"lcl_NZ_CP166677.1_cds_WP_054022291.1_2233","zapE","ABFT21_RS11275","cell division protein ZapE","WP_054022291.1"
"lcl_NZ_CP166677.1_cds_WP_054022290.1_2234",NA,"ABFT21_RS11280","hypothetical protein","WP_054022290.1"
"lcl_NZ_CP166677.1_cds_WP_082368621.1_2235",NA,"ABFT21_RS11285","PP2C family protein-serine/threonine phosphatase","WP_082368621.1"
"lcl_NZ_CP166677.1_cds_WP_054022289.1_2236",NA,"ABFT21_RS11290","DUF465 domain-containing protein","WP_054022289.1"
"lcl_NZ_CP166677.1_cds_WP_054022320.1_2237","yoaA","ABFT21_RS11295","DNA repair helicase YoaA","WP_054022320.1"
"lcl_NZ_CP166677.1_cds_WP_054022319.1_2238",NA,"ABFT21_RS11300","outer membrane protein assembly factor BamD","WP_054022319.1"
"lcl_NZ_CP166677.1_cds_WP_082368620.1_2239",NA,"ABFT21_RS11305","RluA family pseudouridine synthase","WP_082368620.1"
"lcl_NZ_CP166677.1_cds_WP_082368619.1_2240","scpB","ABFT21_RS11310","SMC-Scp complex subunit ScpB","WP_082368619.1"
"lcl_NZ_CP166677.1_cds_WP_054022288.1_2241",NA,"ABFT21_RS11315","pseudouridine synthase","WP_054022288.1"
"lcl_NZ_CP166677.1_cds_WP_054022287.1_2242","ndk","ABFT21_RS11320","nucleoside-diphosphate kinase","WP_054022287.1"
"lcl_NZ_CP166677.1_cds_WP_054022286.1_2243","rlmN","ABFT21_RS11325","dual-specificity RNA methyltransferase RlmN","WP_054022286.1"
"lcl_NZ_CP166677.1_cds_WP_054022285.1_2244","pilW","ABFT21_RS11330","type IV pilus biogenesis/stability protein PilW","WP_054022285.1"
"lcl_NZ_CP166677.1_cds_WP_054022284.1_2245",NA,"ABFT21_RS11335","helix-turn-helix domain-containing protein","WP_054022284.1"
"lcl_NZ_CP166677.1_cds_WP_054022283.1_2246","ispG","ABFT21_RS11340","flavodoxin-dependent (E)-4-hydroxy-3-methylbut-2-enyl-diphosphate synthase","WP_054022283.1"
"lcl_NZ_CP166677.1_cds_WP_054022282.1_2247","hisS","ABFT21_RS11345","histidine--tRNA ligase","WP_054022282.1"
"lcl_NZ_CP166677.1_cds_WP_054022281.1_2248",NA,"ABFT21_RS11350","YfgM family protein","WP_054022281.1"
"lcl_NZ_CP166677.1_cds_WP_231638244.1_2249","bamB","ABFT21_RS11355","outer membrane protein assembly factor BamB","WP_231638244.1"
"lcl_NZ_CP166677.1_cds_WP_054022280.1_2250","der","ABFT21_RS11360","ribosome biogenesis GTPase Der","WP_054022280.1"
"lcl_NZ_CP166677.1_cds_WP_054022279.1_2251","hfq","ABFT21_RS11365","RNA chaperone Hfq","WP_054022279.1"
"lcl_NZ_CP166677.1_cds_WP_231638243.1_2252","hflX","ABFT21_RS11370","GTPase HflX","WP_231638243.1"
"lcl_NZ_CP166677.1_cds_WP_082368617.1_2253","hflK","ABFT21_RS11375","FtsH protease activity modulator HflK","WP_082368617.1"
"lcl_NZ_CP166677.1_cds_WP_054022278.1_2254","hflC","ABFT21_RS11380","protease modulator HflC","WP_054022278.1"
"lcl_NZ_CP166677.1_cds_WP_054022277.1_2255",NA,"ABFT21_RS11385","DUF2065 domain-containing protein","WP_054022277.1"
"lcl_NZ_CP166677.1_cds_WP_054022315.1_2256",NA,"ABFT21_RS11390","ATP phosphoribosyltransferase regulatory subunit","WP_054022315.1"
"lcl_NZ_CP166677.1_cds_WP_054022276.1_2257",NA,"ABFT21_RS11395","adenylosuccinate synthase","WP_054022276.1"
"lcl_NZ_CP166677.1_cds_WP_054022275.1_2258",NA,"ABFT21_RS11400","phosphoribosyltransferase","WP_054022275.1"
"lcl_NZ_CP166677.1_cds_WP_054022274.1_2259","rnr","ABFT21_RS11410","ribonuclease R","WP_054022274.1"
"lcl_NZ_CP166677.1_cds_WP_054022273.1_2260",NA,"ABFT21_RS11415","bifunctional ADP-dependent NAD(P)H-hydrate dehydratase/NAD(P)H-hydrate epimerase","WP_054022273.1"
"lcl_NZ_CP166677.1_cds_WP_054022272.1_2261",NA,"ABFT21_RS11420","FAD-dependent oxidoreductase","WP_054022272.1"
"lcl_NZ_CP166677.1_cds_WP_054022271.1_2262",NA,"ABFT21_RS11425","amidase","WP_054022271.1"
"lcl_NZ_CP166677.1_cds_WP_054022270.1_2263","rpsB","ABFT21_RS11430","30S ribosomal protein S2","WP_054022270.1"
"lcl_NZ_CP166677.1_cds_WP_054022269.1_2264","tsf","ABFT21_RS11435","translation elongation factor Ts","WP_054022269.1"
"lcl_NZ_CP166677.1_cds_WP_054022268.1_2265","pyrH","ABFT21_RS11440","UMP kinase","WP_054022268.1"
"lcl_NZ_CP166677.1_cds_WP_054022267.1_2266","frr","ABFT21_RS11445","ribosome recycling factor","WP_054022267.1"
"lcl_NZ_CP166677.1_cds_WP_259375183.1_2267","uppS","ABFT21_RS11450","polyprenyl diphosphate synthase","WP_259375183.1"
"lcl_NZ_CP166677.1_cds_WP_054022266.1_2268",NA,"ABFT21_RS11455","phosphatidate cytidylyltransferase","WP_054022266.1"
"lcl_NZ_CP166677.1_cds_WP_054022265.1_2269","ispC","ABFT21_RS11460","1-deoxy-D-xylulose-5-phosphate reductoisomerase","WP_054022265.1"
"lcl_NZ_CP166677.1_cds_WP_054022264.1_2270","rseP","ABFT21_RS11465","RIP metalloprotease RseP","WP_054022264.1"
"lcl_NZ_CP166677.1_cds_WP_054022263.1_2271","bamA","ABFT21_RS11470","outer membrane protein assembly factor BamA","WP_054022263.1"
"lcl_NZ_CP166677.1_cds_WP_054022262.1_2272",NA,"ABFT21_RS11475","OmpH/Skp family outer membrane protein","WP_054022262.1"
"lcl_NZ_CP166677.1_cds_WP_082368616.1_2273","lpxD","ABFT21_RS11480","UDP-3-O-(3-hydroxymyristoyl)glucosamine N-acyltransferase","WP_082368616.1"
"lcl_NZ_CP166677.1_cds_WP_054022261.1_2274","fabZ","ABFT21_RS11485","3-hydroxyacyl-ACP dehydratase FabZ","WP_054022261.1"
"lcl_NZ_CP166677.1_cds_WP_054022260.1_2275","lpxA","ABFT21_RS11490","acyl-ACP--UDP-N-acetylglucosamine O-acyltransferase","WP_054022260.1"
"lcl_NZ_CP166677.1_cds_WP_231638242.1_2276","lpxB","ABFT21_RS11495","lipid-A-disaccharide synthase","WP_231638242.1"
"lcl_NZ_CP166677.1_cds_WP_054022311.1_2277","rnhB","ABFT21_RS11500","ribonuclease HII","WP_054022311.1"
"lcl_NZ_CP166677.1_cds_WP_054022310.1_2278",NA,"ABFT21_RS11505","TrmH family RNA methyltransferase","WP_054022310.1"
"lcl_NZ_CP166677.1_cds_WP_054022259.1_2279","ppsR","ABFT21_RS11510","posphoenolpyruvate synthetase regulatory kinase/phosphorylase PpsR","WP_054022259.1"
"lcl_NZ_CP166677.1_cds_WP_054022258.1_2280","ppsA","ABFT21_RS11515","phosphoenolpyruvate synthase","WP_054022258.1"
"lcl_NZ_CP166677.1_cds_WP_054022257.1_2281","argG","ABFT21_RS11520","argininosuccinate synthase","WP_054022257.1"
"lcl_NZ_CP166677.1_cds_WP_054022256.1_2282","moaA","ABFT21_RS11525","GTP 3',8-cyclase MoaA","WP_054022256.1"
"lcl_NZ_CP166677.1_cds_WP_054022255.1_2283",NA,"ABFT21_RS11530","C40 family peptidase","WP_054022255.1"
"lcl_NZ_CP166677.1_cds_WP_463938097.1_2284",NA,"ABFT21_RS11535","propionate--CoA ligase","WP_463938097.1"
"lcl_NZ_CP166677.1_cds_WP_054021865.1_2285",NA,"ABFT21_RS11540","prolyl oligopeptidase family serine peptidase","WP_054021865.1"
"lcl_NZ_CP166677.1_cds_WP_054021857.1_2286",NA,"ABFT21_RS11545","YaeQ family protein","WP_054021857.1"
"lcl_NZ_CP166677.1_cds_WP_054021856.1_2287",NA,"ABFT21_RS11550","hypothetical protein","WP_054021856.1"
"lcl_NZ_CP166677.1_cds_WP_054021855.1_2288",NA,"ABFT21_RS11555","NAD(P)/FAD-dependent oxidoreductase","WP_054021855.1"
"lcl_NZ_CP166677.1_cds_WP_054021854.1_2289",NA,"ABFT21_RS11560","superantigen-like protein SSL4","WP_054021854.1"
"lcl_NZ_CP166677.1_cds_WP_082368540.1_2290",NA,"ABFT21_RS11565","DUF3734 domain-containing protein","WP_082368540.1"
"lcl_NZ_CP166677.1_cds_WP_054021853.1_2291",NA,"ABFT21_RS11570","UDP-N-acetylglucosamine 1-carboxyvinyltransferase","WP_054021853.1"
"lcl_NZ_CP166677.1_cds_WP_054021852.1_2292",NA,"ABFT21_RS11575","class II aldolase/adducin family protein","WP_054021852.1"
"lcl_NZ_CP166677.1_cds_WP_054021851.1_2293",NA,"ABFT21_RS11580","PfkB family carbohydrate kinase","WP_054021851.1"
"lcl_NZ_CP166677.1_cds_WP_082368539.1_2294",NA,"ABFT21_RS11585","MFS transporter","WP_082368539.1"
"lcl_NZ_CP166677.1_cds_WP_054021850.1_2295",NA,"ABFT21_RS11590","alpha-amylase family protein","WP_054021850.1"
"lcl_NZ_CP166677.1_cds_WP_197284738.1_2296",NA,"ABFT21_RS11595","maltoporin","WP_197284738.1"
"lcl_NZ_CP166677.1_cds_WP_054021848.1_2297",NA,"ABFT21_RS11600","substrate-binding domain-containing protein","WP_054021848.1"
"lcl_NZ_CP166677.1_cds_WP_054021847.1_2298",NA,"ABFT21_RS11605","ABC transporter substrate-binding protein","WP_054021847.1"
"lcl_NZ_CP166677.1_cds_WP_054021846.1_2299",NA,"ABFT21_RS11610","carbohydrate ABC transporter permease","WP_054021846.1"
"lcl_NZ_CP166677.1_cds_WP_197284737.1_2300",NA,"ABFT21_RS11615","carbohydrate ABC transporter permease","WP_197284737.1"
"lcl_NZ_CP166677.1_cds_WP_054021845.1_2301",NA,"ABFT21_RS11620","alpha-glucosidase family protein","WP_054021845.1"
"lcl_NZ_CP166677.1_cds_WP_054021844.1_2302",NA,"ABFT21_RS11625","ABC transporter ATP-binding protein","WP_054021844.1"
"lcl_NZ_CP166677.1_cds_WP_054021843.1_2303",NA,"ABFT21_RS11630","alpha-glucosidase","WP_054021843.1"
"lcl_NZ_CP166677.1_cds_WP_054021842.1_2304","glgB","ABFT21_RS11635","1,4-alpha-glucan branching protein GlgB","WP_054021842.1"
"lcl_NZ_CP166677.1_cds_WP_054021841.1_2305","glgC","ABFT21_RS11640","glucose-1-phosphate adenylyltransferase","WP_054021841.1"
"lcl_NZ_CP166677.1_cds_WP_369691170.1_2306","glgA","ABFT21_RS11645","glycogen synthase GlgA","WP_369691170.1"
"lcl_NZ_CP166677.1_cds_WP_054021840.1_2307",NA,"ABFT21_RS11650","alpha-D-glucose phosphate-specific phosphoglucomutase","WP_054021840.1"
"lcl_NZ_CP166677.1_cds_WP_054021839.1_2308","pgi","ABFT21_RS11655","glucose-6-phosphate isomerase","WP_054021839.1"
"lcl_NZ_CP166677.1_cds_WP_231638215.1_2309",NA,"ABFT21_RS11660","tetratricopeptide repeat protein","WP_231638215.1"
"lcl_NZ_CP166677.1_cds_WP_054021859.1_2310",NA,"ABFT21_RS11670","nucleotide pyrophosphohydrolase","WP_054021859.1"
"lcl_NZ_CP166677.1_cds_WP_054021838.1_2311",NA,"ABFT21_RS11675","CIA30 family protein","WP_054021838.1"
"lcl_NZ_CP166677.1_cds_ABFT21_RS11680_2312",NA,"ABFT21_RS11680","JAB domain-containing protein",NA
"lcl_NZ_CP166677.1_cds_WP_082368537.1_2313",NA,"ABFT21_RS11685","GNAT family N-acetyltransferase","WP_082368537.1"
"lcl_NZ_CP166677.1_cds_ABFT21_RS11690_2314",NA,"ABFT21_RS11690","type II toxin-antitoxin system RelE/ParE family toxin",NA
"lcl_NZ_CP166677.1_cds_WP_054021836.1_2315",NA,"ABFT21_RS11695","SDR family NAD(P)-dependent oxidoreductase","WP_054021836.1"
"lcl_NZ_CP166677.1_cds_WP_054021835.1_2316",NA,"ABFT21_RS11700","crotonase/enoyl-CoA hydratase family protein","WP_054021835.1"
"lcl_NZ_CP166677.1_cds_WP_054021834.1_2317",NA,"ABFT21_RS11705","acyl-CoA dehydrogenase family protein","WP_054021834.1"
"lcl_NZ_CP166677.1_cds_WP_054021833.1_2318",NA,"ABFT21_RS11710","acyl-CoA dehydrogenase family protein","WP_054021833.1"
"lcl_NZ_CP166677.1_cds_WP_054021832.1_2319",NA,"ABFT21_RS11715","nitroreductase","WP_054021832.1"
"lcl_NZ_CP166677.1_cds_WP_054021831.1_2320",NA,"ABFT21_RS11720","acyl-CoA dehydrogenase family protein","WP_054021831.1"
"lcl_NZ_CP166677.1_cds_WP_054021830.1_2321",NA,"ABFT21_RS11725","enoyl-CoA hydratase/isomerase family protein","WP_054021830.1"
"lcl_NZ_CP166677.1_cds_WP_054021829.1_2322",NA,"ABFT21_RS11730","glutathione binding-like protein","WP_054021829.1"
"lcl_NZ_CP166677.1_cds_WP_054021828.1_2323",NA,"ABFT21_RS11735","2-hydroxychromene-2-carboxylate isomerase","WP_054021828.1"
"lcl_NZ_CP166677.1_cds_WP_054021827.1_2324",NA,"ABFT21_RS11740","FadR/GntR family transcriptional regulator","WP_054021827.1"
"lcl_NZ_CP166677.1_cds_WP_054021826.1_2325",NA,"ABFT21_RS11745","acyl-CoA dehydrogenase family protein","WP_054021826.1"
"lcl_NZ_CP166677.1_cds_WP_082368535.1_2326",NA,"ABFT21_RS11750","FadR/GntR family transcriptional regulator","WP_082368535.1"
"lcl_NZ_CP166677.1_cds_WP_197284736.1_2327",NA,"ABFT21_RS11755","CoA-transferase subunit beta","WP_197284736.1"
"lcl_NZ_CP166677.1_cds_WP_054021825.1_2328",NA,"ABFT21_RS11760","CoA transferase subunit A","WP_054021825.1"
"lcl_NZ_CP166677.1_cds_WP_054021824.1_2329",NA,"ABFT21_RS11765","CaiB/BaiF CoA transferase family protein","WP_054021824.1"
"lcl_NZ_CP166677.1_cds_WP_054021823.1_2330",NA,"ABFT21_RS11770","Bug family tripartite tricarboxylate transporter substrate binding protein","WP_054021823.1"
"lcl_NZ_CP166677.1_cds_WP_054021822.1_2331",NA,"ABFT21_RS11775","MBL fold metallo-hydrolase","WP_054021822.1"
"lcl_NZ_CP166677.1_cds_WP_463938098.1_2332",NA,"ABFT21_RS11780","propionate--CoA ligase","WP_463938098.1"
"lcl_NZ_CP166677.1_cds_WP_054021997.1_2333",NA,"ABFT21_RS11785","SDR family oxidoreductase","WP_054021997.1"
"lcl_NZ_CP166677.1_cds_WP_054021998.1_2334",NA,"ABFT21_RS11790","enoyl-CoA hydratase/isomerase family protein","WP_054021998.1"
"lcl_NZ_CP166677.1_cds_WP_054021999.1_2335",NA,"ABFT21_RS11795","Zn-ribbon domain-containing OB-fold protein","WP_054021999.1"
"lcl_NZ_CP166677.1_cds_WP_054022000.1_2336",NA,"ABFT21_RS11800","thiolase domain-containing protein","WP_054022000.1"
"lcl_NZ_CP166677.1_cds_WP_054022001.1_2337",NA,"ABFT21_RS11805","SDR family NAD(P)-dependent oxidoreductase","WP_054022001.1"
"lcl_NZ_CP166677.1_cds_WP_054022002.1_2338",NA,"ABFT21_RS11810","phosphotransferase","WP_054022002.1"
"lcl_NZ_CP166677.1_cds_WP_054022003.1_2339",NA,"ABFT21_RS11815","DUF7064 domain-containing protein","WP_054022003.1"
"lcl_NZ_CP166677.1_cds_WP_054022004.1_2340",NA,"ABFT21_RS11820","enoyl-CoA hydratase/isomerase family protein","WP_054022004.1"
"lcl_NZ_CP166677.1_cds_WP_054022005.1_2341",NA,"ABFT21_RS11825","MaoC/PaaZ C-terminal domain-containing protein","WP_054022005.1"
"lcl_NZ_CP166677.1_cds_WP_054022006.1_2342",NA,"ABFT21_RS11830","NADPH:quinone oxidoreductase family protein","WP_054022006.1"
"lcl_NZ_CP166677.1_cds_WP_054022007.1_2343",NA,"ABFT21_RS11835","enoyl-CoA hydratase-related protein","WP_054022007.1"
"lcl_NZ_CP166677.1_cds_WP_054022008.1_2344",NA,"ABFT21_RS11840","enoyl-CoA hydratase/isomerase family protein","WP_054022008.1"
"lcl_NZ_CP166677.1_cds_WP_082368562.1_2345",NA,"ABFT21_RS11845","Bug family tripartite tricarboxylate transporter substrate binding protein","WP_082368562.1"
"lcl_NZ_CP166677.1_cds_WP_480339088.1_2346",NA,"ABFT21_RS11850","CoA transferase","WP_480339088.1"
"lcl_NZ_CP166677.1_cds_WP_054022011.1_2347",NA,"ABFT21_RS11855","CaiB/BaiF CoA transferase family protein","WP_054022011.1"
"lcl_NZ_CP166677.1_cds_WP_054022012.1_2348",NA,"ABFT21_RS11860","acyl-CoA dehydrogenase family protein","WP_054022012.1"
"lcl_NZ_CP166677.1_cds_WP_054022013.1_2349",NA,"ABFT21_RS11865","hypothetical protein","WP_054022013.1"
"lcl_NZ_CP166677.1_cds_WP_054022014.1_2350",NA,"ABFT21_RS11870","Bug family tripartite tricarboxylate transporter substrate binding protein","WP_054022014.1"
"lcl_NZ_CP166677.1_cds_WP_054022015.1_2351",NA,"ABFT21_RS11875","NAD(P)H-dependent flavin oxidoreductase","WP_054022015.1"
"lcl_NZ_CP166677.1_cds_ABFT21_RS11880_2352",NA,"ABFT21_RS11880","tyrosine-protein phosphatase",NA
"lcl_NZ_CP166677.1_cds_WP_054022016.1_2353",NA,"ABFT21_RS11885","tyrosine-protein phosphatase","WP_054022016.1"
"lcl_NZ_CP166677.1_cds_WP_054022017.1_2354",NA,"ABFT21_RS11890","NADPH:quinone oxidoreductase family protein","WP_054022017.1"
"lcl_NZ_CP166677.1_cds_WP_054022018.1_2355",NA,"ABFT21_RS11895","AMP-binding protein","WP_054022018.1"
"lcl_NZ_CP166677.1_cds_WP_054022019.1_2356",NA,"ABFT21_RS11900","SDR family oxidoreductase","WP_054022019.1"
"lcl_NZ_CP166677.1_cds_WP_054022020.1_2357",NA,"ABFT21_RS11905","acetyl-CoA C-acetyltransferase","WP_054022020.1"
"lcl_NZ_CP166677.1_cds_WP_259375178.1_2358",NA,"ABFT21_RS11910","3-hydroxyacyl-CoA dehydrogenase NAD-binding domain-containing protein","WP_259375178.1"
"lcl_NZ_CP166677.1_cds_WP_054022021.1_2359",NA,"ABFT21_RS11915","NAD(P)H-dependent flavin oxidoreductase","WP_054022021.1"
"lcl_NZ_CP166677.1_cds_WP_054022022.1_2360",NA,"ABFT21_RS11920","CaiB/BaiF CoA transferase family protein","WP_054022022.1"
"lcl_NZ_CP166677.1_cds_WP_054022023.1_2361",NA,"ABFT21_RS11925","Bug family tripartite tricarboxylate transporter substrate binding protein","WP_054022023.1"
"lcl_NZ_CP166677.1_cds_WP_054022024.1_2362",NA,"ABFT21_RS11930","DUF6285 domain-containing protein","WP_054022024.1"
"lcl_NZ_CP166677.1_cds_WP_054022025.1_2363",NA,"ABFT21_RS11935","phosphotransferase family protein","WP_054022025.1"
"lcl_NZ_CP166677.1_cds_WP_054022026.1_2364",NA,"ABFT21_RS11940","acyl-CoA synthetase","WP_054022026.1"
"lcl_NZ_CP166677.1_cds_WP_054022027.1_2365",NA,"ABFT21_RS11945","CaiB/BaiF CoA transferase family protein","WP_054022027.1"
"lcl_NZ_CP166677.1_cds_WP_054022028.1_2366",NA,"ABFT21_RS11950","FadR/GntR family transcriptional regulator","WP_054022028.1"
"lcl_NZ_CP166677.1_cds_WP_054022029.1_2367",NA,"ABFT21_RS11955","hotdog family protein","WP_054022029.1"
"lcl_NZ_CP166677.1_cds_WP_463938100.1_2368",NA,"ABFT21_RS11960","electron transfer flavoprotein subunit alpha/FixB family protein","WP_463938100.1"
"lcl_NZ_CP166677.1_cds_WP_463938101.1_2369",NA,"ABFT21_RS11965","electron transfer flavoprotein subunit beta/FixA family protein","WP_463938101.1"
"lcl_NZ_CP166677.1_cds_WP_054021090.1_2370",NA,"ABFT21_RS11970","nitronate monooxygenase","WP_054021090.1"
"lcl_NZ_CP166677.1_cds_WP_054021091.1_2371",NA,"ABFT21_RS11975","acyl-CoA synthetase","WP_054021091.1"
"lcl_NZ_CP166677.1_cds_WP_054021092.1_2372",NA,"ABFT21_RS11980","SDR family NAD(P)-dependent oxidoreductase","WP_054021092.1"
"lcl_NZ_CP166677.1_cds_WP_054021093.1_2373",NA,"ABFT21_RS11985","acyl-CoA dehydrogenase family protein","WP_054021093.1"
"lcl_NZ_CP166677.1_cds_WP_231638169.1_2374",NA,"ABFT21_RS11990","phosphotransferase family protein","WP_231638169.1"
"lcl_NZ_CP166677.1_cds_WP_054021095.1_2375",NA,"ABFT21_RS11995","Bug family tripartite tricarboxylate transporter substrate binding protein","WP_054021095.1"
"lcl_NZ_CP166677.1_cds_WP_054021096.1_2376",NA,"ABFT21_RS12000","helix-turn-helix domain-containing protein","WP_054021096.1"
"lcl_NZ_CP166677.1_cds_WP_054021097.1_2377",NA,"ABFT21_RS12005","PaaI family thioesterase","WP_054021097.1"
"lcl_NZ_CP166677.1_cds_WP_197284685.1_2378",NA,"ABFT21_RS12010","enoyl-CoA hydratase-related protein","WP_197284685.1"
"lcl_NZ_CP166677.1_cds_WP_054021098.1_2379",NA,"ABFT21_RS12015","tripartite tricarboxylate transporter substrate binding protein","WP_054021098.1"
"lcl_NZ_CP166677.1_cds_WP_054021099.1_2380",NA,"ABFT21_RS12020","tripartite tricarboxylate transporter substrate binding protein","WP_054021099.1"
"lcl_NZ_CP166677.1_cds_WP_231638170.1_2381",NA,"ABFT21_RS12025","Zn-ribbon domain-containing OB-fold protein","WP_231638170.1"
"lcl_NZ_CP166677.1_cds_WP_054021100.1_2382",NA,"ABFT21_RS12030","thiolase C-terminal domain-containing protein","WP_054021100.1"
"lcl_NZ_CP166677.1_cds_WP_231638171.1_2383",NA,"ABFT21_RS12035","CaiB/BaiF CoA transferase family protein","WP_231638171.1"
"lcl_NZ_CP166677.1_cds_WP_054021101.1_2384",NA,"ABFT21_RS12040","Bug family tripartite tricarboxylate transporter substrate binding protein","WP_054021101.1"
"lcl_NZ_CP166677.1_cds_WP_054021102.1_2385",NA,"ABFT21_RS12045","FadR/GntR family transcriptional regulator","WP_054021102.1"
"lcl_NZ_CP166677.1_cds_WP_197284686.1_2386",NA,"ABFT21_RS12050","PDR/VanB family oxidoreductase","WP_197284686.1"
"lcl_NZ_CP166677.1_cds_WP_054021103.1_2387",NA,"ABFT21_RS12055","Rieske 2Fe-2S domain-containing protein","WP_054021103.1"
"lcl_NZ_CP166677.1_cds_WP_054021104.1_2388",NA,"ABFT21_RS12060","hypothetical protein","WP_054021104.1"
"lcl_NZ_CP166677.1_cds_WP_054021105.1_2389",NA,"ABFT21_RS12065","alpha/beta fold hydrolase","WP_054021105.1"
"lcl_NZ_CP166677.1_cds_WP_054021106.1_2390",NA,"ABFT21_RS12070","serine hydroxymethyltransferase","WP_054021106.1"
"lcl_NZ_CP166677.1_cds_WP_054021107.1_2391",NA,"ABFT21_RS12075","ATP-binding protein","WP_054021107.1"
"lcl_NZ_CP166677.1_cds_WP_054021108.1_2392",NA,"ABFT21_RS12080","GDSL-type esterase/lipase family protein","WP_054021108.1"
"lcl_NZ_CP166677.1_cds_WP_054021109.1_2393",NA,"ABFT21_RS12085","Crp/Fnr family transcriptional regulator","WP_054021109.1"
"lcl_NZ_CP166677.1_cds_WP_054021110.1_2394",NA,"ABFT21_RS12090","helix-turn-helix transcriptional regulator","WP_054021110.1"
"lcl_NZ_CP166677.1_cds_WP_054021111.1_2395",NA,"ABFT21_RS12095","restriction endonuclease","WP_054021111.1"
"lcl_NZ_CP166677.1_cds_WP_054021112.1_2396",NA,"ABFT21_RS12100","late competence development ComFB family protein","WP_054021112.1"
"lcl_NZ_CP166677.1_cds_WP_054021113.1_2397","nadC","ABFT21_RS12105","carboxylating nicotinate-nucleotide diphosphorylase","WP_054021113.1"
"lcl_NZ_CP166677.1_cds_WP_054021114.1_2398","nadA","ABFT21_RS12110","quinolinate synthase NadA","WP_054021114.1"
"lcl_NZ_CP166677.1_cds_WP_082368417.1_2399",NA,"ABFT21_RS12115","AraC family transcriptional regulator","WP_082368417.1"
"lcl_NZ_CP166677.1_cds_WP_054021116.1_2400",NA,"ABFT21_RS12120","MFS transporter","WP_054021116.1"
"lcl_NZ_CP166677.1_cds_WP_082368418.1_2401",NA,"ABFT21_RS12125","thiamine pyrophosphate-binding protein","WP_082368418.1"
"lcl_NZ_CP166677.1_cds_WP_054021117.1_2402",NA,"ABFT21_RS12130","cation:proton antiporter domain-containing protein","WP_054021117.1"
"lcl_NZ_CP166677.1_cds_WP_054021118.1_2403","phhA","ABFT21_RS12135","phenylalanine 4-monooxygenase","WP_054021118.1"
"lcl_NZ_CP166677.1_cds_WP_054021119.1_2404",NA,"ABFT21_RS12140","4a-hydroxytetrahydrobiopterin dehydratase","WP_054021119.1"
"lcl_NZ_CP166677.1_cds_WP_054021120.1_2405","hppD","ABFT21_RS12145","4-hydroxyphenylpyruvate dioxygenase","WP_054021120.1"
"lcl_NZ_CP166677.1_cds_WP_054021121.1_2406",NA,"ABFT21_RS12150","Lrp/AsnC family transcriptional regulator","WP_054021121.1"
"lcl_NZ_CP166677.1_cds_WP_054021122.1_2407",NA,"ABFT21_RS12155","META domain-containing protein","WP_054021122.1"
"lcl_NZ_CP166677.1_cds_WP_082368419.1_2408",NA,"ABFT21_RS12160","EamA family transporter","WP_082368419.1"
"lcl_NZ_CP166677.1_cds_WP_082368420.1_2409","rraA","ABFT21_RS12165","ribonuclease E activity regulator RraA","WP_082368420.1"
"lcl_NZ_CP166677.1_cds_WP_054021125.1_2410","wrbA","ABFT21_RS12170","NAD(P)H:quinone oxidoreductase","WP_054021125.1"
"lcl_NZ_CP166677.1_cds_WP_054021126.1_2411",NA,"ABFT21_RS12175","chemotaxis protein CheW","WP_054021126.1"
"lcl_NZ_CP166677.1_cds_WP_054021127.1_2412","serB","ABFT21_RS12180","phosphoserine phosphatase SerB","WP_054021127.1"
"lcl_NZ_CP166677.1_cds_WP_054021128.1_2413","mfd","ABFT21_RS12185","transcription-repair coupling factor","WP_054021128.1"
"lcl_NZ_CP166677.1_cds_WP_054021129.1_2414","ispD","ABFT21_RS12190","2-C-methyl-D-erythritol 4-phosphate cytidylyltransferase","WP_054021129.1"
"lcl_NZ_CP166677.1_cds_WP_054021130.1_2415","ispF","ABFT21_RS12195","2-C-methyl-D-erythritol 2,4-cyclodiphosphate synthase","WP_054021130.1"
"lcl_NZ_CP166677.1_cds_WP_054021131.1_2416",NA,"ABFT21_RS12200","sensor histidine kinase","WP_054021131.1"
"lcl_NZ_CP166677.1_cds_WP_054021132.1_2417","ompR","ABFT21_RS12205","osmolarity response regulator transcription factor OmpR","WP_054021132.1"
"lcl_NZ_CP166677.1_cds_WP_082368421.1_2418",NA,"ABFT21_RS12210","SIMPL domain-containing protein","WP_082368421.1"
"lcl_NZ_CP166677.1_cds_WP_054021133.1_2419",NA,"ABFT21_RS12215","3-hydroxybutyrate dehydrogenase","WP_054021133.1"
"lcl_NZ_CP166677.1_cds_WP_054021134.1_2420",NA,"ABFT21_RS12220","alpha/beta fold hydrolase","WP_054021134.1"
"lcl_NZ_CP166677.1_cds_WP_054021135.1_2421",NA,"ABFT21_RS12225","RelA/SpoT family protein","WP_054021135.1"
"lcl_NZ_CP166677.1_cds_WP_054021136.1_2422",NA,"ABFT21_RS12235","hypothetical protein","WP_054021136.1"
"lcl_NZ_CP166677.1_cds_WP_054021137.1_2423",NA,"ABFT21_RS12240","acetyl-CoA C-acyltransferase family protein","WP_054021137.1"
"lcl_NZ_CP166677.1_cds_WP_054021138.1_2424",NA,"ABFT21_RS12245","LysR family transcriptional regulator","WP_054021138.1"
"lcl_NZ_CP166677.1_cds_WP_054021139.1_2425",NA,"ABFT21_RS12250","hypothetical protein","WP_054021139.1"
"lcl_NZ_CP166677.1_cds_WP_054021140.1_2426",NA,"ABFT21_RS12255","response regulator","WP_054021140.1"
"lcl_NZ_CP166677.1_cds_WP_480339099.1_2427",NA,"ABFT21_RS12260","ATP-binding protein","WP_480339099.1"
"lcl_NZ_CP166677.1_cds_WP_054021142.1_2428",NA,"ABFT21_RS12265","high-potential iron-sulfur protein","WP_054021142.1"
"lcl_NZ_CP166677.1_cds_WP_054021143.1_2429",NA,"ABFT21_RS12270","HpcH/HpaI aldolase/citrate lyase family protein","WP_054021143.1"
"lcl_NZ_CP166677.1_cds_WP_082368422.1_2430",NA,"ABFT21_RS12275","MmgE/PrpD family protein","WP_082368422.1"
"lcl_NZ_CP166677.1_cds_WP_054021144.1_2431",NA,"ABFT21_RS12280","CaiB/BaiF CoA transferase family protein","WP_054021144.1"
"lcl_NZ_CP166677.1_cds_WP_054021145.1_2432",NA,"ABFT21_RS12285","acyl-CoA dehydrogenase family protein","WP_054021145.1"
"lcl_NZ_CP166677.1_cds_WP_054021146.1_2433",NA,"ABFT21_RS12290","HTD2 family dehydratase","WP_054021146.1"
"lcl_NZ_CP166677.1_cds_WP_054021147.1_2434",NA,"ABFT21_RS12295","CoA transferase","WP_054021147.1"
"lcl_NZ_CP166677.1_cds_WP_054021148.1_2435",NA,"ABFT21_RS12300","EthD family reductase","WP_054021148.1"
"lcl_NZ_CP166677.1_cds_WP_463938102.1_2436",NA,"ABFT21_RS12305","GNAT family N-acetyltransferase","WP_463938102.1"
"lcl_NZ_CP166677.1_cds_WP_157549407.1_2437",NA,"ABFT21_RS12310","hypothetical protein","WP_157549407.1"
"lcl_NZ_CP166677.1_cds_WP_082368743.1_2438",NA,"ABFT21_RS12315","HNH endonuclease","WP_082368743.1"
"lcl_NZ_CP166677.1_cds_ABFT21_RS12320_2439",NA,"ABFT21_RS12320","IS5 family transposase",NA
"lcl_NZ_CP166677.1_cds_WP_157549341.1_2440","ltrA","ABFT21_RS12325","group II intron reverse transcriptase/maturase","WP_157549341.1"
"lcl_NZ_CP166677.1_cds_ABFT21_RS12330_2441",NA,"ABFT21_RS12330","IS5 family transposase",NA
"lcl_NZ_CP166677.1_cds_WP_157549377.1_2442",NA,"ABFT21_RS12335","hypothetical protein","WP_157549377.1"
"lcl_NZ_CP166677.1_cds_WP_054022780.1_2443",NA,"ABFT21_RS12340","putative phage abortive infection protein","WP_054022780.1"
"lcl_NZ_CP166677.1_cds_WP_463938036.1_2444",NA,"ABFT21_RS12345","IS1634 family transposase","WP_463938036.1"
"lcl_NZ_CP166677.1_cds_ABFT21_RS12350_2445",NA,"ABFT21_RS12350","IS110 family transposase",NA
"lcl_NZ_CP166677.1_cds_WP_463938103.1_2446",NA,"ABFT21_RS12355","GNAT family N-acetyltransferase","WP_463938103.1"
"lcl_NZ_CP166677.1_cds_WP_054022891.1_2447",NA,"ABFT21_RS12360","PIN domain-containing protein","WP_054022891.1"
"lcl_NZ_CP166677.1_cds_WP_082368756.1_2448",NA,"ABFT21_RS12365","helix-turn-helix domain-containing protein","WP_082368756.1"
"lcl_NZ_CP166677.1_cds_WP_197284824.1_2449",NA,"ABFT21_RS12370","hypothetical protein","WP_197284824.1"
"lcl_NZ_CP166677.1_cds_WP_231638266.1_2450",NA,"ABFT21_RS12375","hypothetical protein","WP_231638266.1"
"lcl_NZ_CP166677.1_cds_WP_157549341.1_2451","ltrA","ABFT21_RS12380","group II intron reverse transcriptase/maturase","WP_157549341.1"
"lcl_NZ_CP166677.1_cds_ABFT21_RS12385_2452",NA,"ABFT21_RS12385","IS5 family transposase",NA
"lcl_NZ_CP166677.1_cds_WP_157549344.1_2453",NA,"ABFT21_RS12390","hypothetical protein","WP_157549344.1"
"lcl_NZ_CP166677.1_cds_WP_157549347.1_2454",NA,"ABFT21_RS12395","hypothetical protein","WP_157549347.1"
"lcl_NZ_CP166677.1_cds_WP_054022658.1_2455",NA,"ABFT21_RS12400","NAD(P)H-dependent oxidoreductase","WP_054022658.1"
"lcl_NZ_CP166677.1_cds_WP_054022659.1_2456",NA,"ABFT21_RS12405","phytanoyl-CoA dioxygenase family protein","WP_054022659.1"
"lcl_NZ_CP166677.1_cds_WP_054022660.1_2457",NA,"ABFT21_RS12410","GntR family transcriptional regulator","WP_054022660.1"
"lcl_NZ_CP166677.1_cds_WP_054022661.1_2458",NA,"ABFT21_RS12415","MipA/OmpV family protein","WP_054022661.1"
"lcl_NZ_CP166677.1_cds_WP_157549350.1_2459",NA,"ABFT21_RS12420","hypothetical protein","WP_157549350.1"
"lcl_NZ_CP166677.1_cds_WP_054022662.1_2460",NA,"ABFT21_RS12425","hydrogenase small subunit","WP_054022662.1"
"lcl_NZ_CP166677.1_cds_WP_054022663.1_2461",NA,"ABFT21_RS12430","nickel-dependent hydrogenase large subunit","WP_054022663.1"
"lcl_NZ_CP166677.1_cds_WP_054022664.1_2462","cybH","ABFT21_RS12435","Ni/Fe-hydrogenase, b-type cytochrome subunit","WP_054022664.1"
"lcl_NZ_CP166677.1_cds_WP_082368686.1_2463",NA,"ABFT21_RS12440","HigA family addiction module antitoxin","WP_082368686.1"
"lcl_NZ_CP166677.1_cds_WP_082368687.1_2464",NA,"ABFT21_RS12445","HyaD/HybD family hydrogenase maturation endopeptidase","WP_082368687.1"
"lcl_NZ_CP166677.1_cds_WP_054022665.1_2465",NA,"ABFT21_RS12450","HypC/HybG/HupF family hydrogenase formation chaperone","WP_054022665.1"
"lcl_NZ_CP166677.1_cds_WP_054022666.1_2466",NA,"ABFT21_RS12455","thioredoxin domain-containing protein","WP_054022666.1"
"lcl_NZ_CP166677.1_cds_WP_054022667.1_2467",NA,"ABFT21_RS12460","hydrogenase expression/formation protein","WP_054022667.1"
"lcl_NZ_CP166677.1_cds_WP_054022668.1_2468",NA,"ABFT21_RS12465","rubredoxin","WP_054022668.1"
"lcl_NZ_CP166677.1_cds_WP_054022669.1_2469","hybE","ABFT21_RS12470","[NiFe","WP_054022669.1"
"lcl_NZ_CP166677.1_cds_WP_054022670.1_2470",NA,"ABFT21_RS12475","hypothetical protein","WP_054022670.1"
"lcl_NZ_CP166677.1_cds_WP_054022671.1_2471","hypA","ABFT21_RS12480","hydrogenase maturation nickel metallochaperone HypA","WP_054022671.1"
"lcl_NZ_CP166677.1_cds_WP_054022672.1_2472","hypB","ABFT21_RS12485","hydrogenase nickel incorporation protein HypB","WP_054022672.1"
"lcl_NZ_CP166677.1_cds_WP_197284793.1_2473",NA,"ABFT21_RS12490","Kae1-like domain-containing protein","WP_197284793.1"
"lcl_NZ_CP166677.1_cds_WP_054022673.1_2474",NA,"ABFT21_RS12495","HypC/HybG/HupF family hydrogenase formation chaperone","WP_054022673.1"
"lcl_NZ_CP166677.1_cds_WP_054022674.1_2475","hypD","ABFT21_RS12500","hydrogenase formation protein HypD","WP_054022674.1"
"lcl_NZ_CP166677.1_cds_WP_054022675.1_2476","hypE","ABFT21_RS12505","hydrogenase expression/formation protein HypE","WP_054022675.1"
"lcl_NZ_CP166677.1_cds_WP_082368688.1_2477",NA,"ABFT21_RS12510","sigma-54-dependent transcriptional regulator","WP_082368688.1"
"lcl_NZ_CP166677.1_cds_WP_082368689.1_2478",NA,"ABFT21_RS12515","NADH-quinone oxidoreductase subunit B family protein","WP_082368689.1"
"lcl_NZ_CP166677.1_cds_WP_054022676.1_2479",NA,"ABFT21_RS12520","nickel-dependent hydrogenase large subunit","WP_054022676.1"
"lcl_NZ_CP166677.1_cds_WP_082368690.1_2480","nikR","ABFT21_RS12525","nickel-responsive transcriptional regulator NikR","WP_082368690.1"
"lcl_NZ_CP166677.1_cds_WP_197284794.1_2481",NA,"ABFT21_RS12530","TonB-dependent receptor","WP_197284794.1"
"lcl_NZ_CP166677.1_cds_WP_054022678.1_2482",NA,"ABFT21_RS12535","DUF4198 domain-containing protein","WP_054022678.1"
"lcl_NZ_CP166677.1_cds_WP_054022685.1_2483",NA,"ABFT21_RS12540","hypothetical protein","WP_054022685.1"
"lcl_NZ_CP166677.1_cds_WP_054022686.1_2484",NA,"ABFT21_RS12545","energy-coupling factor ABC transporter permease","WP_054022686.1"
"lcl_NZ_CP166677.1_cds_WP_231638272.1_2485",NA,"ABFT21_RS12550","energy-coupling factor transporter transmembrane component T family protein","WP_231638272.1"
"lcl_NZ_CP166677.1_cds_WP_054022679.1_2486",NA,"ABFT21_RS12555","energy-coupling factor ABC transporter ATP-binding protein","WP_054022679.1"
"lcl_NZ_CP166677.1_cds_WP_480339109.1_2487",NA,"ABFT21_RS12560","sensor histidine kinase","WP_480339109.1"
"lcl_NZ_CP166677.1_cds_WP_054022681.1_2488",NA,"ABFT21_RS12565","CaiB/BaiF CoA transferase family protein","WP_054022681.1"
"lcl_NZ_CP166677.1_cds_WP_054021337.1_2489",NA,"ABFT21_RS12570","OmpA family protein","WP_054021337.1"
"lcl_NZ_CP166677.1_cds_WP_054021338.1_2490","gntR","ABFT21_RS12575","HTH-type transcriptional regulator GntR","WP_054021338.1"
"lcl_NZ_CP166677.1_cds_WP_054021339.1_2491",NA,"ABFT21_RS12580","gluconokinase","WP_054021339.1"
"lcl_NZ_CP166677.1_cds_WP_054021340.1_2492",NA,"ABFT21_RS12585","TRAP transporter small permease subunit","WP_054021340.1"
"lcl_NZ_CP166677.1_cds_WP_054021341.1_2493",NA,"ABFT21_RS12590","TRAP transporter large permease subunit","WP_054021341.1"
"lcl_NZ_CP166677.1_cds_WP_054021342.1_2494",NA,"ABFT21_RS12595","TRAP transporter substrate-binding protein","WP_054021342.1"
"lcl_NZ_CP166677.1_cds_WP_054021343.1_2495",NA,"ABFT21_RS12600","polyhydroxyalkanoate depolymerase","WP_054021343.1"
"lcl_NZ_CP166677.1_cds_WP_082368452.1_2496",NA,"ABFT21_RS12605","glutathione S-transferase family protein","WP_082368452.1"
"lcl_NZ_CP166677.1_cds_WP_054021344.1_2497",NA,"ABFT21_RS12610","cupin domain-containing protein","WP_054021344.1"
"lcl_NZ_CP166677.1_cds_WP_054021345.1_2498",NA,"ABFT21_RS12615","TIGR04255 family protein","WP_054021345.1"
"lcl_NZ_CP166677.1_cds_WP_157549091.1_2499",NA,"ABFT21_RS12620","hypothetical protein","WP_157549091.1"
"lcl_NZ_CP166677.1_cds_WP_054021346.1_2500",NA,"ABFT21_RS12625","hypothetical protein","WP_054021346.1"
"lcl_NZ_CP166677.1_cds_WP_157549095.1_2501",NA,"ABFT21_RS12630","hypothetical protein","WP_157549095.1"
"lcl_NZ_CP166677.1_cds_WP_054021347.1_2502",NA,"ABFT21_RS12635","TldD/PmbA family protein","WP_054021347.1"
"lcl_NZ_CP166677.1_cds_WP_054021348.1_2503",NA,"ABFT21_RS12640","TldD/PmbA family protein","WP_054021348.1"
"lcl_NZ_CP166677.1_cds_WP_054021349.1_2504",NA,"ABFT21_RS12645","serine/threonine protein kinase","WP_054021349.1"
"lcl_NZ_CP166677.1_cds_WP_054021350.1_2505",NA,"ABFT21_RS12650","alpha/beta fold hydrolase","WP_054021350.1"
"lcl_NZ_CP166677.1_cds_WP_054021351.1_2506",NA,"ABFT21_RS12655","alpha/beta hydrolase family protein","WP_054021351.1"
"lcl_NZ_CP166677.1_cds_WP_054021352.1_2507",NA,"ABFT21_RS12660","hypothetical protein","WP_054021352.1"
"lcl_NZ_CP166677.1_cds_WP_054021353.1_2508",NA,"ABFT21_RS12665","aldo/keto reductase","WP_054021353.1"
"lcl_NZ_CP166677.1_cds_WP_197284701.1_2509",NA,"ABFT21_RS12670","hypothetical protein","WP_197284701.1"
"lcl_NZ_CP166677.1_cds_WP_157549097.1_2510",NA,"ABFT21_RS12675","hypothetical protein","WP_157549097.1"
"lcl_NZ_CP166677.1_cds_WP_054021356.1_2511",NA,"ABFT21_RS12680","L-serine ammonia-lyase","WP_054021356.1"
"lcl_NZ_CP166677.1_cds_WP_054021357.1_2512","gcvP","ABFT21_RS12685","aminomethyl-transferring glycine dehydrogenase","WP_054021357.1"
"lcl_NZ_CP166677.1_cds_WP_054021358.1_2513","gcvH","ABFT21_RS12690","glycine cleavage system protein GcvH","WP_054021358.1"
"lcl_NZ_CP166677.1_cds_WP_054021359.1_2514","gcvT","ABFT21_RS12695","glycine cleavage system aminomethyltransferase GcvT","WP_054021359.1"
"lcl_NZ_CP166677.1_cds_WP_082368453.1_2515","soxR","ABFT21_RS12700","redox-sensitive transcriptional activator SoxR","WP_082368453.1"
"lcl_NZ_CP166677.1_cds_WP_082368454.1_2516",NA,"ABFT21_RS12705","questin oxidase family protein","WP_082368454.1"
"lcl_NZ_CP166677.1_cds_WP_157549099.1_2517",NA,"ABFT21_RS12710","putative Ig domain-containing protein","WP_157549099.1"
"lcl_NZ_CP166677.1_cds_WP_054021361.1_2518",NA,"ABFT21_RS12715","CoA-binding protein","WP_054021361.1"
"lcl_NZ_CP166677.1_cds_WP_054021362.1_2519",NA,"ABFT21_RS12720","O-acetylhomoserine aminocarboxypropyltransferase/cysteine synthase family protein","WP_054021362.1"
"lcl_NZ_CP166677.1_cds_WP_054021363.1_2520",NA,"ABFT21_RS12725","methyltransferase domain-containing protein","WP_054021363.1"
"lcl_NZ_CP166677.1_cds_WP_054021364.1_2521",NA,"ABFT21_RS12730","APC family permease","WP_054021364.1"
"lcl_NZ_CP166677.1_cds_WP_054021365.1_2522",NA,"ABFT21_RS12735","acyl-CoA synthetase","WP_054021365.1"
"lcl_NZ_CP166677.1_cds_WP_054021366.1_2523",NA,"ABFT21_RS12740","enoyl-CoA hydratase","WP_054021366.1"
"lcl_NZ_CP166677.1_cds_WP_054021367.1_2524",NA,"ABFT21_RS12745","substrate-binding domain-containing protein","WP_054021367.1"
"lcl_NZ_CP166677.1_cds_WP_054021368.1_2525",NA,"ABFT21_RS12750","formate dehydrogenase subunit gamma","WP_054021368.1"
"lcl_NZ_CP166677.1_cds_WP_054021369.1_2526",NA,"ABFT21_RS12755","formate dehydrogenase beta subunit","WP_054021369.1"
"lcl_NZ_CP166677.1_cds_WP_054021370.1_2527","fdhF","ABFT21_RS12760","formate dehydrogenase subunit alpha","WP_054021370.1"
"lcl_NZ_CP166677.1_cds_WP_054021371.1_2528","fdhD","ABFT21_RS12765","formate dehydrogenase accessory sulfurtransferase FdhD","WP_054021371.1"
"lcl_NZ_CP166677.1_cds_WP_054021372.1_2529",NA,"ABFT21_RS12770","formate dehydrogenase subunit delta","WP_054021372.1"
"lcl_NZ_CP166677.1_cds_WP_054021373.1_2530",NA,"ABFT21_RS12775","Cache 3/Cache 2 fusion domain-containing protein","WP_054021373.1"
"lcl_NZ_CP166677.1_cds_WP_463938107.1_2531",NA,"ABFT21_RS12780","methyl-accepting chemotaxis protein","WP_463938107.1"
"lcl_NZ_CP166677.1_cds_WP_197284677.1_2532",NA,"ABFT21_RS12785","M3 family metallopeptidase","WP_197284677.1"
"lcl_NZ_CP166677.1_cds_WP_082368398.1_2533",NA,"ABFT21_RS12790","VanZ family protein","WP_082368398.1"
"lcl_NZ_CP166677.1_cds_WP_054020974.1_2534",NA,"ABFT21_RS12795","ABC transporter permease/M1 family aminopeptidase","WP_054020974.1"
"lcl_NZ_CP166677.1_cds_WP_054020975.1_2535",NA,"ABFT21_RS12800","ABC transporter ATP-binding protein","WP_054020975.1"
"lcl_NZ_CP166677.1_cds_WP_157549022.1_2536",NA,"ABFT21_RS12805","DUF3482 domain-containing protein","WP_157549022.1"
"lcl_NZ_CP166677.1_cds_WP_054020976.1_2537",NA,"ABFT21_RS12810","electron transfer flavoprotein-ubiquinone oxidoreductase","WP_054020976.1"
"lcl_NZ_CP166677.1_cds_WP_054020977.1_2538",NA,"ABFT21_RS12815","SDR family oxidoreductase","WP_054020977.1"
"lcl_NZ_CP166677.1_cds_WP_054020978.1_2539",NA,"ABFT21_RS12820","YceH family protein","WP_054020978.1"
"lcl_NZ_CP166677.1_cds_WP_054020979.1_2540",NA,"ABFT21_RS12825","acyl-CoA thioesterase","WP_054020979.1"
"lcl_NZ_CP166677.1_cds_WP_054020980.1_2541",NA,"ABFT21_RS12830","hypothetical protein","WP_054020980.1"
"lcl_NZ_CP166677.1_cds_WP_082368399.1_2542",NA,"ABFT21_RS12835","LuxR C-terminal-related transcriptional regulator","WP_082368399.1"
"lcl_NZ_CP166677.1_cds_WP_054020981.1_2543",NA,"ABFT21_RS12840","CoA transferase subunit A","WP_054020981.1"
"lcl_NZ_CP166677.1_cds_WP_054020982.1_2544",NA,"ABFT21_RS12845","3-oxoacid CoA-transferase subunit B","WP_054020982.1"
"lcl_NZ_CP166677.1_cds_WP_054020983.1_2545",NA,"ABFT21_RS12850","quinone-dependent dihydroorotate dehydrogenase","WP_054020983.1"
"lcl_NZ_CP166677.1_cds_WP_054020984.1_2546","rpiA","ABFT21_RS12855","ribose-5-phosphate isomerase RpiA","WP_054020984.1"
"lcl_NZ_CP166677.1_cds_WP_054020985.1_2547",NA,"ABFT21_RS12860","hypothetical protein","WP_054020985.1"
"lcl_NZ_CP166677.1_cds_WP_082368400.1_2548","mnmC","ABFT21_RS12865","bifunctional tRNA (5-methylaminomethyl-2-thiouridine)(34)-methyltransferase MnmC2/FAD-dependent 5-carboxymethylaminomethyl-2-thiouridine(34) oxidoreductase MnmC1","WP_082368400.1"
"lcl_NZ_CP166677.1_cds_WP_054020986.1_2549",NA,"ABFT21_RS12870","heme-dependent oxidative N-demethylase subunit alpha family protein","WP_054020986.1"
"lcl_NZ_CP166677.1_cds_WP_054020987.1_2550","efp","ABFT21_RS12875","elongation factor P","WP_054020987.1"
"lcl_NZ_CP166677.1_cds_WP_054020988.1_2551","earP","ABFT21_RS12880","elongation factor P maturation arginine rhamnosyltransferase EarP","WP_054020988.1"
"lcl_NZ_CP166677.1_cds_WP_054021016.1_2552","uvrC","ABFT21_RS12885","excinuclease ABC subunit UvrC","WP_054021016.1"
"lcl_NZ_CP166677.1_cds_WP_157549033.1_2553",NA,"ABFT21_RS12890","energy transducer TonB","WP_157549033.1"
"lcl_NZ_CP166677.1_cds_WP_054020989.1_2554","pgsA","ABFT21_RS12895","CDP-diacylglycerol--glycerol-3-phosphate 3-phosphatidyltransferase","WP_054020989.1"
"lcl_NZ_CP166677.1_cds_WP_054020990.1_2555",NA,"ABFT21_RS12900","HU family DNA-binding protein","WP_054020990.1"
"lcl_NZ_CP166677.1_cds_WP_054020991.1_2556",NA,"ABFT21_RS12910","peptidylprolyl isomerase","WP_054020991.1"
"lcl_NZ_CP166677.1_cds_WP_054020992.1_2557",NA,"ABFT21_RS12915","YdeI/OmpD-associated family protein","WP_054020992.1"
"lcl_NZ_CP166677.1_cds_WP_054020993.1_2558",NA,"ABFT21_RS12925","heparan-alpha-glucosaminide N-acetyltransferase","WP_054020993.1"
"lcl_NZ_CP166677.1_cds_WP_054020994.1_2559",NA,"ABFT21_RS12930","hypothetical protein","WP_054020994.1"
"lcl_NZ_CP166677.1_cds_WP_054020995.1_2560","glk","ABFT21_RS12935","glucokinase","WP_054020995.1"
"lcl_NZ_CP166677.1_cds_WP_054020996.1_2561","fabI","ABFT21_RS12940","enoyl-ACP reductase FabI","WP_054020996.1"
"lcl_NZ_CP166677.1_cds_WP_054020997.1_2562","rimP","ABFT21_RS12945","ribosome maturation factor RimP","WP_054020997.1"
"lcl_NZ_CP166677.1_cds_WP_054020998.1_2563","nusA","ABFT21_RS12950","transcription termination factor NusA","WP_054020998.1"
"lcl_NZ_CP166677.1_cds_WP_054020999.1_2564","infB","ABFT21_RS12955","translation initiation factor IF-2","WP_054020999.1"
"lcl_NZ_CP166677.1_cds_WP_054021000.1_2565","rbfA","ABFT21_RS12960","30S ribosome-binding factor RbfA","WP_054021000.1"
"lcl_NZ_CP166677.1_cds_WP_231638162.1_2566","truB","ABFT21_RS12965","tRNA pseudouridine(55) synthase TruB","WP_231638162.1"
"lcl_NZ_CP166677.1_cds_WP_054021001.1_2567","typA","ABFT21_RS12970","translational GTPase TypA","WP_054021001.1"
"lcl_NZ_CP166677.1_cds_WP_082368405.1_2568",NA,"ABFT21_RS12975","DMT family transporter","WP_082368405.1"
"lcl_NZ_CP166677.1_cds_WP_197284678.1_2569",NA,"ABFT21_RS12980","enoyl-CoA hydratase/isomerase family protein","WP_197284678.1"
"lcl_NZ_CP166677.1_cds_WP_054021002.1_2570",NA,"ABFT21_RS12985","GDP-L-fucose synthase family protein","WP_054021002.1"
"lcl_NZ_CP166677.1_cds_WP_082368402.1_2571",NA,"ABFT21_RS12990","undecaprenyl-phosphate glucose phosphotransferase","WP_082368402.1"
"lcl_NZ_CP166677.1_cds_WP_054021003.1_2572",NA,"ABFT21_RS13000","SPFH domain-containing protein","WP_054021003.1"
"lcl_NZ_CP166677.1_cds_WP_054021004.1_2573",NA,"ABFT21_RS13005","NfeD family protein","WP_054021004.1"
"lcl_NZ_CP166677.1_cds_WP_197284679.1_2574",NA,"ABFT21_RS13010","arginine/lysine/ornithine decarboxylase","WP_197284679.1"
"lcl_NZ_CP166677.1_cds_WP_054021005.1_2575",NA,"ABFT21_RS13015","sensor histidine kinase","WP_054021005.1"
"lcl_NZ_CP166677.1_cds_WP_054021006.1_2576","rlmB","ABFT21_RS13020","23S rRNA (guanosine(2251)-2'-O)-methyltransferase RlmB","WP_054021006.1"
"lcl_NZ_CP166677.1_cds_WP_157549035.1_2577",NA,"ABFT21_RS13025","hypothetical protein","WP_157549035.1"
"lcl_NZ_CP166677.1_cds_WP_054021008.1_2578",NA,"ABFT21_RS13030","ATP-binding protein","WP_054021008.1"
"lcl_NZ_CP166677.1_cds_WP_393938826.1_2579",NA,"ABFT21_RS13035","response regulator","WP_393938826.1"
"lcl_NZ_CP166677.1_cds_WP_054021010.1_2580",NA,"ABFT21_RS13040","intradiol ring-cleavage dioxygenase","WP_054021010.1"
"lcl_NZ_CP166677.1_cds_WP_231638163.1_2581",NA,"ABFT21_RS13045","chromate transporter","WP_231638163.1"
"lcl_NZ_CP166677.1_cds_WP_082368403.1_2582",NA,"ABFT21_RS13050","chromate transporter","WP_082368403.1"
"lcl_NZ_CP166677.1_cds_WP_480339128.1_2583",NA,"ABFT21_RS13055","MFS transporter","WP_480339128.1"
"lcl_NZ_CP166677.1_cds_WP_054021011.1_2584",NA,"ABFT21_RS13060","D-2-hydroxyacid dehydrogenase family protein","WP_054021011.1"
"lcl_NZ_CP166677.1_cds_WP_054022739.1_2585",NA,"ABFT21_RS13065","hypothetical protein","WP_054022739.1"
"lcl_NZ_CP166677.1_cds_WP_054022738.1_2586",NA,"ABFT21_RS13070","penicillin acylase family protein","WP_054022738.1"
"lcl_NZ_CP166677.1_cds_WP_231638277.1_2587","lexA","ABFT21_RS13075","transcriptional repressor LexA","WP_231638277.1"
"lcl_NZ_CP166677.1_cds_WP_082368712.1_2588",NA,"ABFT21_RS13080","asparaginase","WP_082368712.1"
"lcl_NZ_CP166677.1_cds_WP_054022736.1_2589",NA,"ABFT21_RS13085","organic hydroperoxide resistance protein","WP_054022736.1"
"lcl_NZ_CP166677.1_cds_WP_054022735.1_2590",NA,"ABFT21_RS13090","MarR family winged helix-turn-helix transcriptional regulator","WP_054022735.1"
"lcl_NZ_CP166677.1_cds_WP_054022734.1_2591",NA,"ABFT21_RS13095","ABC-F family ATP-binding cassette domain-containing protein","WP_054022734.1"
"lcl_NZ_CP166677.1_cds_WP_054022742.1_2592","prmB","ABFT21_RS13100","50S ribosomal protein L3 N(5)-glutamine methyltransferase","WP_054022742.1"
"lcl_NZ_CP166677.1_cds_WP_054022733.1_2593","dapE","ABFT21_RS13105","succinyl-diaminopimelate desuccinylase","WP_054022733.1"
"lcl_NZ_CP166677.1_cds_WP_054022732.1_2594",NA,"ABFT21_RS13110","PilT/PilU family type 4a pilus ATPase","WP_054022732.1"
"lcl_NZ_CP166677.1_cds_WP_054022731.1_2595","dapD","ABFT21_RS13115","2,3,4,5-tetrahydropyridine-2,6-dicarboxylate N-succinyltransferase","WP_054022731.1"
"lcl_NZ_CP166677.1_cds_WP_054022730.1_2596","dapC","ABFT21_RS13120","succinyldiaminopimelate transaminase","WP_054022730.1"
"lcl_NZ_CP166677.1_cds_WP_082368711.1_2597","queF","ABFT21_RS13125","preQ(1) synthase","WP_082368711.1"
"lcl_NZ_CP166677.1_cds_WP_054022729.1_2598","smc","ABFT21_RS13130","chromosome segregation protein SMC","WP_054022729.1"
"lcl_NZ_CP166677.1_cds_WP_054022728.1_2599",NA,"ABFT21_RS13135","cell division protein FtsZ","WP_054022728.1"
"lcl_NZ_CP166677.1_cds_WP_082368714.1_2600","ligA","ABFT21_RS13140","NAD-dependent DNA ligase LigA","WP_082368714.1"
"lcl_NZ_CP166677.1_cds_WP_054022727.1_2601","def","ABFT21_RS13145","peptide deformylase","WP_054022727.1"
"lcl_NZ_CP166677.1_cds_WP_463938111.1_2602",NA,"ABFT21_RS13150","methyl-accepting chemotaxis protein","WP_463938111.1"
"lcl_NZ_CP166677.1_cds_WP_054021218.1_2603",NA,"ABFT21_RS13155","DUF6600 domain-containing protein","WP_054021218.1"
"lcl_NZ_CP166677.1_cds_WP_157549059.1_2604",NA,"ABFT21_RS13160","arylesterase","WP_157549059.1"
"lcl_NZ_CP166677.1_cds_WP_054021219.1_2605",NA,"ABFT21_RS13165","ABC transporter ATP-binding protein","WP_054021219.1"
"lcl_NZ_CP166677.1_cds_WP_054021220.1_2606",NA,"ABFT21_RS13170","peptidylprolyl isomerase","WP_054021220.1"
"lcl_NZ_CP166677.1_cds_WP_054021221.1_2607",NA,"ABFT21_RS13175","BolA family protein","WP_054021221.1"
"lcl_NZ_CP166677.1_cds_WP_054021222.1_2608",NA,"ABFT21_RS13180","septation protein A","WP_054021222.1"
"lcl_NZ_CP166677.1_cds_WP_054021223.1_2609","msrB","ABFT21_RS13185","peptide-methionine (R)-S-oxide reductase MsrB","WP_054021223.1"
"lcl_NZ_CP166677.1_cds_WP_054021224.1_2610",NA,"ABFT21_RS13190","3-(methylthio)propionyl-CoA ligase","WP_054021224.1"
"lcl_NZ_CP166677.1_cds_WP_054021225.1_2611",NA,"ABFT21_RS13195","branched-chain amino acid ABC transporter substrate-binding protein","WP_054021225.1"
"lcl_NZ_CP166677.1_cds_WP_054021226.1_2612",NA,"ABFT21_RS13200","branched-chain amino acid ABC transporter permease","WP_054021226.1"
"lcl_NZ_CP166677.1_cds_WP_054021227.1_2613",NA,"ABFT21_RS13205","branched-chain amino acid ABC transporter permease","WP_054021227.1"
"lcl_NZ_CP166677.1_cds_WP_054021228.1_2614",NA,"ABFT21_RS13210","ABC transporter ATP-binding protein","WP_054021228.1"
"lcl_NZ_CP166677.1_cds_WP_054021229.1_2615",NA,"ABFT21_RS13215","ABC transporter ATP-binding protein","WP_054021229.1"
"lcl_NZ_CP166677.1_cds_WP_054021230.1_2616",NA,"ABFT21_RS13220","3-hydroxyacyl-CoA dehydrogenase NAD-binding domain-containing protein","WP_054021230.1"
"lcl_NZ_CP166677.1_cds_WP_054021231.1_2617",NA,"ABFT21_RS13225","HD domain-containing protein","WP_054021231.1"
"lcl_NZ_CP166677.1_cds_WP_054021232.1_2618",NA,"ABFT21_RS13230","acetyl-CoA C-acyltransferase","WP_054021232.1"
"lcl_NZ_CP166677.1_cds_WP_054021233.1_2619",NA,"ABFT21_RS13235","PaaI family thioesterase","WP_054021233.1"
"lcl_NZ_CP166677.1_cds_WP_054021234.1_2620",NA,"ABFT21_RS13240","acyl-CoA dehydrogenase family protein","WP_054021234.1"
"lcl_NZ_CP166677.1_cds_WP_054021235.1_2621",NA,"ABFT21_RS13245","hypothetical protein","WP_054021235.1"
"lcl_NZ_CP166677.1_cds_WP_054021236.1_2622",NA,"ABFT21_RS13250","SDR family oxidoreductase","WP_054021236.1"
"lcl_NZ_CP166677.1_cds_WP_054021237.1_2623",NA,"ABFT21_RS13255","NADP-dependent oxidoreductase","WP_054021237.1"
"lcl_NZ_CP166677.1_cds_WP_054021238.1_2624",NA,"ABFT21_RS13260","SDR family oxidoreductase","WP_054021238.1"
"lcl_NZ_CP166677.1_cds_WP_054021239.1_2625",NA,"ABFT21_RS13265","hypothetical protein","WP_054021239.1"
"lcl_NZ_CP166677.1_cds_WP_054021240.1_2626",NA,"ABFT21_RS13270","Tex family protein","WP_054021240.1"
"lcl_NZ_CP166677.1_cds_WP_054021241.1_2627",NA,"ABFT21_RS13275","phosphopantetheine-binding protein","WP_054021241.1"
"lcl_NZ_CP166677.1_cds_WP_054021242.1_2628",NA,"ABFT21_RS13280","COG4648 family protein","WP_054021242.1"
"lcl_NZ_CP166677.1_cds_WP_082368433.1_2629",NA,"ABFT21_RS13285","AMP-binding protein","WP_082368433.1"
"lcl_NZ_CP166677.1_cds_WP_054021243.1_2630",NA,"ABFT21_RS13290","acyl-CoA synthetase","WP_054021243.1"
"lcl_NZ_CP166677.1_cds_WP_054021327.1_2631",NA,"ABFT21_RS13295","polysaccharide deacetylase family protein","WP_054021327.1"
"lcl_NZ_CP166677.1_cds_WP_197284692.1_2632",NA,"ABFT21_RS13300","class I SAM-dependent methyltransferase","WP_197284692.1"
"lcl_NZ_CP166677.1_cds_WP_054021244.1_2633",NA,"ABFT21_RS13305","ApeP family dehydratase","WP_054021244.1"
"lcl_NZ_CP166677.1_cds_WP_082368434.1_2634","fabG","ABFT21_RS13310","3-oxoacyl-ACP reductase FabG","WP_082368434.1"
"lcl_NZ_CP166677.1_cds_WP_054021245.1_2635",NA,"ABFT21_RS13315","glycosyltransferase family 2 protein","WP_054021245.1"
"lcl_NZ_CP166677.1_cds_WP_054021246.1_2636",NA,"ABFT21_RS13320","MipA/OmpV family protein","WP_054021246.1"
"lcl_NZ_CP166677.1_cds_WP_157549061.1_2637",NA,"ABFT21_RS13325","chorismate transformation FkbO/Hyg5 family protein","WP_157549061.1"
"lcl_NZ_CP166677.1_cds_WP_054021247.1_2638","thrS","ABFT21_RS13330","threonine--tRNA ligase","WP_054021247.1"
"lcl_NZ_CP166677.1_cds_WP_082368435.1_2639","infC","ABFT21_RS13335","translation initiation factor IF-3","WP_082368435.1"
"lcl_NZ_CP166677.1_cds_WP_054021249.1_2640","rpmI","ABFT21_RS13340","50S ribosomal protein L35","WP_054021249.1"
"lcl_NZ_CP166677.1_cds_WP_054021250.1_2641","rplT","ABFT21_RS13345","50S ribosomal protein L20","WP_054021250.1"
"lcl_NZ_CP166677.1_cds_WP_054021251.1_2642","pheS","ABFT21_RS13350","phenylalanine--tRNA ligase subunit alpha","WP_054021251.1"
"lcl_NZ_CP166677.1_cds_WP_054021252.1_2643","pheT","ABFT21_RS13355","phenylalanine--tRNA ligase subunit beta","WP_054021252.1"
"lcl_NZ_CP166677.1_cds_WP_082368436.1_2644",NA,"ABFT21_RS13360","integration host factor subunit alpha","WP_082368436.1"
"lcl_NZ_CP166677.1_cds_WP_054021253.1_2645",NA,"ABFT21_RS13365","MerR family transcriptional regulator","WP_054021253.1"
"lcl_NZ_CP166677.1_cds_WP_157549063.1_2646",NA,"ABFT21_RS13375","hypothetical protein","WP_157549063.1"
"lcl_NZ_CP166677.1_cds_WP_082368437.1_2647",NA,"ABFT21_RS13380","helix-turn-helix domain-containing protein","WP_082368437.1"
"lcl_NZ_CP166677.1_cds_WP_054021254.1_2648",NA,"ABFT21_RS13385","hypothetical protein","WP_054021254.1"
"lcl_NZ_CP166677.1_cds_WP_054021255.1_2649",NA,"ABFT21_RS13390","hypothetical protein","WP_054021255.1"
"lcl_NZ_CP166677.1_cds_WP_157549067.1_2650",NA,"ABFT21_RS13395","hypothetical protein","WP_157549067.1"
"lcl_NZ_CP166677.1_cds_WP_054021331.1_2651",NA,"ABFT21_RS13400","MFS transporter","WP_054021331.1"
"lcl_NZ_CP166677.1_cds_WP_054021256.1_2652",NA,"ABFT21_RS13405","hypothetical protein","WP_054021256.1"
"lcl_NZ_CP166677.1_cds_WP_054021257.1_2653","flhB","ABFT21_RS13410","flagellar biosynthesis protein FlhB","WP_054021257.1"
"lcl_NZ_CP166677.1_cds_WP_054021258.1_2654","flhA","ABFT21_RS13415","flagellar biosynthesis protein FlhA","WP_054021258.1"
"lcl_NZ_CP166677.1_cds_WP_054021259.1_2655","flhF","ABFT21_RS13420","flagellar biosynthesis GTPase FlhF","WP_054021259.1"
"lcl_NZ_CP166677.1_cds_WP_054021260.1_2656",NA,"ABFT21_RS13425","MinD/ParA family ATP-binding protein","WP_054021260.1"
"lcl_NZ_CP166677.1_cds_WP_054021332.1_2657",NA,"ABFT21_RS13430","RNA polymerase sigma factor FliA","WP_054021332.1"
"lcl_NZ_CP166677.1_cds_WP_231638179.1_2658",NA,"ABFT21_RS13435","class I SAM-dependent methyltransferase","WP_231638179.1"
"lcl_NZ_CP166677.1_cds_ABFT21_RS13440_2659",NA,"ABFT21_RS13440","alpha/beta hydrolase",NA
"lcl_NZ_CP166677.1_cds_WP_054021262.1_2660","argH","ABFT21_RS13445","argininosuccinate lyase","WP_054021262.1"
"lcl_NZ_CP166677.1_cds_WP_082368438.1_2661",NA,"ABFT21_RS13450","sensor histidine kinase","WP_082368438.1"
"lcl_NZ_CP166677.1_cds_WP_054021263.1_2662",NA,"ABFT21_RS13455","LytR/AlgR family response regulator transcription factor","WP_054021263.1"
"lcl_NZ_CP166677.1_cds_WP_231638180.1_2663","ppc","ABFT21_RS13460","phosphoenolpyruvate carboxylase","WP_231638180.1"
"lcl_NZ_CP166677.1_cds_WP_054021264.1_2664","hemC","ABFT21_RS13465","hydroxymethylbilane synthase","WP_054021264.1"
"lcl_NZ_CP166677.1_cds_WP_231638181.1_2665",NA,"ABFT21_RS13470","uroporphyrinogen-III synthase","WP_231638181.1"
"lcl_NZ_CP166677.1_cds_WP_054021335.1_2666",NA,"ABFT21_RS13475","uroporphyrinogen-III C-methyltransferase","WP_054021335.1"
"lcl_NZ_CP166677.1_cds_WP_054021265.1_2667",NA,"ABFT21_RS13480","heme biosynthesis HemY N-terminal domain-containing protein","WP_054021265.1"
"lcl_NZ_CP166677.1_cds_WP_197284565.1_2668",NA,"ABFT21_RS13490","hypothetical protein","WP_197284565.1"
"lcl_NZ_CP166677.1_cds_WP_054018784.1_2669",NA,"ABFT21_RS13495","hypothetical protein","WP_054018784.1"
"lcl_NZ_CP166677.1_cds_WP_054018785.1_2670",NA,"ABFT21_RS13500","PKD domain-containing protein","WP_054018785.1"
"lcl_NZ_CP166677.1_cds_WP_082367976.1_2671",NA,"ABFT21_RS13505","SDR family NAD(P)-dependent oxidoreductase","WP_082367976.1"
"lcl_NZ_CP166677.1_cds_WP_054018787.1_2672",NA,"ABFT21_RS13510","hypothetical protein","WP_054018787.1"
"lcl_NZ_CP166677.1_cds_WP_082367977.1_2673",NA,"ABFT21_RS13515","ECF-type sigma factor","WP_082367977.1"
"lcl_NZ_CP166677.1_cds_WP_054018788.1_2674",NA,"ABFT21_RS13520","hypothetical protein","WP_054018788.1"
"lcl_NZ_CP166677.1_cds_WP_054018789.1_2675",NA,"ABFT21_RS13525","serine/threonine-protein kinase","WP_054018789.1"
"lcl_NZ_CP166677.1_cds_WP_054018790.1_2676",NA,"ABFT21_RS13530","NADP-dependent malic enzyme","WP_054018790.1"
"lcl_NZ_CP166677.1_cds_WP_082367978.1_2677",NA,"ABFT21_RS13535","MarR family winged helix-turn-helix transcriptional regulator","WP_082367978.1"
"lcl_NZ_CP166677.1_cds_WP_054018791.1_2678",NA,"ABFT21_RS13540","efflux transporter outer membrane subunit","WP_054018791.1"
"lcl_NZ_CP166677.1_cds_WP_082367979.1_2679",NA,"ABFT21_RS13545","HlyD/EmrA/EmrK family protein","WP_082367979.1"
"lcl_NZ_CP166677.1_cds_WP_054018792.1_2680",NA,"ABFT21_RS13550","DHA2 family efflux MFS transporter permease subunit","WP_054018792.1"
"lcl_NZ_CP166677.1_cds_WP_054018793.1_2681","asd","ABFT21_RS13555","archaetidylserine decarboxylase","WP_054018793.1"
"lcl_NZ_CP166677.1_cds_WP_054018794.1_2682",NA,"ABFT21_RS13560","hypothetical protein","WP_054018794.1"
"lcl_NZ_CP166677.1_cds_WP_054018795.1_2683",NA,"ABFT21_RS13565","DUF3606 domain-containing protein","WP_054018795.1"
"lcl_NZ_CP166677.1_cds_WP_082367998.1_2684","dusA","ABFT21_RS13570","tRNA dihydrouridine(20/20a) synthase DusA","WP_082367998.1"
"lcl_NZ_CP166677.1_cds_WP_197284566.1_2685",NA,"ABFT21_RS13575","M61 family metallopeptidase","WP_197284566.1"
"lcl_NZ_CP166677.1_cds_WP_054018798.1_2686",NA,"ABFT21_RS13580","ABC transporter ATP-binding protein","WP_054018798.1"
"lcl_NZ_CP166677.1_cds_WP_369691120.1_2687",NA,"ABFT21_RS13585","GNAT family N-acetyltransferase","WP_369691120.1"
"lcl_NZ_CP166677.1_cds_WP_054018800.1_2688",NA,"ABFT21_RS13590","type II toxin-antitoxin system TacA family antitoxin","WP_054018800.1"
"lcl_NZ_CP166677.1_cds_WP_259375147.1_2689",NA,"ABFT21_RS13595","DMT family transporter","WP_259375147.1"
"lcl_NZ_CP166677.1_cds_WP_054018802.1_2690",NA,"ABFT21_RS13600","YXWGXW repeat-containing protein","WP_054018802.1"
"lcl_NZ_CP166677.1_cds_WP_231638001.1_2691",NA,"ABFT21_RS13605","glutamine synthetase family protein","WP_231638001.1"
"lcl_NZ_CP166677.1_cds_WP_157548636.1_2692",NA,"ABFT21_RS13610","aldehyde dehydrogenase","WP_157548636.1"
"lcl_NZ_CP166677.1_cds_WP_054018804.1_2693",NA,"ABFT21_RS13615","DUF3138 family protein","WP_054018804.1"
"lcl_NZ_CP166677.1_cds_WP_054018805.1_2694",NA,"ABFT21_RS13620","ABC transporter permease","WP_054018805.1"
"lcl_NZ_CP166677.1_cds_WP_054018806.1_2695",NA,"ABFT21_RS13625","ABC transporter permease","WP_054018806.1"
"lcl_NZ_CP166677.1_cds_WP_054018807.1_2696",NA,"ABFT21_RS13630","ABC transporter ATP-binding protein","WP_054018807.1"
"lcl_NZ_CP166677.1_cds_WP_393937421.1_2697",NA,"ABFT21_RS13635","polyamine ABC transporter substrate-binding protein","WP_393937421.1"
"lcl_NZ_CP166677.1_cds_WP_054018809.1_2698",NA,"ABFT21_RS13640","aspartate aminotransferase family protein","WP_054018809.1"
"lcl_NZ_CP166677.1_cds_WP_054018810.1_2699",NA,"ABFT21_RS13645","glutamine synthetase family protein","WP_054018810.1"
"lcl_NZ_CP166677.1_cds_WP_054018863.1_2700",NA,"ABFT21_RS13650","gamma-glutamyl-gamma-aminobutyrate hydrolase family protein","WP_054018863.1"
"lcl_NZ_CP166677.1_cds_WP_054018811.1_2701",NA,"ABFT21_RS13655","NAD(P)/FAD-dependent oxidoreductase","WP_054018811.1"
"lcl_NZ_CP166677.1_cds_WP_054018864.1_2702","aptA","ABFT21_RS13660","omega-aminotransferase AptA","WP_054018864.1"
"lcl_NZ_CP166677.1_cds_WP_054018812.1_2703","speB","ABFT21_RS13665","agmatinase","WP_054018812.1"
"lcl_NZ_CP166677.1_cds_WP_054018813.1_2704",NA,"ABFT21_RS13670","type 1 glutamine amidotransferase","WP_054018813.1"
"lcl_NZ_CP166677.1_cds_WP_054018814.1_2705","aceA","ABFT21_RS13675","isocitrate lyase","WP_054018814.1"
"lcl_NZ_CP166677.1_cds_WP_054018815.1_2706",NA,"ABFT21_RS13680","iron-containing alcohol dehydrogenase","WP_054018815.1"
"lcl_NZ_CP166677.1_cds_WP_082367983.1_2707",NA,"ABFT21_RS13685","alpha/beta hydrolase","WP_082367983.1"
"lcl_NZ_CP166677.1_cds_WP_054018817.1_2708",NA,"ABFT21_RS13690","YbgC/FadM family acyl-CoA thioesterase","WP_054018817.1"
"lcl_NZ_CP166677.1_cds_WP_054018818.1_2709",NA,"ABFT21_RS13695","type II toxin-antitoxin system prevent-host-death family antitoxin","WP_054018818.1"
"lcl_NZ_CP166677.1_cds_WP_231638002.1_2710",NA,"ABFT21_RS13700","ATPase","WP_231638002.1"
"lcl_NZ_CP166677.1_cds_WP_054018820.1_2711",NA,"ABFT21_RS13705","NRDE family protein","WP_054018820.1"
"lcl_NZ_CP166677.1_cds_WP_054018821.1_2712",NA,"ABFT21_RS13710","DUF4936 family protein","WP_054018821.1"
"lcl_NZ_CP166677.1_cds_WP_054018822.1_2713","ygfZ","ABFT21_RS13715","CAF17-like 4Fe-4S cluster assembly/insertion protein YgfZ","WP_054018822.1"
"lcl_NZ_CP166677.1_cds_WP_082367985.1_2714","mltG","ABFT21_RS13720","endolytic transglycosylase MltG","WP_082367985.1"
"lcl_NZ_CP166677.1_cds_WP_054018823.1_2715","tmk","ABFT21_RS13725","dTMP kinase","WP_054018823.1"
"lcl_NZ_CP166677.1_cds_WP_054018824.1_2716",NA,"ABFT21_RS13730","hypothetical protein","WP_054018824.1"
"lcl_NZ_CP166677.1_cds_WP_082367987.1_2717",NA,"ABFT21_RS13735","PilZ domain-containing protein","WP_082367987.1"
"lcl_NZ_CP166677.1_cds_WP_054018825.1_2718",NA,"ABFT21_RS13740","TatD family hydrolase","WP_054018825.1"
"lcl_NZ_CP166677.1_cds_WP_082367988.1_2719",NA,"ABFT21_RS13745","ankyrin repeat domain-containing protein","WP_082367988.1"
"lcl_NZ_CP166677.1_cds_WP_054018867.1_2720",NA,"ABFT21_RS13750","hypothetical protein","WP_054018867.1"
"lcl_NZ_CP166677.1_cds_WP_054018827.1_2721",NA,"ABFT21_RS13755","DUF418 domain-containing protein","WP_054018827.1"
"lcl_NZ_CP166677.1_cds_WP_157548639.1_2722",NA,"ABFT21_RS13760","hypothetical protein","WP_157548639.1"
"lcl_NZ_CP166677.1_cds_WP_054018828.1_2723",NA,"ABFT21_RS13765","alpha/beta fold hydrolase","WP_054018828.1"
"lcl_NZ_CP166677.1_cds_WP_054018829.1_2724",NA,"ABFT21_RS13770","alpha/beta fold hydrolase","WP_054018829.1"
"lcl_NZ_CP166677.1_cds_WP_197284567.1_2725",NA,"ABFT21_RS13775","wax ester/triacylglycerol synthase family O-acyltransferase","WP_197284567.1"
"lcl_NZ_CP166677.1_cds_WP_054018830.1_2726",NA,"ABFT21_RS13780","phosphohydrolase","WP_054018830.1"
"lcl_NZ_CP166677.1_cds_WP_054018831.1_2727",NA,"ABFT21_RS13785","prolyl oligopeptidase family serine peptidase","WP_054018831.1"
"lcl_NZ_CP166677.1_cds_WP_054018832.1_2728","trxC","ABFT21_RS13790","thioredoxin TrxC","WP_054018832.1"
"lcl_NZ_CP166677.1_cds_WP_054018833.1_2729",NA,"ABFT21_RS13795","sigma-54 interaction domain-containing protein","WP_054018833.1"
"lcl_NZ_CP166677.1_cds_WP_054018834.1_2730",NA,"ABFT21_RS13800","YgaP family membrane protein","WP_054018834.1"
"lcl_NZ_CP166677.1_cds_WP_054018835.1_2731",NA,"ABFT21_RS13805","MBL fold metallo-hydrolase","WP_054018835.1"
"lcl_NZ_CP166677.1_cds_WP_054018836.1_2732",NA,"ABFT21_RS13810","bifunctional protein tyrosine phosphatase family protein/NAD(P)/FAD-dependent oxidoreductase","WP_054018836.1"
"lcl_NZ_CP166677.1_cds_WP_082367991.1_2733",NA,"ABFT21_RS13815","SulP family inorganic anion transporter","WP_082367991.1"
"lcl_NZ_CP166677.1_cds_WP_054018837.1_2734",NA,"ABFT21_RS13820","OsmC family protein","WP_054018837.1"
"lcl_NZ_CP166677.1_cds_WP_369691121.1_2735","ybiB","ABFT21_RS13825","DNA-binding protein YbiB","WP_369691121.1"
"lcl_NZ_CP166677.1_cds_WP_054018838.1_2736",NA,"ABFT21_RS13830","4-hydroxyphenylacetate 3-hydroxylase family protein","WP_054018838.1"
"lcl_NZ_CP166677.1_cds_WP_082367992.1_2737",NA,"ABFT21_RS13835","TetR/AcrR family transcriptional regulator","WP_082367992.1"
"lcl_NZ_CP166677.1_cds_WP_231638004.1_2738",NA,"ABFT21_RS13840","isochorismatase family protein","WP_231638004.1"
"lcl_NZ_CP166677.1_cds_WP_082367993.1_2739",NA,"ABFT21_RS13845","MFS transporter","WP_082367993.1"
"lcl_NZ_CP166677.1_cds_WP_157548645.1_2740",NA,"ABFT21_RS13850","hypothetical protein","WP_157548645.1"
"lcl_NZ_CP166677.1_cds_WP_054018840.1_2741",NA,"ABFT21_RS13855","hypothetical protein","WP_054018840.1"
"lcl_NZ_CP166677.1_cds_WP_082367994.1_2742",NA,"ABFT21_RS13860","putative bifunctional diguanylate cyclase/phosphodiesterase","WP_082367994.1"
"lcl_NZ_CP166677.1_cds_WP_082367995.1_2743",NA,"ABFT21_RS13865","PAS domain S-box protein","WP_082367995.1"
"lcl_NZ_CP166677.1_cds_WP_054018842.1_2744",NA,"ABFT21_RS13870","enoyl-CoA hydratase-related protein","WP_054018842.1"
"lcl_NZ_CP166677.1_cds_WP_054018843.1_2745","paaI","ABFT21_RS13875","hydroxyphenylacetyl-CoA thioesterase PaaI","WP_054018843.1"
"lcl_NZ_CP166677.1_cds_WP_054018844.1_2746","paaK","ABFT21_RS13880","phenylacetate--CoA ligase PaaK","WP_054018844.1"
"lcl_NZ_CP166677.1_cds_WP_054018845.1_2747","paaA","ABFT21_RS13885","1,2-phenylacetyl-CoA epoxidase subunit PaaA","WP_054018845.1"
"lcl_NZ_CP166677.1_cds_WP_054018846.1_2748","paaB","ABFT21_RS13890","1,2-phenylacetyl-CoA epoxidase subunit PaaB","WP_054018846.1"
"lcl_NZ_CP166677.1_cds_WP_054018847.1_2749","paaC","ABFT21_RS13895","1,2-phenylacetyl-CoA epoxidase subunit PaaC","WP_054018847.1"
"lcl_NZ_CP166677.1_cds_WP_054018872.1_2750","paaD","ABFT21_RS13900","1,2-phenylacetyl-CoA epoxidase subunit PaaD","WP_054018872.1"
"lcl_NZ_CP166677.1_cds_WP_054018848.1_2751",NA,"ABFT21_RS13905","2Fe-2S iron-sulfur cluster-binding protein","WP_054018848.1"
"lcl_NZ_CP166677.1_cds_WP_054018849.1_2752",NA,"ABFT21_RS13910","TetR/AcrR family transcriptional regulator","WP_054018849.1"
"lcl_NZ_CP166677.1_cds_WP_054018873.1_2753",NA,"ABFT21_RS13915","ABC transporter substrate-binding protein","WP_054018873.1"
"lcl_NZ_CP166677.1_cds_WP_054018850.1_2754",NA,"ABFT21_RS13920","BaiN/RdsA family NAD(P)/FAD-dependent oxidoreductase","WP_054018850.1"
"lcl_NZ_CP166677.1_cds_WP_054018851.1_2755","rpsU","ABFT21_RS13925","30S ribosomal protein S21","WP_054018851.1"
"lcl_NZ_CP166677.1_cds_WP_054018852.1_2756",NA,"ABFT21_RS13930","GatB/YqeY domain-containing protein","WP_054018852.1"
"lcl_NZ_CP166677.1_cds_WP_054018853.1_2757",NA,"ABFT21_RS13935","protein tyrosine phosphatase family protein","WP_054018853.1"
"lcl_NZ_CP166677.1_cds_WP_054018854.1_2758",NA,"ABFT21_RS13940","TRAP transporter small permease subunit","WP_054018854.1"
"lcl_NZ_CP166677.1_cds_WP_054018874.1_2759",NA,"ABFT21_RS13945","TRAP transporter large permease","WP_054018874.1"
"lcl_NZ_CP166677.1_cds_WP_054018855.1_2760",NA,"ABFT21_RS13950","TRAP transporter substrate-binding protein","WP_054018855.1"
"lcl_NZ_CP166677.1_cds_WP_054018856.1_2761",NA,"ABFT21_RS13955","TRAP transporter substrate-binding protein","WP_054018856.1"
"lcl_NZ_CP166677.1_cds_WP_054018857.1_2762","pmbA","ABFT21_RS13960","metalloprotease PmbA","WP_054018857.1"
"lcl_NZ_CP166677.1_cds_WP_082367997.1_2763","yjgA","ABFT21_RS13965","ribosome biogenesis factor YjgA","WP_082367997.1"
"lcl_NZ_CP166677.1_cds_WP_054018858.1_2764","mog","ABFT21_RS13970","molybdopterin adenylyltransferase","WP_054018858.1"
"lcl_NZ_CP166677.1_cds_WP_054018859.1_2765","dapA","ABFT21_RS13975","4-hydroxy-tetrahydrodipicolinate synthase","WP_054018859.1"
"lcl_NZ_CP166677.1_cds_WP_054018860.1_2766","cysE","ABFT21_RS13980","serine O-acetyltransferase","WP_054018860.1"
"lcl_NZ_CP166677.1_cds_WP_463938122.1_2767",NA,"ABFT21_RS13985","RNA methyltransferase","WP_463938122.1"
"lcl_NZ_CP166677.1_cds_WP_054019788.1_2768",NA,"ABFT21_RS13990","inositol monophosphatase family protein","WP_054019788.1"
"lcl_NZ_CP166677.1_cds_WP_054019787.1_2769","mutS","ABFT21_RS13995","DNA mismatch repair protein MutS","WP_054019787.1"
"lcl_NZ_CP166677.1_cds_WP_054019786.1_2770",NA,"ABFT21_RS14000","proteasome-type protease","WP_054019786.1"
"lcl_NZ_CP166677.1_cds_WP_054019785.1_2771",NA,"ABFT21_RS14005","MORN repeat-containing protein","WP_054019785.1"
"lcl_NZ_CP166677.1_cds_WP_054019784.1_2772",NA,"ABFT21_RS14010","hypothetical protein","WP_054019784.1"
"lcl_NZ_CP166677.1_cds_WP_054019783.1_2773",NA,"ABFT21_RS14015","alpha/beta fold hydrolase","WP_054019783.1"
"lcl_NZ_CP166677.1_cds_WP_054019782.1_2774",NA,"ABFT21_RS14020","CTP synthase","WP_054019782.1"
"lcl_NZ_CP166677.1_cds_WP_054019797.1_2775","kdsA","ABFT21_RS14025","3-deoxy-8-phosphooctulonate synthase","WP_054019797.1"
"lcl_NZ_CP166677.1_cds_WP_054019781.1_2776",NA,"ABFT21_RS14030","DUF1330 domain-containing protein","WP_054019781.1"
"lcl_NZ_CP166677.1_cds_WP_054019780.1_2777","eno","ABFT21_RS14035","phosphopyruvate hydratase","WP_054019780.1"
"lcl_NZ_CP166677.1_cds_WP_054019779.1_2778","ftsB","ABFT21_RS14040","cell division protein FtsB","WP_054019779.1"
"lcl_NZ_CP166677.1_cds_WP_054019778.1_2779","pnuC","ABFT21_RS14045","nicotinamide riboside transporter PnuC","WP_054019778.1"
"lcl_NZ_CP166677.1_cds_WP_082368179.1_2780",NA,"ABFT21_RS14050","AAA family ATPase","WP_082368179.1"
"lcl_NZ_CP166677.1_cds_WP_054019776.1_2781","arsB","ABFT21_RS14055","ACR3 family arsenite efflux transporter","WP_054019776.1"
"lcl_NZ_CP166677.1_cds_WP_054019775.1_2782",NA,"ABFT21_RS14060","ArsR/SmtB family transcription factor","WP_054019775.1"
"lcl_NZ_CP166677.1_cds_WP_054019796.1_2783","hslO","ABFT21_RS14065","Hsp33 family molecular chaperone HslO","WP_054019796.1"
"lcl_NZ_CP166677.1_cds_WP_054019774.1_2784",NA,"ABFT21_RS14070","gamma carbonic anhydrase family protein","WP_054019774.1"
"lcl_NZ_CP166677.1_cds_WP_054019773.1_2785",NA,"ABFT21_RS14075","ferritin-like domain-containing protein","WP_054019773.1"
"lcl_NZ_CP166677.1_cds_WP_054019772.1_2786",NA,"ABFT21_RS14080","basic amino acid ABC transporter substrate-binding protein","WP_054019772.1"
"lcl_NZ_CP166677.1_cds_WP_054019771.1_2787",NA,"ABFT21_RS14085","amino acid ABC transporter permease","WP_054019771.1"
"lcl_NZ_CP166677.1_cds_WP_054019770.1_2788",NA,"ABFT21_RS14090","porin","WP_054019770.1"
"lcl_NZ_CP166677.1_cds_WP_054019769.1_2789",NA,"ABFT21_RS14095","MarC family protein","WP_054019769.1"
"lcl_NZ_CP166677.1_cds_WP_054019768.1_2790",NA,"ABFT21_RS14100","mechanosensitive ion channel family protein","WP_054019768.1"
"lcl_NZ_CP166677.1_cds_WP_054019767.1_2791",NA,"ABFT21_RS14105","histone deacetylase family protein","WP_054019767.1"
"lcl_NZ_CP166677.1_cds_WP_054019766.1_2792",NA,"ABFT21_RS14110","AAA family ATPase","WP_054019766.1"
"lcl_NZ_CP166677.1_cds_WP_082368177.1_2793",NA,"ABFT21_RS14115","DUF58 domain-containing protein","WP_082368177.1"
"lcl_NZ_CP166677.1_cds_WP_231638081.1_2794",NA,"ABFT21_RS14120","transglutaminase TgpA family protein","WP_231638081.1"
"lcl_NZ_CP166677.1_cds_WP_082368174.1_2795","mltB","ABFT21_RS14125","lytic murein transglycosylase B","WP_082368174.1"
"lcl_NZ_CP166677.1_cds_WP_054019765.1_2796",NA,"ABFT21_RS14130","gamma-glutamylcyclotransferase","WP_054019765.1"
"lcl_NZ_CP166677.1_cds_WP_054019764.1_2797",NA,"ABFT21_RS14135","putative bifunctional diguanylate cyclase/phosphodiesterase","WP_054019764.1"
"lcl_NZ_CP166677.1_cds_WP_157548811.1_2798",NA,"ABFT21_RS14140","S8 family serine peptidase","WP_157548811.1"
"lcl_NZ_CP166677.1_cds_WP_054019792.1_2799",NA,"ABFT21_RS14145","nucleotidyltransferase family protein","WP_054019792.1"
"lcl_NZ_CP166677.1_cds_WP_054019762.1_2800","pdxH","ABFT21_RS14150","pyridoxamine 5'-phosphate oxidase","WP_054019762.1"
"lcl_NZ_CP166677.1_cds_WP_082368173.1_2801",NA,"ABFT21_RS14155","TonB-dependent receptor","WP_082368173.1"
"lcl_NZ_CP166677.1_cds_WP_054019761.1_2802",NA,"ABFT21_RS14160","hypothetical protein","WP_054019761.1"
"lcl_NZ_CP166677.1_cds_WP_054019760.1_2803","msrA","ABFT21_RS14165","peptide-methionine (S)-S-oxide reductase MsrA","WP_054019760.1"
"lcl_NZ_CP166677.1_cds_WP_082368172.1_2804",NA,"ABFT21_RS14170","TonB-dependent receptor family protein","WP_082368172.1"
"lcl_NZ_CP166677.1_cds_WP_231638080.1_2805",NA,"ABFT21_RS14175","c-type cytochrome","WP_231638080.1"
"lcl_NZ_CP166677.1_cds_WP_054019758.1_2806",NA,"ABFT21_RS14180","PQQ-dependent sugar dehydrogenase","WP_054019758.1"
"lcl_NZ_CP166677.1_cds_WP_231638079.1_2807",NA,"ABFT21_RS14185","YdcF family protein","WP_231638079.1"
"lcl_NZ_CP166677.1_cds_WP_197284616.1_2808",NA,"ABFT21_RS14190","GGDEF domain-containing protein","WP_197284616.1"
"lcl_NZ_CP166677.1_cds_WP_054019755.1_2809",NA,"ABFT21_RS14195","class II fumarate hydratase","WP_054019755.1"
"lcl_NZ_CP166677.1_cds_WP_054019754.1_2810",NA,"ABFT21_RS14200","response regulator","WP_054019754.1"
"lcl_NZ_CP166677.1_cds_WP_054022883.1_2811","nhaR","ABFT21_RS14205","transcriptional activator NhaR","WP_054022883.1"
"lcl_NZ_CP166677.1_cds_WP_463938123.1_2812",NA,"ABFT21_RS14210","Bax inhibitor-1 family protein","WP_463938123.1"
"lcl_NZ_CP166677.1_cds_WP_054022234.1_2813",NA,"ABFT21_RS14215","hypothetical protein","WP_054022234.1"
"lcl_NZ_CP166677.1_cds_WP_054022233.1_2814",NA,"ABFT21_RS14220","OmpA family protein","WP_054022233.1"
"lcl_NZ_CP166677.1_cds_WP_054022232.1_2815",NA,"ABFT21_RS14225","DUF4398 domain-containing protein","WP_054022232.1"
"lcl_NZ_CP166677.1_cds_WP_054022231.1_2816",NA,"ABFT21_RS14230","LysR family transcriptional regulator","WP_054022231.1"
"lcl_NZ_CP166677.1_cds_WP_054022230.1_2817",NA,"ABFT21_RS14235","haloacid dehalogenase type II","WP_054022230.1"
"lcl_NZ_CP166677.1_cds_WP_054022229.1_2818",NA,"ABFT21_RS14240","aldolase","WP_054022229.1"
"lcl_NZ_CP166677.1_cds_WP_054022228.1_2819",NA,"ABFT21_RS14245","peptidase U32 family protein","WP_054022228.1"
"lcl_NZ_CP166677.1_cds_WP_054022227.1_2820",NA,"ABFT21_RS14250","NAD-dependent epimerase/dehydratase family protein","WP_054022227.1"
"lcl_NZ_CP166677.1_cds_WP_054022226.1_2821",NA,"ABFT21_RS14255","LysR family transcriptional regulator","WP_054022226.1"
"lcl_NZ_CP166677.1_cds_WP_054022225.1_2822",NA,"ABFT21_RS14260","DNA-3-methyladenine glycosylase I","WP_054022225.1"
"lcl_NZ_CP166677.1_cds_WP_054022224.1_2823",NA,"ABFT21_RS14265","SlyX family protein","WP_054022224.1"
"lcl_NZ_CP166677.1_cds_WP_054022223.1_2824",NA,"ABFT21_RS14270","hypothetical protein","WP_054022223.1"
"lcl_NZ_CP166677.1_cds_WP_197284764.1_2825",NA,"ABFT21_RS14275","porin","WP_197284764.1"
"lcl_NZ_CP166677.1_cds_WP_054022221.1_2826",NA,"ABFT21_RS14280","alpha/beta fold hydrolase","WP_054022221.1"
"lcl_NZ_CP166677.1_cds_WP_054022220.1_2827",NA,"ABFT21_RS14285","alpha/beta fold hydrolase","WP_054022220.1"
"lcl_NZ_CP166677.1_cds_WP_054022219.1_2828",NA,"ABFT21_RS14290","NIPSNAP family protein","WP_054022219.1"
"lcl_NZ_CP166677.1_cds_WP_054022218.1_2829",NA,"ABFT21_RS14295","CDGSH iron-sulfur domain-containing protein","WP_054022218.1"
"lcl_NZ_CP166677.1_cds_WP_054022217.1_2830",NA,"ABFT21_RS14300","Bug family tripartite tricarboxylate transporter substrate binding protein","WP_054022217.1"
"lcl_NZ_CP166677.1_cds_WP_054022216.1_2831",NA,"ABFT21_RS14305","PDR/VanB family oxidoreductase","WP_054022216.1"
"lcl_NZ_CP166677.1_cds_WP_054022215.1_2832",NA,"ABFT21_RS14310","citryl-CoA lyase","WP_054022215.1"
"lcl_NZ_CP166677.1_cds_WP_054022214.1_2833",NA,"ABFT21_RS14315","CaiB/BaiF CoA transferase family protein","WP_054022214.1"
"lcl_NZ_CP166677.1_cds_WP_231638240.1_2834",NA,"ABFT21_RS14320","LysR substrate-binding domain-containing protein","WP_231638240.1"
"lcl_NZ_CP166677.1_cds_WP_231638239.1_2835",NA,"ABFT21_RS14325","GreA/GreB family elongation factor","WP_231638239.1"
"lcl_NZ_CP166677.1_cds_WP_054022212.1_2836",NA,"ABFT21_RS14330","MFS transporter","WP_054022212.1"
"lcl_NZ_CP166677.1_cds_WP_054022211.1_2837",NA,"ABFT21_RS14335","SDR family oxidoreductase","WP_054022211.1"
"lcl_NZ_CP166677.1_cds_WP_054022238.1_2838",NA,"ABFT21_RS14340","TetR/AcrR family transcriptional regulator","WP_054022238.1"
"lcl_NZ_CP166677.1_cds_WP_259375182.1_2839",NA,"ABFT21_RS14345","hypothetical protein","WP_259375182.1"
"lcl_NZ_CP166677.1_cds_WP_197284763.1_2840",NA,"ABFT21_RS14350","DJ-1/PfpI family protein","WP_197284763.1"
"lcl_NZ_CP166677.1_cds_WP_054022237.1_2841",NA,"ABFT21_RS14355","TonB-dependent siderophore receptor","WP_054022237.1"
"lcl_NZ_CP166677.1_cds_WP_197284762.1_2842",NA,"ABFT21_RS14360","DUF2946 domain-containing protein","WP_197284762.1"
"lcl_NZ_CP166677.1_cds_WP_054022209.1_2843",NA,"ABFT21_RS14365","HoxN/HupN/NixA family nickel/cobalt transporter","WP_054022209.1"
"lcl_NZ_CP166677.1_cds_WP_054022236.1_2844",NA,"ABFT21_RS14370","TonB-dependent receptor","WP_054022236.1"
"lcl_NZ_CP166677.1_cds_WP_054022208.1_2845",NA,"ABFT21_RS14375","hypothetical protein","WP_054022208.1"
"lcl_NZ_CP166677.1_cds_WP_054022207.1_2846",NA,"ABFT21_RS14380","putative toxin-antitoxin system toxin component, PIN family","WP_054022207.1"
"lcl_NZ_CP166677.1_cds_WP_054022206.1_2847",NA,"ABFT21_RS14385","LysR family transcriptional regulator","WP_054022206.1"
"lcl_NZ_CP166677.1_cds_WP_197284761.1_2848",NA,"ABFT21_RS14390","nuclear transport factor 2 family protein","WP_197284761.1"
"lcl_NZ_CP166677.1_cds_WP_197284760.1_2849",NA,"ABFT21_RS14395","SDR family oxidoreductase","WP_197284760.1"
"lcl_NZ_CP166677.1_cds_WP_054022203.1_2850","guaA","ABFT21_RS14400","glutamine-hydrolyzing GMP synthase","WP_054022203.1"
"lcl_NZ_CP166677.1_cds_WP_082368600.1_2851",NA,"ABFT21_RS14405","MFS transporter","WP_082368600.1"
"lcl_NZ_CP166677.1_cds_WP_054022202.1_2852","guaB","ABFT21_RS14410","IMP dehydrogenase","WP_054022202.1"
"lcl_NZ_CP166677.1_cds_WP_054022201.1_2853",NA,"ABFT21_RS14415","DUF4124 domain-containing protein","WP_054022201.1"
"lcl_NZ_CP166677.1_cds_WP_054022200.1_2854",NA,"ABFT21_RS14420","RnfH family protein","WP_054022200.1"
"lcl_NZ_CP166677.1_cds_WP_054022199.1_2855",NA,"ABFT21_RS14425","type II toxin-antitoxin system RatA family toxin","WP_054022199.1"
"lcl_NZ_CP166677.1_cds_WP_054022198.1_2856","smpB","ABFT21_RS14430","SsrA-binding protein SmpB","WP_054022198.1"
"lcl_NZ_CP166677.1_cds_WP_054022197.1_2857",NA,"ABFT21_RS14435","PLP-dependent transferase","WP_054022197.1"
"lcl_NZ_CP166677.1_cds_WP_054022196.1_2858","rimO","ABFT21_RS14440","30S ribosomal protein S12 methylthiotransferase RimO","WP_054022196.1"
"lcl_NZ_CP166677.1_cds_ABFT21_RS14445_2859",NA,"ABFT21_RS14445","recombinase family protein",NA
"lcl_NZ_CP166677.1_cds_WP_463938125.1_2860",NA,"ABFT21_RS14450","ISL3 family transposase","WP_463938125.1"
"lcl_NZ_CP166677.1_cds_WP_054022694.1_2861",NA,"ABFT21_RS14455","AAA family ATPase","WP_054022694.1"
"lcl_NZ_CP166677.1_cds_WP_082368696.1_2862",NA,"ABFT21_RS14460","hypothetical protein","WP_082368696.1"
"lcl_NZ_CP166677.1_cds_WP_480338356.1_2863",NA,"ABFT21_RS14465","IS1634 family transposase","WP_480338356.1"
"lcl_NZ_CP166677.1_cds_WP_082368625.1_2864","phaR","ABFT21_RS14470","polyhydroxyalkanoate synthesis repressor PhaR","WP_082368625.1"
"lcl_NZ_CP166677.1_cds_WP_054022323.1_2865","uvrB","ABFT21_RS14475","excinuclease ABC subunit UvrB","WP_054022323.1"
"lcl_NZ_CP166677.1_cds_WP_054022324.1_2866",NA,"ABFT21_RS14480","amino acid aminotransferase","WP_054022324.1"
"lcl_NZ_CP166677.1_cds_WP_054022325.1_2867",NA,"ABFT21_RS14485","polyhydroxyalkanoate depolymerase","WP_054022325.1"
"lcl_NZ_CP166677.1_cds_WP_054022326.1_2868",NA,"ABFT21_RS14490","RnfABCDGE type electron transport complex subunit B","WP_054022326.1"
"lcl_NZ_CP166677.1_cds_WP_054022327.1_2869","nth","ABFT21_RS14495","endonuclease III","WP_054022327.1"
"lcl_NZ_CP166677.1_cds_WP_054022328.1_2870",NA,"ABFT21_RS14500","hypothetical protein","WP_054022328.1"
"lcl_NZ_CP166677.1_cds_WP_054022373.1_2871",NA,"ABFT21_RS14505","B12-binding domain-containing radical SAM protein","WP_054022373.1"
"lcl_NZ_CP166677.1_cds_WP_054022329.1_2872",NA,"ABFT21_RS14510","DUF1161 domain-containing protein","WP_054022329.1"
"lcl_NZ_CP166677.1_cds_WP_054022330.1_2873",NA,"ABFT21_RS14515","hypothetical protein","WP_054022330.1"
"lcl_NZ_CP166677.1_cds_WP_054022331.1_2874",NA,"ABFT21_RS14520","cell division protein ZapA","WP_054022331.1"
"lcl_NZ_CP166677.1_cds_WP_054022332.1_2875",NA,"ABFT21_RS14525","EVE domain-containing protein","WP_054022332.1"
"lcl_NZ_CP166677.1_cds_WP_054022333.1_2876",NA,"ABFT21_RS14530","sulfite exporter TauE/SafE family protein","WP_054022333.1"
"lcl_NZ_CP166677.1_cds_WP_157549264.1_2877",NA,"ABFT21_RS14535","nucleotidyl cyclase domain-containing protein","WP_157549264.1"
"lcl_NZ_CP166677.1_cds_WP_054022335.1_2878","alaS","ABFT21_RS14540","alanine--tRNA ligase","WP_054022335.1"
"lcl_NZ_CP166677.1_cds_WP_054022336.1_2879",NA,"ABFT21_RS14545","GGDEF domain-containing protein","WP_054022336.1"
"lcl_NZ_CP166677.1_cds_WP_054022337.1_2880",NA,"ABFT21_RS14550","IclR family transcriptional regulator","WP_054022337.1"
"lcl_NZ_CP166677.1_cds_WP_054022374.1_2881",NA,"ABFT21_RS14555","serine hydrolase","WP_054022374.1"
"lcl_NZ_CP166677.1_cds_WP_054022338.1_2882",NA,"ABFT21_RS14560","2-isopropylmalate synthase","WP_054022338.1"
"lcl_NZ_CP166677.1_cds_WP_054022339.1_2883","leuA","ABFT21_RS14565","2-isopropylmalate synthase","WP_054022339.1"
"lcl_NZ_CP166677.1_cds_WP_054022340.1_2884","pssA","ABFT21_RS14570","CDP-diacylglycerol--serine O-phosphatidyltransferase","WP_054022340.1"
"lcl_NZ_CP166677.1_cds_WP_054022341.1_2885","ilvC","ABFT21_RS14575","ketol-acid reductoisomerase","WP_054022341.1"
"lcl_NZ_CP166677.1_cds_WP_054022342.1_2886","ilvN","ABFT21_RS14580","acetolactate synthase small subunit","WP_054022342.1"
"lcl_NZ_CP166677.1_cds_WP_054022343.1_2887",NA,"ABFT21_RS14585","acetolactate synthase 3 catalytic subunit","WP_054022343.1"
"lcl_NZ_CP166677.1_cds_WP_054022344.1_2888",NA,"ABFT21_RS14590","RNA polymerase sigma factor","WP_054022344.1"
"lcl_NZ_CP166677.1_cds_WP_197284767.1_2889",NA,"ABFT21_RS14595","DUF3619 family protein","WP_197284767.1"
"lcl_NZ_CP166677.1_cds_WP_054022345.1_2890",NA,"ABFT21_RS14600","DUF3106 domain-containing protein","WP_054022345.1"
"lcl_NZ_CP166677.1_cds_WP_054022376.1_2891",NA,"ABFT21_RS14605","RDD family protein","WP_054022376.1"
"lcl_NZ_CP166677.1_cds_WP_054022346.1_2892",NA,"ABFT21_RS14610","LOG family protein","WP_054022346.1"
"lcl_NZ_CP166677.1_cds_WP_054022347.1_2893",NA,"ABFT21_RS14615","P-II family nitrogen regulator","WP_054022347.1"
"lcl_NZ_CP166677.1_cds_WP_054022348.1_2894",NA,"ABFT21_RS14620","NAD+ synthase","WP_054022348.1"
"lcl_NZ_CP166677.1_cds_WP_054022349.1_2895",NA,"ABFT21_RS14625","GNAT family N-acetyltransferase","WP_054022349.1"
"lcl_NZ_CP166677.1_cds_WP_082368628.1_2896",NA,"ABFT21_RS14630","M16 family metallopeptidase","WP_082368628.1"
"lcl_NZ_CP166677.1_cds_WP_054022350.1_2897","ppa","ABFT21_RS14635","inorganic diphosphatase","WP_054022350.1"
"lcl_NZ_CP166677.1_cds_WP_082368629.1_2898",NA,"ABFT21_RS14640","sodium-translocating pyrophosphatase","WP_082368629.1"
"lcl_NZ_CP166677.1_cds_WP_305778304.1_2899",NA,"ABFT21_RS14645","N-acetylmuramoyl-L-alanine amidase","WP_305778304.1"
"lcl_NZ_CP166677.1_cds_WP_054022351.1_2900",NA,"ABFT21_RS14650","M14 family metallopeptidase","WP_054022351.1"
"lcl_NZ_CP166677.1_cds_WP_157549266.1_2901",NA,"ABFT21_RS14655","serine hydrolase","WP_157549266.1"
"lcl_NZ_CP166677.1_cds_WP_054022353.1_2902",NA,"ABFT21_RS14660","MFS transporter","WP_054022353.1"
"lcl_NZ_CP166677.1_cds_WP_054022354.1_2903",NA,"ABFT21_RS14665","TonB-dependent receptor","WP_054022354.1"
"lcl_NZ_CP166677.1_cds_WP_054022355.1_2904",NA,"ABFT21_RS14670","M15 family metallopeptidase","WP_054022355.1"
"lcl_NZ_CP166677.1_cds_WP_197284768.1_2905",NA,"ABFT21_RS14675","S66 peptidase family protein","WP_197284768.1"
"lcl_NZ_CP166677.1_cds_WP_054022356.1_2906","dacB","ABFT21_RS14680","D-alanyl-D-alanine carboxypeptidase/D-alanyl-D-alanine endopeptidase","WP_054022356.1"
"lcl_NZ_CP166677.1_cds_WP_054022357.1_2907",NA,"ABFT21_RS14685","ABC transporter ATP-binding protein","WP_054022357.1"
"lcl_NZ_CP166677.1_cds_WP_082368631.1_2908",NA,"ABFT21_RS14690","ABC transporter ATP-binding protein","WP_082368631.1"
"lcl_NZ_CP166677.1_cds_WP_231638249.1_2909",NA,"ABFT21_RS14695","ABC transporter permease","WP_231638249.1"
"lcl_NZ_CP166677.1_cds_WP_054022358.1_2910",NA,"ABFT21_RS14700","ABC transporter permease","WP_054022358.1"
"lcl_NZ_CP166677.1_cds_WP_054022359.1_2911",NA,"ABFT21_RS14705","ABC transporter substrate-binding protein","WP_054022359.1"
"lcl_NZ_CP166677.1_cds_WP_054022360.1_2912",NA,"ABFT21_RS14710","glycoside hydrolase family 10-like protein","WP_054022360.1"
"lcl_NZ_CP166677.1_cds_WP_054022361.1_2913",NA,"ABFT21_RS14715","Fic family protein","WP_054022361.1"
"lcl_NZ_CP166677.1_cds_WP_054022362.1_2914",NA,"ABFT21_RS14720","transglutaminase family protein","WP_054022362.1"
"lcl_NZ_CP166677.1_cds_WP_054022363.1_2915",NA,"ABFT21_RS14725","circularly permuted type 2 ATP-grasp protein","WP_054022363.1"
"lcl_NZ_CP166677.1_cds_WP_054022364.1_2916",NA,"ABFT21_RS14730","transglutaminase family protein","WP_054022364.1"
"lcl_NZ_CP166677.1_cds_WP_054022365.1_2917",NA,"ABFT21_RS14735","alpha-E domain-containing protein","WP_054022365.1"
"lcl_NZ_CP166677.1_cds_WP_054022366.1_2918",NA,"ABFT21_RS14740","circularly permuted type 2 ATP-grasp protein","WP_054022366.1"
"lcl_NZ_CP166677.1_cds_WP_054022367.1_2919",NA,"ABFT21_RS14745","DNA internalization-related competence protein ComEC/Rec2","WP_054022367.1"
"lcl_NZ_CP166677.1_cds_WP_054022368.1_2920",NA,"ABFT21_RS14750","RidA family protein","WP_054022368.1"
"lcl_NZ_CP166677.1_cds_WP_054022369.1_2921",NA,"ABFT21_RS14755","disulfide bond formation protein B","WP_054022369.1"
"lcl_NZ_CP166677.1_cds_WP_054022370.1_2922",NA,"ABFT21_RS14760","DUF1501 domain-containing protein","WP_054022370.1"
"lcl_NZ_CP166677.1_cds_WP_463938127.1_2923",NA,"ABFT21_RS14765","DUF1800 family protein","WP_463938127.1"
"lcl_NZ_CP166677.1_cds_WP_054022691.1_2924","parC","ABFT21_RS14770","DNA topoisomerase IV subunit A","WP_054022691.1"
"lcl_NZ_CP166677.1_cds_WP_054022690.1_2925",NA,"ABFT21_RS14775","cytochrome P450","WP_054022690.1"
"lcl_NZ_CP166677.1_cds_ABFT21_RS14780_2926",NA,"ABFT21_RS14780","IS1182 family transposase",NA
"lcl_NZ_CP166677.1_cds_WP_231638273.1_2927",NA,"ABFT21_RS14785","DUF6134 family protein","WP_231638273.1"
"lcl_NZ_CP166677.1_cds_WP_054022689.1_2928",NA,"ABFT21_RS14790","DUF1295 domain-containing protein","WP_054022689.1"
"lcl_NZ_CP166677.1_cds_WP_082368695.1_2929",NA,"ABFT21_RS14795","DUF2878 domain-containing protein","WP_082368695.1"
"lcl_NZ_CP166677.1_cds_WP_054022688.1_2930",NA,"ABFT21_RS14800","SAM-dependent methyltransferase","WP_054022688.1"
"lcl_NZ_CP166677.1_cds_WP_054021481.1_2931",NA,"ABFT21_RS14805","DNA topoisomerase IV subunit B","WP_054021481.1"
"lcl_NZ_CP166677.1_cds_WP_054021480.1_2932",NA,"ABFT21_RS14810","MFS transporter","WP_054021480.1"
"lcl_NZ_CP166677.1_cds_WP_054021479.1_2933",NA,"ABFT21_RS14815","hypothetical protein","WP_054021479.1"
"lcl_NZ_CP166677.1_cds_WP_054021478.1_2934",NA,"ABFT21_RS14820","class I SAM-dependent methyltransferase","WP_054021478.1"
"lcl_NZ_CP166677.1_cds_WP_054021477.1_2935","dapA","ABFT21_RS14825","4-hydroxy-tetrahydrodipicolinate synthase","WP_054021477.1"
"lcl_NZ_CP166677.1_cds_WP_231638192.1_2936","bamC","ABFT21_RS14830","outer membrane protein assembly factor BamC","WP_231638192.1"
"lcl_NZ_CP166677.1_cds_WP_054021483.1_2937",NA,"ABFT21_RS14835","MBL fold metallo-hydrolase","WP_054021483.1"
"lcl_NZ_CP166677.1_cds_WP_054021476.1_2938",NA,"ABFT21_RS14840","hypothetical protein","WP_054021476.1"
"lcl_NZ_CP166677.1_cds_WP_054021475.1_2939",NA,"ABFT21_RS14845","DUF7931 domain-containing protein","WP_054021475.1"
"lcl_NZ_CP166677.1_cds_WP_054021474.1_2940",NA,"ABFT21_RS14850","JmjC domain-containing protein","WP_054021474.1"
"lcl_NZ_CP166677.1_cds_WP_054021473.1_2941",NA,"ABFT21_RS14855","FKBP-type peptidyl-prolyl cis-trans isomerase","WP_054021473.1"
"lcl_NZ_CP166677.1_cds_WP_054021472.1_2942","dut","ABFT21_RS14860","dUTP diphosphatase","WP_054021472.1"
"lcl_NZ_CP166677.1_cds_WP_054021482.1_2943","coaBC","ABFT21_RS14865","bifunctional phosphopantothenoylcysteine decarboxylase/phosphopantothenate--cysteine ligase CoaBC","WP_054021482.1"
"lcl_NZ_CP166677.1_cds_WP_054021471.1_2944",NA,"ABFT21_RS14870","protein phosphatase CheZ","WP_054021471.1"
"lcl_NZ_CP166677.1_cds_WP_054021470.1_2945","cheY","ABFT21_RS14875","chemotaxis response regulator CheY","WP_054021470.1"
"lcl_NZ_CP166677.1_cds_WP_054021469.1_2946","motB","ABFT21_RS14880","flagellar motor protein MotB","WP_054021469.1"
"lcl_NZ_CP166677.1_cds_WP_054021468.1_2947","motA","ABFT21_RS14885","flagellar motor stator protein MotA","WP_054021468.1"
"lcl_NZ_CP166677.1_cds_WP_054021467.1_2948","flhC","ABFT21_RS14890","flagellar transcriptional regulator FlhC","WP_054021467.1"
"lcl_NZ_CP166677.1_cds_WP_054021466.1_2949","flhD","ABFT21_RS14895","flagellar transcriptional regulator FlhD","WP_054021466.1"
"lcl_NZ_CP166677.1_cds_WP_054021465.1_2950",NA,"ABFT21_RS14900","methyltransferase domain-containing protein","WP_054021465.1"
"lcl_NZ_CP166677.1_cds_WP_054021464.1_2951","glf","ABFT21_RS14905","UDP-galactopyranose mutase","WP_054021464.1"
"lcl_NZ_CP166677.1_cds_WP_054021463.1_2952",NA,"ABFT21_RS14910","DUF707 domain-containing protein","WP_054021463.1"
"lcl_NZ_CP166677.1_cds_ABFT21_RS14915_2953",NA,"ABFT21_RS14915","DegT/DnrJ/EryC1/StrS family aminotransferase",NA
"lcl_NZ_CP166677.1_cds_WP_054021462.1_2954",NA,"ABFT21_RS14920","acetyltransferase","WP_054021462.1"
"lcl_NZ_CP166677.1_cds_WP_054022081.1_2955",NA,"ABFT21_RS14925","TDP-N-acetylfucosamine:lipid II N-acetylfucosaminyltransferase family protein","WP_054022081.1"
"lcl_NZ_CP166677.1_cds_WP_054022082.1_2956",NA,"ABFT21_RS14930","glycosyltransferase family 2 protein","WP_054022082.1"
"lcl_NZ_CP166677.1_cds_WP_197284754.1_2957",NA,"ABFT21_RS14935","class I SAM-dependent methyltransferase","WP_197284754.1"
"lcl_NZ_CP166677.1_cds_WP_054022083.1_2958",NA,"ABFT21_RS14940","class I SAM-dependent methyltransferase","WP_054022083.1"
"lcl_NZ_CP166677.1_cds_WP_054022084.1_2959",NA,"ABFT21_RS14945","glycosyltransferase family 2 protein","WP_054022084.1"
"lcl_NZ_CP166677.1_cds_WP_157549214.1_2960",NA,"ABFT21_RS14950","glycosyltransferase family protein","WP_157549214.1"
"lcl_NZ_CP166677.1_cds_WP_054022086.1_2961",NA,"ABFT21_RS14955","O-linked N-acetylglucosamine transferase, SPINDLY family protein","WP_054022086.1"
"lcl_NZ_CP166677.1_cds_WP_054022087.1_2962",NA,"ABFT21_RS14960","glycosyltransferase","WP_054022087.1"
"lcl_NZ_CP166677.1_cds_WP_054022088.1_2963",NA,"ABFT21_RS14965","flagellin domain-containing protein","WP_054022088.1"
"lcl_NZ_CP166677.1_cds_WP_054022089.1_2964",NA,"ABFT21_RS14970","flagellin N-terminal helical domain-containing protein","WP_054022089.1"
"lcl_NZ_CP166677.1_cds_WP_054022090.1_2965","fliD","ABFT21_RS14975","flagellar filament capping protein FliD","WP_054022090.1"
"lcl_NZ_CP166677.1_cds_WP_197284755.1_2966","fliS","ABFT21_RS14980","flagellar export chaperone FliS","WP_197284755.1"
"lcl_NZ_CP166677.1_cds_WP_054022092.1_2967",NA,"ABFT21_RS14985","flagellar protein FliT","WP_054022092.1"
"lcl_NZ_CP166677.1_cds_WP_082368578.1_2968",NA,"ABFT21_RS14990","flagellar brake protein","WP_082368578.1"
"lcl_NZ_CP166677.1_cds_WP_082368579.1_2969","fliE","ABFT21_RS14995","flagellar hook-basal body complex protein FliE","WP_082368579.1"
"lcl_NZ_CP166677.1_cds_WP_054022093.1_2970","fliF","ABFT21_RS15000","flagellar basal-body MS-ring/collar protein FliF","WP_054022093.1"
"lcl_NZ_CP166677.1_cds_WP_054022094.1_2971","fliG","ABFT21_RS15005","flagellar motor switch protein FliG","WP_054022094.1"
"lcl_NZ_CP166677.1_cds_WP_082368580.1_2972",NA,"ABFT21_RS15010","FliH/SctL family protein","WP_082368580.1"
"lcl_NZ_CP166677.1_cds_WP_054022095.1_2973","fliI","ABFT21_RS15015","flagellar protein export ATPase FliI","WP_054022095.1"
"lcl_NZ_CP166677.1_cds_WP_054022096.1_2974","fliJ","ABFT21_RS15020","flagellar export protein FliJ","WP_054022096.1"
"lcl_NZ_CP166677.1_cds_WP_054022097.1_2975",NA,"ABFT21_RS15025","flagellar hook-length control protein FliK","WP_054022097.1"
"lcl_NZ_CP166677.1_cds_WP_054022098.1_2976",NA,"ABFT21_RS15030","flagellar basal body-associated FliL family protein","WP_054022098.1"
"lcl_NZ_CP166677.1_cds_WP_054022099.1_2977","fliM","ABFT21_RS15035","flagellar motor switch protein FliM","WP_054022099.1"
"lcl_NZ_CP166677.1_cds_WP_054022100.1_2978","fliN","ABFT21_RS15040","flagellar motor switch protein FliN","WP_054022100.1"
"lcl_NZ_CP166677.1_cds_WP_054022101.1_2979",NA,"ABFT21_RS15045","FliO/MopB family protein","WP_054022101.1"
"lcl_NZ_CP166677.1_cds_WP_054022102.1_2980","fliP","ABFT21_RS15050","flagellar type III secretion system pore protein FliP","WP_054022102.1"
"lcl_NZ_CP166677.1_cds_WP_054022103.1_2981","fliQ","ABFT21_RS15055","flagellar biosynthesis protein FliQ","WP_054022103.1"
"lcl_NZ_CP166677.1_cds_WP_054022104.1_2982","fliR","ABFT21_RS15060","flagellar biosynthetic protein FliR","WP_054022104.1"
"lcl_NZ_CP166677.1_cds_WP_231638229.1_2983",NA,"ABFT21_RS15065","TonB-dependent receptor","WP_231638229.1"
"lcl_NZ_CP166677.1_cds_WP_054022105.1_2984",NA,"ABFT21_RS15070","AEC family transporter","WP_054022105.1"
"lcl_NZ_CP166677.1_cds_WP_054022106.1_2985",NA,"ABFT21_RS15075","tripartite tricarboxylate transporter substrate binding protein BugE","WP_054022106.1"
"lcl_NZ_CP166677.1_cds_WP_259375180.1_2986","xerD","ABFT21_RS15080","site-specific tyrosine recombinase XerD","WP_259375180.1"
"lcl_NZ_CP166677.1_cds_WP_082368581.1_2987",NA,"ABFT21_RS15085","IclR family transcriptional regulator domain-containing protein","WP_082368581.1"
"lcl_NZ_CP166677.1_cds_WP_054022107.1_2988",NA,"ABFT21_RS15090","3-oxoacid CoA-transferase subunit A","WP_054022107.1"
"lcl_NZ_CP166677.1_cds_WP_054022108.1_2989",NA,"ABFT21_RS15095","3-oxoacid CoA-transferase subunit B","WP_054022108.1"
"lcl_NZ_CP166677.1_cds_WP_054022109.1_2990","pcaF","ABFT21_RS15100","3-oxoadipyl-CoA thiolase","WP_054022109.1"
"lcl_NZ_CP166677.1_cds_WP_054022140.1_2991","queG","ABFT21_RS15105","tRNA epoxyqueuosine(34) reductase QueG","WP_054022140.1"
"lcl_NZ_CP166677.1_cds_WP_082368582.1_2992","tsaE","ABFT21_RS15110","tRNA (adenosine(37)-N6)-threonylcarbamoyltransferase complex ATPase subunit type 1 TsaE","WP_082368582.1"
"lcl_NZ_CP166677.1_cds_WP_054022111.1_2993",NA,"ABFT21_RS15115","N-acetylmuramoyl-L-alanine amidase","WP_054022111.1"
"lcl_NZ_CP166677.1_cds_WP_054022112.1_2994",NA,"ABFT21_RS15120","hypothetical protein","WP_054022112.1"
"lcl_NZ_CP166677.1_cds_WP_054022113.1_2995",NA,"ABFT21_RS15125","DedA family protein","WP_054022113.1"
"lcl_NZ_CP166677.1_cds_WP_054022114.1_2996","mutL","ABFT21_RS15130","DNA mismatch repair endonuclease MutL","WP_054022114.1"
"lcl_NZ_CP166677.1_cds_WP_082368583.1_2997",NA,"ABFT21_RS15135","alpha/beta hydrolase","WP_082368583.1"
"lcl_NZ_CP166677.1_cds_WP_054022115.1_2998",NA,"ABFT21_RS15140","pseudouridine synthase","WP_054022115.1"
"lcl_NZ_CP166677.1_cds_WP_054022116.1_2999",NA,"ABFT21_RS15145","PA2778 family cysteine peptidase","WP_054022116.1"
"lcl_NZ_CP166677.1_cds_WP_054022117.1_3000",NA,"ABFT21_RS15150","YegP family protein","WP_054022117.1"
"lcl_NZ_CP166677.1_cds_WP_197284757.1_3001",NA,"ABFT21_RS15155","multidrug effflux MFS transporter","WP_197284757.1"
"lcl_NZ_CP166677.1_cds_WP_054022118.1_3002","miaA","ABFT21_RS15160","tRNA (adenosine(37)-N6)-dimethylallyltransferase MiaA","WP_054022118.1"
"lcl_NZ_CP166677.1_cds_WP_054022119.1_3003",NA,"ABFT21_RS15165","ABC transporter ATP-binding protein","WP_054022119.1"
"lcl_NZ_CP166677.1_cds_WP_054022120.1_3004",NA,"ABFT21_RS15170","B12-binding domain-containing radical SAM protein","WP_054022120.1"
"lcl_NZ_CP166677.1_cds_WP_054022121.1_3005",NA,"ABFT21_RS15175","hypothetical protein","WP_054022121.1"
"lcl_NZ_CP166677.1_cds_WP_054022122.1_3006",NA,"ABFT21_RS15180","hypothetical protein","WP_054022122.1"
"lcl_NZ_CP166677.1_cds_WP_054022123.1_3007",NA,"ABFT21_RS15185","PAAR domain-containing protein","WP_054022123.1"
"lcl_NZ_CP166677.1_cds_WP_054022124.1_3008",NA,"ABFT21_RS15190","class I SAM-dependent methyltransferase","WP_054022124.1"
"lcl_NZ_CP166677.1_cds_WP_439951453.1_3009",NA,"ABFT21_RS15195","FtsX-like permease family protein","WP_439951453.1"
"lcl_NZ_CP166677.1_cds_WP_054022125.1_3010",NA,"ABFT21_RS15200","VOC family protein","WP_054022125.1"
"lcl_NZ_CP166677.1_cds_WP_054022126.1_3011",NA,"ABFT21_RS15205","cupin domain-containing protein","WP_054022126.1"
"lcl_NZ_CP166677.1_cds_WP_054022127.1_3012",NA,"ABFT21_RS15210","histone deacetylase family protein","WP_054022127.1"
"lcl_NZ_CP166677.1_cds_WP_054022128.1_3013",NA,"ABFT21_RS15215","lipocalin-like domain-containing protein","WP_054022128.1"
"lcl_NZ_CP166677.1_cds_WP_054022129.1_3014",NA,"ABFT21_RS15220","SPFH domain-containing protein","WP_054022129.1"
"lcl_NZ_CP166677.1_cds_WP_054022130.1_3015",NA,"ABFT21_RS15225","type II toxin-antitoxin system antitoxin","WP_054022130.1"
"lcl_NZ_CP166677.1_cds_WP_054022131.1_3016","maiA","ABFT21_RS15230","maleylacetoacetate isomerase","WP_054022131.1"
"lcl_NZ_CP166677.1_cds_WP_054022132.1_3017",NA,"ABFT21_RS15235","fumarylacetoacetate hydrolase family protein","WP_054022132.1"
"lcl_NZ_CP166677.1_cds_WP_054022133.1_3018",NA,"ABFT21_RS15240","NUDIX hydrolase","WP_054022133.1"
"lcl_NZ_CP166677.1_cds_WP_231638231.1_3019",NA,"ABFT21_RS15245","type I secretion system permease/ATPase","WP_231638231.1"
"lcl_NZ_CP166677.1_cds_WP_480338380.1_3020",NA,"ABFT21_RS15250","HlyD family type I secretion periplasmic adaptor subunit","WP_480338380.1"
"lcl_NZ_CP166677.1_cds_WP_480338382.1_3021",NA,"ABFT21_RS15255","tandem-95 repeat protein","WP_480338382.1"
"lcl_NZ_CP166677.1_cds_WP_054022877.1_3022",NA,"ABFT21_RS15260","bifunctional diguanylate cyclase/phosphodiesterase","WP_054022877.1"
"lcl_NZ_CP166677.1_cds_WP_054022878.1_3023",NA,"ABFT21_RS15265","transglutaminase-like cysteine peptidase","WP_054022878.1"
"lcl_NZ_CP166677.1_cds_WP_463938129.1_3024",NA,"ABFT21_RS15270","TolC family outer membrane protein","WP_463938129.1"
"lcl_NZ_CP166677.1_cds_WP_054019737.1_3025","lpdA","ABFT21_RS15275","dihydrolipoyl dehydrogenase","WP_054019737.1"
"lcl_NZ_CP166677.1_cds_WP_054019753.1_3026","aceF","ABFT21_RS15280","dihydrolipoyllysine-residue acetyltransferase","WP_054019753.1"
"lcl_NZ_CP166677.1_cds_WP_054019736.1_3027","aceE","ABFT21_RS15285","pyruvate dehydrogenase (acetyl-transferring), homodimeric type","WP_054019736.1"
"lcl_NZ_CP166677.1_cds_WP_082368166.1_3028",NA,"ABFT21_RS15290","PAS domain-containing sensor histidine kinase","WP_082368166.1"
"lcl_NZ_CP166677.1_cds_WP_054019735.1_3029",NA,"ABFT21_RS15295","response regulator transcription factor","WP_054019735.1"
"lcl_NZ_CP166677.1_cds_WP_054019734.1_3030","folD","ABFT21_RS15300","bifunctional methylenetetrahydrofolate dehydrogenase/methenyltetrahydrofolate cyclohydrolase FolD","WP_054019734.1"
"lcl_NZ_CP166677.1_cds_WP_054019733.1_3031",NA,"ABFT21_RS15305","M3 family metallopeptidase","WP_054019733.1"
"lcl_NZ_CP166677.1_cds_WP_054019732.1_3032",NA,"ABFT21_RS15310","glutaredoxin family protein","WP_054019732.1"
"lcl_NZ_CP166677.1_cds_WP_054019731.1_3033",NA,"ABFT21_RS15315","MFS transporter","WP_054019731.1"
"lcl_NZ_CP166677.1_cds_WP_082368165.1_3034",NA,"ABFT21_RS15320","DNA recombination protein RmuC","WP_082368165.1"
"lcl_NZ_CP166677.1_cds_WP_054019729.1_3035",NA,"ABFT21_RS15325","2-hydroxyacid dehydrogenase","WP_054019729.1"
"lcl_NZ_CP166677.1_cds_WP_480338388.1_3036",NA,"ABFT21_RS15330","sodium:proton antiporter","WP_480338388.1"
"lcl_NZ_CP166677.1_cds_WP_054019751.1_3037",NA,"ABFT21_RS15335","nitroreductase","WP_054019751.1"
"lcl_NZ_CP166677.1_cds_WP_054019728.1_3038",NA,"ABFT21_RS15340","acyl-CoA thioesterase","WP_054019728.1"
"lcl_NZ_CP166677.1_cds_WP_054019727.1_3039",NA,"ABFT21_RS15345","histone deacetylase family protein","WP_054019727.1"
"lcl_NZ_CP166677.1_cds_WP_393938063.1_3040","phaP","ABFT21_RS15350","TIGR01841 family phasin","WP_393938063.1"
"lcl_NZ_CP166677.1_cds_WP_082368164.1_3041",NA,"ABFT21_RS15355","patatin-like phospholipase family protein","WP_082368164.1"
"lcl_NZ_CP166677.1_cds_WP_054019726.1_3042",NA,"ABFT21_RS15360","nitrite/sulfite reductase","WP_054019726.1"
"lcl_NZ_CP166677.1_cds_WP_082368163.1_3043",NA,"ABFT21_RS15365","DUF934 domain-containing protein","WP_082368163.1"
"lcl_NZ_CP166677.1_cds_WP_054019725.1_3044",NA,"ABFT21_RS15370","phosphoadenylyl-sulfate reductase","WP_054019725.1"
"lcl_NZ_CP166677.1_cds_WP_054019724.1_3045","cysD","ABFT21_RS15375","sulfate adenylyltransferase subunit CysD","WP_054019724.1"
"lcl_NZ_CP166677.1_cds_WP_054019723.1_3046",NA,"ABFT21_RS15380","sulfate adenylyltransferase subunit 1","WP_054019723.1"
"lcl_NZ_CP166677.1_cds_WP_054019722.1_3047","cobA","ABFT21_RS15385","uroporphyrinogen-III C-methyltransferase","WP_054019722.1"
"lcl_NZ_CP166677.1_cds_WP_054019721.1_3048","fdxA","ABFT21_RS15390","ferredoxin FdxA","WP_054019721.1"
"lcl_NZ_CP166677.1_cds_WP_054019720.1_3049",NA,"ABFT21_RS15395","NAD(P)/FAD-dependent oxidoreductase","WP_054019720.1"
"lcl_NZ_CP166677.1_cds_WP_082368161.1_3050",NA,"ABFT21_RS15400","TonB-dependent siderophore receptor","WP_082368161.1"
"lcl_NZ_CP166677.1_cds_WP_054019719.1_3051",NA,"ABFT21_RS15405","hypothetical protein","WP_054019719.1"
"lcl_NZ_CP166677.1_cds_WP_054019718.1_3052",NA,"ABFT21_RS15410","FeoA family protein","WP_054019718.1"
"lcl_NZ_CP166677.1_cds_WP_054019746.1_3053","feoB","ABFT21_RS15415","ferrous iron transport protein B","WP_054019746.1"
"lcl_NZ_CP166677.1_cds_WP_082368160.1_3054",NA,"ABFT21_RS15420","CaiB/BaiF CoA transferase family protein","WP_082368160.1"
"lcl_NZ_CP166677.1_cds_WP_054019717.1_3055",NA,"ABFT21_RS15425","CaiB/BaiF CoA transferase family protein","WP_054019717.1"
"lcl_NZ_CP166677.1_cds_WP_054019716.1_3056",NA,"ABFT21_RS15430","Bug family tripartite tricarboxylate transporter substrate binding protein","WP_054019716.1"
"lcl_NZ_CP166677.1_cds_WP_054019715.1_3057",NA,"ABFT21_RS15435","acyl-CoA dehydrogenase family protein","WP_054019715.1"
"lcl_NZ_CP166677.1_cds_WP_054019714.1_3058",NA,"ABFT21_RS15440","LysR substrate-binding domain-containing protein","WP_054019714.1"
"lcl_NZ_CP166677.1_cds_WP_054019713.1_3059",NA,"ABFT21_RS15450","aspartate kinase","WP_054019713.1"
"lcl_NZ_CP166677.1_cds_WP_054019712.1_3060","tilS","ABFT21_RS15455","tRNA lysidine(34) synthetase TilS","WP_054019712.1"
"lcl_NZ_CP166677.1_cds_WP_054019711.1_3061",NA,"ABFT21_RS15460","acetyl-CoA carboxylase carboxyltransferase subunit alpha","WP_054019711.1"
"lcl_NZ_CP166677.1_cds_WP_054019710.1_3062",NA,"ABFT21_RS15465","DNA-3-methyladenine glycosylase family protein","WP_054019710.1"
"lcl_NZ_CP166677.1_cds_WP_054019709.1_3063","cysS","ABFT21_RS15470","cysteine--tRNA ligase","WP_054019709.1"
"lcl_NZ_CP166677.1_cds_WP_054019708.1_3064",NA,"ABFT21_RS15475","peptidylprolyl isomerase","WP_054019708.1"
"lcl_NZ_CP166677.1_cds_WP_054019707.1_3065",NA,"ABFT21_RS15480","nuclear transport factor 2 family protein","WP_054019707.1"
"lcl_NZ_CP166677.1_cds_WP_054019706.1_3066",NA,"ABFT21_RS15485","L,D-transpeptidase Cds6 family protein","WP_054019706.1"
"lcl_NZ_CP166677.1_cds_WP_054019705.1_3067",NA,"ABFT21_RS15490","L,D-transpeptidase family protein","WP_054019705.1"
"lcl_NZ_CP166677.1_cds_WP_082368158.1_3068",NA,"ABFT21_RS15495","peptidylprolyl isomerase","WP_082368158.1"
"lcl_NZ_CP166677.1_cds_WP_082368157.1_3069",NA,"ABFT21_RS15500","UDP-2,3-diacylglucosamine diphosphatase","WP_082368157.1"
"lcl_NZ_CP166677.1_cds_WP_054019744.1_3070",NA,"ABFT21_RS15505","M90 family metallopeptidase","WP_054019744.1"
"lcl_NZ_CP166677.1_cds_WP_054019703.1_3071","clpA","ABFT21_RS15510","ATP-dependent Clp protease ATP-binding subunit ClpA","WP_054019703.1"
"lcl_NZ_CP166677.1_cds_WP_054019702.1_3072","clpS","ABFT21_RS15515","ATP-dependent Clp protease adapter ClpS","WP_054019702.1"
"lcl_NZ_CP166677.1_cds_WP_054019701.1_3073",NA,"ABFT21_RS15520","cold shock domain-containing protein","WP_054019701.1"
"lcl_NZ_CP166677.1_cds_WP_054019700.1_3074","rarD","ABFT21_RS15525","EamA family transporter RarD","WP_054019700.1"
"lcl_NZ_CP166677.1_cds_WP_054019699.1_3075",NA,"ABFT21_RS15530","HU family DNA-binding protein","WP_054019699.1"
"lcl_NZ_CP166677.1_cds_WP_082368156.1_3076",NA,"ABFT21_RS15535","efflux transporter outer membrane subunit","WP_082368156.1"
"lcl_NZ_CP166677.1_cds_WP_054019698.1_3077",NA,"ABFT21_RS15540","efflux RND transporter permease subunit","WP_054019698.1"
"lcl_NZ_CP166677.1_cds_WP_231638074.1_3078",NA,"ABFT21_RS15545","efflux RND transporter periplasmic adaptor subunit","WP_231638074.1"
"lcl_NZ_CP166677.1_cds_WP_054019697.1_3079",NA,"ABFT21_RS15550","ATP-binding protein","WP_054019697.1"
"lcl_NZ_CP166677.1_cds_WP_082368155.1_3080",NA,"ABFT21_RS15555","response regulator","WP_082368155.1"
"lcl_NZ_CP166677.1_cds_WP_054019696.1_3081",NA,"ABFT21_RS15560","NAD-dependent succinate-semialdehyde dehydrogenase","WP_054019696.1"
"lcl_NZ_CP166677.1_cds_WP_054019695.1_3082",NA,"ABFT21_RS15565","hypothetical protein","WP_054019695.1"
"lcl_NZ_CP166677.1_cds_WP_054019694.1_3083",NA,"ABFT21_RS15570","TonB-dependent receptor domain-containing protein","WP_054019694.1"
"lcl_NZ_CP166677.1_cds_WP_231638073.1_3084",NA,"ABFT21_RS15575","cobyrinic acid a,c-diamide synthase CobB","WP_231638073.1"
"lcl_NZ_CP166677.1_cds_WP_054019741.1_3085",NA,"ABFT21_RS15580","ABC transporter substrate-binding protein","WP_054019741.1"
"lcl_NZ_CP166677.1_cds_WP_082368152.1_3086",NA,"ABFT21_RS15585","FecCD family ABC transporter permease","WP_082368152.1"
"lcl_NZ_CP166677.1_cds_WP_082368151.1_3087",NA,"ABFT21_RS15590","ABC transporter ATP-binding protein","WP_082368151.1"
"lcl_NZ_CP166677.1_cds_WP_231638072.1_3088",NA,"ABFT21_RS15595","GntR family transcriptional regulator","WP_231638072.1"
"lcl_NZ_CP166677.1_cds_WP_054019692.1_3089",NA,"ABFT21_RS15600","TRAP transporter small permease","WP_054019692.1"
"lcl_NZ_CP166677.1_cds_WP_054019691.1_3090",NA,"ABFT21_RS15605","TRAP transporter large permease","WP_054019691.1"
"lcl_NZ_CP166677.1_cds_WP_054019690.1_3091",NA,"ABFT21_RS15610","TRAP transporter substrate-binding protein","WP_054019690.1"
"lcl_NZ_CP166677.1_cds_WP_054019689.1_3092",NA,"ABFT21_RS15615","dihydrodipicolinate synthase family protein","WP_054019689.1"
"lcl_NZ_CP166677.1_cds_WP_197284615.1_3093",NA,"ABFT21_RS15620","RNA polymerase sigma factor","WP_197284615.1"
"lcl_NZ_CP166677.1_cds_WP_054019687.1_3094",NA,"ABFT21_RS15625","RNA polymerase sigma factor","WP_054019687.1"
"lcl_NZ_CP166677.1_cds_WP_054019686.1_3095",NA,"ABFT21_RS15630","hypothetical protein","WP_054019686.1"
"lcl_NZ_CP166677.1_cds_WP_054019685.1_3096",NA,"ABFT21_RS15635","undecaprenyl-phosphate glucose phosphotransferase","WP_054019685.1"
"lcl_NZ_CP166677.1_cds_WP_054019684.1_3097",NA,"ABFT21_RS15640","hypothetical protein","WP_054019684.1"
"lcl_NZ_CP166677.1_cds_WP_054019683.1_3098",NA,"ABFT21_RS15645","tyrosine-protein phosphatase","WP_054019683.1"
"lcl_NZ_CP166677.1_cds_WP_054019682.1_3099",NA,"ABFT21_RS15650","GumC family protein","WP_054019682.1"
"lcl_NZ_CP166677.1_cds_WP_197284614.1_3100",NA,"ABFT21_RS15655","polysaccharide biosynthesis/export family protein","WP_197284614.1"
"lcl_NZ_CP166677.1_cds_WP_054019681.1_3101",NA,"ABFT21_RS15660","outer membrane beta-barrel protein","WP_054019681.1"
"lcl_NZ_CP166677.1_cds_WP_082368148.1_3102",NA,"ABFT21_RS15665","O-antigen ligase family protein","WP_082368148.1"
"lcl_NZ_CP166677.1_cds_WP_054019679.1_3103",NA,"ABFT21_RS15670","hypothetical protein","WP_054019679.1"
"lcl_NZ_CP166677.1_cds_WP_463938035.1_3104",NA,"ABFT21_RS15675","IS5 family transposase","WP_463938035.1"
"lcl_NZ_CP166677.1_cds_WP_082368757.1_3105",NA,"ABFT21_RS15680","glycosyltransferase family 4 protein","WP_082368757.1"
"lcl_NZ_CP166677.1_cds_WP_157549486.1_3106",NA,"ABFT21_RS15685","hypothetical protein","WP_157549486.1"
"lcl_NZ_CP166677.1_cds_WP_463938131.1_3107",NA,"ABFT21_RS15690","ISL3 family transposase","WP_463938131.1"
"lcl_NZ_CP166677.1_cds_WP_197284523.1_3108",NA,"ABFT21_RS15695","glycosyltransferase family 2 protein","WP_197284523.1"
"lcl_NZ_CP166677.1_cds_WP_082367783.1_3109",NA,"ABFT21_RS15700","glycosyltransferase family 2 protein","WP_082367783.1"
"lcl_NZ_CP166677.1_cds_WP_082367781.1_3110",NA,"ABFT21_RS15705","class I SAM-dependent methyltransferase","WP_082367781.1"
"lcl_NZ_CP166677.1_cds_WP_157548449.1_3111",NA,"ABFT21_RS15710","MATE family efflux transporter","WP_157548449.1"
"lcl_NZ_CP166677.1_cds_WP_157548446.1_3112",NA,"ABFT21_RS15715","hypothetical protein","WP_157548446.1"
"lcl_NZ_CP166677.1_cds_WP_157548443.1_3113",NA,"ABFT21_RS15720","glycosyltransferase","WP_157548443.1"
"lcl_NZ_CP166677.1_cds_WP_054018110.1_3114",NA,"ABFT21_RS15725","tetratricopeptide repeat protein","WP_054018110.1"
"lcl_NZ_CP166677.1_cds_WP_054018109.1_3115",NA,"ABFT21_RS15730","O-antigen ligase family protein","WP_054018109.1"
"lcl_NZ_CP166677.1_cds_WP_054018108.1_3116",NA,"ABFT21_RS15735","hypothetical protein","WP_054018108.1"
"lcl_NZ_CP166677.1_cds_WP_082367777.1_3117",NA,"ABFT21_RS15740","WcaI family glycosyltransferase","WP_082367777.1"
"lcl_NZ_CP166677.1_cds_WP_054018107.1_3118",NA,"ABFT21_RS15745","hypothetical protein","WP_054018107.1"
"lcl_NZ_CP166677.1_cds_WP_082367775.1_3119",NA,"ABFT21_RS15750","helical backbone metal receptor","WP_082367775.1"
"lcl_NZ_CP166677.1_cds_WP_054018106.1_3120",NA,"ABFT21_RS15755","ketopantoate reductase family protein","WP_054018106.1"
"lcl_NZ_CP166677.1_cds_WP_054018105.1_3121",NA,"ABFT21_RS15760","LysR family transcriptional regulator","WP_054018105.1"
"lcl_NZ_CP166677.1_cds_WP_054018104.1_3122",NA,"ABFT21_RS15765","PACE efflux transporter","WP_054018104.1"
"lcl_NZ_CP166677.1_cds_WP_463938132.1_3123",NA,"ABFT21_RS15770","methyl-accepting chemotaxis protein","WP_463938132.1"
"lcl_NZ_CP166677.1_cds_ABFT21_RS15775_3124",NA,"ABFT21_RS15775","CysB family HTH-type transcriptional regulator",NA
"lcl_NZ_CP166677.1_cds_WP_480338411.1_3125",NA,"ABFT21_RS15780","histidine phosphatase family protein","WP_480338411.1"
"lcl_NZ_CP166677.1_cds_WP_231638201.1_3126",NA,"ABFT21_RS15785","ABC transporter substrate-binding protein","WP_231638201.1"
"lcl_NZ_CP166677.1_cds_WP_082368493.1_3127",NA,"ABFT21_RS15790","ATP-binding protein","WP_082368493.1"
"lcl_NZ_CP166677.1_cds_WP_054021579.1_3128",NA,"ABFT21_RS15795","response regulator","WP_054021579.1"
"lcl_NZ_CP166677.1_cds_WP_054021580.1_3129",NA,"ABFT21_RS15800","response regulator","WP_054021580.1"
"lcl_NZ_CP166677.1_cds_WP_054021581.1_3130",NA,"ABFT21_RS15805","DUF202 domain-containing protein","WP_054021581.1"
"lcl_NZ_CP166677.1_cds_WP_054021582.1_3131",NA,"ABFT21_RS15810","YidH family protein","WP_054021582.1"
"lcl_NZ_CP166677.1_cds_WP_054022555.1_3132",NA,"ABFT21_RS15815","DUF3297 family protein","WP_054022555.1"
"lcl_NZ_CP166677.1_cds_WP_054022622.1_3133","crcB","ABFT21_RS15820","fluoride efflux transporter CrcB","WP_054022622.1"
"lcl_NZ_CP166677.1_cds_WP_054022556.1_3134",NA,"ABFT21_RS15825","DUF2946 family protein","WP_054022556.1"
"lcl_NZ_CP166677.1_cds_WP_082368665.1_3135",NA,"ABFT21_RS15830","TonB-dependent receptor","WP_082368665.1"
"lcl_NZ_CP166677.1_cds_WP_082368666.1_3136",NA,"ABFT21_RS15835","copper chaperone PCu(A)C domain-containing protein","WP_082368666.1"
"lcl_NZ_CP166677.1_cds_WP_082368667.1_3137",NA,"ABFT21_RS15840","DUF2894 domain-containing protein","WP_082368667.1"
"lcl_NZ_CP166677.1_cds_WP_054022625.1_3138",NA,"ABFT21_RS15845","OmpA family protein","WP_054022625.1"
"lcl_NZ_CP166677.1_cds_WP_054022558.1_3139",NA,"ABFT21_RS15850","DUF802 domain-containing protein","WP_054022558.1"
"lcl_NZ_CP166677.1_cds_WP_054022559.1_3140",NA,"ABFT21_RS15855","DUF3348 family protein","WP_054022559.1"
"lcl_NZ_CP166677.1_cds_WP_082368668.1_3141",NA,"ABFT21_RS15860","DUF3253 domain-containing protein","WP_082368668.1"
"lcl_NZ_CP166677.1_cds_WP_054022560.1_3142",NA,"ABFT21_RS15865","cryptochrome/photolyase family protein","WP_054022560.1"
"lcl_NZ_CP166677.1_cds_WP_439951456.1_3143",NA,"ABFT21_RS15870","DUF2256 domain-containing protein","WP_439951456.1"
"lcl_NZ_CP166677.1_cds_WP_054022561.1_3144",NA,"ABFT21_RS15875","ABC transporter ATP-binding protein","WP_054022561.1"
"lcl_NZ_CP166677.1_cds_WP_054022562.1_3145",NA,"ABFT21_RS15880","branched-chain amino acid ABC transporter permease","WP_054022562.1"
"lcl_NZ_CP166677.1_cds_WP_054022563.1_3146",NA,"ABFT21_RS15885","branched-chain amino acid ABC transporter permease","WP_054022563.1"
"lcl_NZ_CP166677.1_cds_WP_054022564.1_3147",NA,"ABFT21_RS15890","ABC transporter substrate-binding protein","WP_054022564.1"
"lcl_NZ_CP166677.1_cds_WP_054022565.1_3148",NA,"ABFT21_RS15895","ABC transporter ATP-binding protein","WP_054022565.1"
"lcl_NZ_CP166677.1_cds_WP_231638265.1_3149",NA,"ABFT21_RS15900","AMP-dependent synthetase/ligase","WP_231638265.1"
"lcl_NZ_CP166677.1_cds_WP_054022566.1_3150",NA,"ABFT21_RS15905","TetR/AcrR family transcriptional regulator","WP_054022566.1"
"lcl_NZ_CP166677.1_cds_WP_054022567.1_3151",NA,"ABFT21_RS15910","VOC family protein","WP_054022567.1"
"lcl_NZ_CP166677.1_cds_WP_054022568.1_3152",NA,"ABFT21_RS15915","flavin reductase family protein","WP_054022568.1"
"lcl_NZ_CP166677.1_cds_WP_054022569.1_3153",NA,"ABFT21_RS15920","PTS sugar transporter subunit IIA","WP_054022569.1"
"lcl_NZ_CP166677.1_cds_WP_054022570.1_3154",NA,"ABFT21_RS15925","sensor histidine kinase","WP_054022570.1"
"lcl_NZ_CP166677.1_cds_WP_480338418.1_3155",NA,"ABFT21_RS15930","response regulator","WP_480338418.1"
"lcl_NZ_CP166677.1_cds_WP_054022571.1_3156",NA,"ABFT21_RS15935","prolyl oligopeptidase family serine peptidase","WP_054022571.1"
"lcl_NZ_CP166677.1_cds_WP_054022572.1_3157",NA,"ABFT21_RS15940","hypothetical protein","WP_054022572.1"
"lcl_NZ_CP166677.1_cds_WP_054022573.1_3158","soxB","ABFT21_RS15945","thiosulfohydrolase SoxB","WP_054022573.1"
"lcl_NZ_CP166677.1_cds_WP_054022574.1_3159","soxX","ABFT21_RS15950","sulfur oxidation c-type cytochrome SoxX","WP_054022574.1"
"lcl_NZ_CP166677.1_cds_WP_054022575.1_3160","soxA","ABFT21_RS15955","sulfur oxidation c-type cytochrome SoxA","WP_054022575.1"
"lcl_NZ_CP166677.1_cds_WP_197284784.1_3161","soxZ","ABFT21_RS15960","thiosulfate oxidation carrier complex protein SoxZ","WP_197284784.1"
"lcl_NZ_CP166677.1_cds_WP_054022576.1_3162","soxY","ABFT21_RS15965","thiosulfate oxidation carrier protein SoxY","WP_054022576.1"
"lcl_NZ_CP166677.1_cds_WP_054022577.1_3163",NA,"ABFT21_RS15970","c-type cytochrome","WP_054022577.1"
"lcl_NZ_CP166677.1_cds_WP_439951457.1_3164","soxC","ABFT21_RS15975","sulfite dehydrogenase","WP_439951457.1"
"lcl_NZ_CP166677.1_cds_WP_054022579.1_3165",NA,"ABFT21_RS15980","DsrE family protein","WP_054022579.1"
"lcl_NZ_CP166677.1_cds_WP_054022580.1_3166",NA,"ABFT21_RS15985","ArsR/SmtB family transcription factor","WP_054022580.1"
"lcl_NZ_CP166677.1_cds_WP_054022581.1_3167",NA,"ABFT21_RS15990","c-type cytochrome","WP_054022581.1"
"lcl_NZ_CP166677.1_cds_WP_082368672.1_3168",NA,"ABFT21_RS15995","MBL fold metallo-hydrolase","WP_082368672.1"
"lcl_NZ_CP166677.1_cds_WP_054022582.1_3169",NA,"ABFT21_RS16000","c-type cytochrome","WP_054022582.1"
"lcl_NZ_CP166677.1_cds_WP_082368681.1_3170",NA,"ABFT21_RS16005","FCSD flavin-binding domain-containing protein","WP_082368681.1"
"lcl_NZ_CP166677.1_cds_WP_054022584.1_3171",NA,"ABFT21_RS16010","hypothetical protein","WP_054022584.1"
"lcl_NZ_CP166677.1_cds_WP_054022585.1_3172",NA,"ABFT21_RS16015","putative bifunctional diguanylate cyclase/phosphodiesterase","WP_054022585.1"
"lcl_NZ_CP166677.1_cds_WP_054022586.1_3173",NA,"ABFT21_RS16020","hypothetical protein","WP_054022586.1"
"lcl_NZ_CP166677.1_cds_WP_197284785.1_3174",NA,"ABFT21_RS16025","ATP-binding protein","WP_197284785.1"
"lcl_NZ_CP166677.1_cds_WP_054022588.1_3175",NA,"ABFT21_RS16030","MgtC/SapB family protein","WP_054022588.1"
"lcl_NZ_CP166677.1_cds_WP_054022589.1_3176",NA,"ABFT21_RS16035","catalase","WP_054022589.1"
"lcl_NZ_CP166677.1_cds_WP_054022590.1_3177",NA,"ABFT21_RS16040","zinc-dependent alcohol dehydrogenase","WP_054022590.1"
"lcl_NZ_CP166677.1_cds_WP_054022591.1_3178",NA,"ABFT21_RS16045","hypothetical protein","WP_054022591.1"
"lcl_NZ_CP166677.1_cds_WP_157549335.1_3179",NA,"ABFT21_RS16050","hypothetical protein","WP_157549335.1"
"lcl_NZ_CP166677.1_cds_WP_054022593.1_3180",NA,"ABFT21_RS16055","response regulator","WP_054022593.1"
"lcl_NZ_CP166677.1_cds_WP_054022594.1_3181",NA,"ABFT21_RS16060","hypothetical protein","WP_054022594.1"
"lcl_NZ_CP166677.1_cds_WP_054022595.1_3182",NA,"ABFT21_RS16065","SDR family oxidoreductase","WP_054022595.1"
"lcl_NZ_CP166677.1_cds_WP_054022596.1_3183",NA,"ABFT21_RS16070","hypothetical protein","WP_054022596.1"
"lcl_NZ_CP166677.1_cds_WP_054022597.1_3184",NA,"ABFT21_RS16075","DUF6496 domain-containing protein","WP_054022597.1"
"lcl_NZ_CP166677.1_cds_WP_054022598.1_3185",NA,"ABFT21_RS16080","hypothetical protein","WP_054022598.1"
"lcl_NZ_CP166677.1_cds_WP_054022599.1_3186",NA,"ABFT21_RS16085","hypothetical protein","WP_054022599.1"
"lcl_NZ_CP166677.1_cds_WP_054022600.1_3187",NA,"ABFT21_RS16090","SDR family oxidoreductase","WP_054022600.1"
"lcl_NZ_CP166677.1_cds_WP_082368675.1_3188",NA,"ABFT21_RS16095","DUF2269 family protein","WP_082368675.1"
"lcl_NZ_CP166677.1_cds_WP_054022601.1_3189",NA,"ABFT21_RS16100","CBS domain-containing protein","WP_054022601.1"
"lcl_NZ_CP166677.1_cds_WP_054022602.1_3190",NA,"ABFT21_RS16105","hypothetical protein","WP_054022602.1"
"lcl_NZ_CP166677.1_cds_WP_054022603.1_3191","rpoN","ABFT21_RS16110","RNA polymerase factor sigma-54","WP_054022603.1"
"lcl_NZ_CP166677.1_cds_WP_054022604.1_3192",NA,"ABFT21_RS16115","hemerythrin domain-containing protein","WP_054022604.1"
"lcl_NZ_CP166677.1_cds_WP_054022605.1_3193",NA,"ABFT21_RS16120","putative bifunctional diguanylate cyclase/phosphodiesterase","WP_054022605.1"
"lcl_NZ_CP166677.1_cds_WP_054022606.1_3194",NA,"ABFT21_RS16125","demethoxyubiquinone hydroxylase family protein","WP_054022606.1"
"lcl_NZ_CP166677.1_cds_WP_054022607.1_3195",NA,"ABFT21_RS16130","heavy metal translocating P-type ATPase","WP_054022607.1"
"lcl_NZ_CP166677.1_cds_WP_054022608.1_3196",NA,"ABFT21_RS16135","hypothetical protein","WP_054022608.1"
"lcl_NZ_CP166677.1_cds_WP_054022609.1_3197","cadR","ABFT21_RS16140","Cd(II)/Pb(II)-responsive transcriptional regulator","WP_054022609.1"
"lcl_NZ_CP166677.1_cds_WP_054022610.1_3198",NA,"ABFT21_RS16145","hypothetical protein","WP_054022610.1"
"lcl_NZ_CP166677.1_cds_WP_054022611.1_3199",NA,"ABFT21_RS16150","TolC family protein","WP_054022611.1"
"lcl_NZ_CP166677.1_cds_WP_054022612.1_3200",NA,"ABFT21_RS16155","hypothetical protein","WP_054022612.1"
"lcl_NZ_CP166677.1_cds_WP_054022613.1_3201",NA,"ABFT21_RS16160","efflux RND transporter periplasmic adaptor subunit","WP_054022613.1"
"lcl_NZ_CP166677.1_cds_WP_054022614.1_3202",NA,"ABFT21_RS16165","efflux RND transporter permease subunit","WP_054022614.1"
"lcl_NZ_CP166677.1_cds_WP_054022615.1_3203",NA,"ABFT21_RS16170","hypothetical protein","WP_054022615.1"
"lcl_NZ_CP166677.1_cds_WP_054022616.1_3204",NA,"ABFT21_RS16175","cation diffusion facilitator family transporter","WP_054022616.1"
"lcl_NZ_CP166677.1_cds_WP_054022617.1_3205",NA,"ABFT21_RS16180","sensor histidine kinase","WP_054022617.1"
"lcl_NZ_CP166677.1_cds_WP_054022618.1_3206",NA,"ABFT21_RS16185","response regulator","WP_054022618.1"
"lcl_NZ_CP166677.1_cds_WP_054022619.1_3207",NA,"ABFT21_RS16190","PepSY domain-containing protein","WP_054022619.1"
"lcl_NZ_CP166677.1_cds_WP_054022620.1_3208",NA,"ABFT21_RS16195","DUF1924 domain-containing protein","WP_054022620.1"
"lcl_NZ_CP166677.1_cds_WP_054022621.1_3209",NA,"ABFT21_RS16200","diheme cytochrome c","WP_054022621.1"
"lcl_NZ_CP166677.1_cds_WP_082368678.1_3210",NA,"ABFT21_RS16205","cytochrome b/b6 domain-containing protein","WP_082368678.1"
"lcl_NZ_CP166677.1_cds_WP_463938162.1_3211",NA,"ABFT21_RS16210","IS110 family RNA-guided transposase","WP_463938162.1"
"lcl_NZ_CP166677.1_cds_WP_054018197.1_3212",NA,"ABFT21_RS16215","ABC transporter ATP-binding protein","WP_054018197.1"
"lcl_NZ_CP166677.1_cds_WP_231637963.1_3213",NA,"ABFT21_RS16220","ABC transporter ATP-binding protein","WP_231637963.1"
"lcl_NZ_CP166677.1_cds_WP_054018199.1_3214",NA,"ABFT21_RS16225","branched-chain amino acid ABC transporter permease","WP_054018199.1"
"lcl_NZ_CP166677.1_cds_WP_054018200.1_3215",NA,"ABFT21_RS16230","branched-chain amino acid ABC transporter permease","WP_054018200.1"
"lcl_NZ_CP166677.1_cds_WP_054018201.1_3216",NA,"ABFT21_RS16235","branched-chain amino acid ABC transporter substrate-binding protein","WP_054018201.1"
"lcl_NZ_CP166677.1_cds_WP_054018202.1_3217",NA,"ABFT21_RS16240","SDR family oxidoreductase","WP_054018202.1"
"lcl_NZ_CP166677.1_cds_WP_054018203.1_3218",NA,"ABFT21_RS16245","helix-turn-helix domain-containing protein","WP_054018203.1"
"lcl_NZ_CP166677.1_cds_WP_082367813.1_3219",NA,"ABFT21_RS16250","tannase/feruloyl esterase family alpha/beta hydrolase","WP_082367813.1"
"lcl_NZ_CP166677.1_cds_WP_082367814.1_3220",NA,"ABFT21_RS16255","carboxylesterase/lipase family protein","WP_082367814.1"
"lcl_NZ_CP166677.1_cds_WP_054018204.1_3221",NA,"ABFT21_RS16260","Bug family tripartite tricarboxylate transporter substrate binding protein","WP_054018204.1"
"lcl_NZ_CP166677.1_cds_WP_054018205.1_3222",NA,"ABFT21_RS16265","DUF1254 domain-containing protein","WP_054018205.1"
"lcl_NZ_CP166677.1_cds_WP_054018206.1_3223",NA,"ABFT21_RS16270","CaiB/BaiF CoA transferase family protein","WP_054018206.1"
"lcl_NZ_CP166677.1_cds_WP_054018207.1_3224",NA,"ABFT21_RS16275","LysR family transcriptional regulator","WP_054018207.1"
"lcl_NZ_CP166677.1_cds_WP_054018208.1_3225",NA,"ABFT21_RS16280","NAD(P)-dependent alcohol dehydrogenase","WP_054018208.1"
"lcl_NZ_CP166677.1_cds_WP_054018209.1_3226",NA,"ABFT21_RS16285","LysR family transcriptional regulator","WP_054018209.1"
"lcl_NZ_CP166677.1_cds_WP_054018210.1_3227",NA,"ABFT21_RS16290","aldo/keto reductase","WP_054018210.1"
"lcl_NZ_CP166677.1_cds_WP_054018211.1_3228",NA,"ABFT21_RS16295","efflux transporter outer membrane subunit","WP_054018211.1"
"lcl_NZ_CP166677.1_cds_WP_054018212.1_3229",NA,"ABFT21_RS16300","efflux RND transporter permease subunit","WP_054018212.1"
"lcl_NZ_CP166677.1_cds_WP_054018213.1_3230",NA,"ABFT21_RS16305","efflux RND transporter periplasmic adaptor subunit","WP_054018213.1"
"lcl_NZ_CP166677.1_cds_WP_082367815.1_3231",NA,"ABFT21_RS16310","TetR/AcrR family transcriptional regulator","WP_082367815.1"
"lcl_NZ_CP166677.1_cds_WP_305778291.1_3232",NA,"ABFT21_RS16315","methyl-accepting chemotaxis protein","WP_305778291.1"
"lcl_NZ_CP166677.1_cds_WP_054018214.1_3233",NA,"ABFT21_RS16320","LysR family transcriptional regulator","WP_054018214.1"
"lcl_NZ_CP166677.1_cds_WP_054018215.1_3234",NA,"ABFT21_RS16325","alpha/beta fold hydrolase","WP_054018215.1"
"lcl_NZ_CP166677.1_cds_WP_054018216.1_3235",NA,"ABFT21_RS16330","TRAP transporter large permease","WP_054018216.1"
"lcl_NZ_CP166677.1_cds_WP_054018217.1_3236",NA,"ABFT21_RS16335","TRAP transporter small permease","WP_054018217.1"
"lcl_NZ_CP166677.1_cds_WP_054018218.1_3237","dctP","ABFT21_RS16340","TRAP transporter substrate-binding protein DctP","WP_054018218.1"
"lcl_NZ_CP166677.1_cds_WP_082367818.1_3238","cuyA","ABFT21_RS16345","D-cysteate sulfo-lyase","WP_082367818.1"
"lcl_NZ_CP166677.1_cds_WP_054018219.1_3239",NA,"ABFT21_RS16350","LacI family DNA-binding transcriptional regulator","WP_054018219.1"
"lcl_NZ_CP166677.1_cds_WP_054018220.1_3240","ptsP","ABFT21_RS16355","phosphoenolpyruvate--protein phosphotransferase","WP_054018220.1"
"lcl_NZ_CP166677.1_cds_WP_054018221.1_3241",NA,"ABFT21_RS16360","1-phosphofructokinase family hexose kinase","WP_054018221.1"
"lcl_NZ_CP166677.1_cds_WP_054018222.1_3242",NA,"ABFT21_RS16365","PTS fructose transporter subunit IIC","WP_054018222.1"
"lcl_NZ_CP166677.1_cds_WP_054018223.1_3243",NA,"ABFT21_RS16370","tripartite tricarboxylate transporter substrate-binding protein","WP_054018223.1"
"lcl_NZ_CP166677.1_cds_WP_054018224.1_3244",NA,"ABFT21_RS16375","sulfatase family protein","WP_054018224.1"
"lcl_NZ_CP166677.1_cds_WP_054018225.1_3245",NA,"ABFT21_RS16380","MarR family winged helix-turn-helix transcriptional regulator","WP_054018225.1"
"lcl_NZ_CP166677.1_cds_WP_054018226.1_3246",NA,"ABFT21_RS16385","tannase/feruloyl esterase family alpha/beta hydrolase","WP_054018226.1"
"lcl_NZ_CP166677.1_cds_WP_054018416.1_3247",NA,"ABFT21_RS16390","ArsR/SmtB family transcription factor","WP_054018416.1"
"lcl_NZ_CP166677.1_cds_WP_054018227.1_3248",NA,"ABFT21_RS16395","SRPBCC family protein","WP_054018227.1"
"lcl_NZ_CP166677.1_cds_WP_054018417.1_3249","garD","ABFT21_RS16400","galactarate dehydratase","WP_054018417.1"
"lcl_NZ_CP166677.1_cds_WP_054018228.1_3250",NA,"ABFT21_RS16405","Bug family tripartite tricarboxylate transporter substrate binding protein","WP_054018228.1"
"lcl_NZ_CP166677.1_cds_WP_054018229.1_3251",NA,"ABFT21_RS16410","L-talarate/galactarate dehydratase","WP_054018229.1"
"lcl_NZ_CP166677.1_cds_WP_054018230.1_3252",NA,"ABFT21_RS16415","LacI family DNA-binding transcriptional regulator","WP_054018230.1"
"lcl_NZ_CP166677.1_cds_WP_054018231.1_3253",NA,"ABFT21_RS16420","type II toxin-antitoxin system VapC family toxin","WP_054018231.1"
"lcl_NZ_CP166677.1_cds_WP_197284528.1_3254",NA,"ABFT21_RS16425","antitoxin","WP_197284528.1"
"lcl_NZ_CP166677.1_cds_WP_157548482.1_3255",NA,"ABFT21_RS16430","SGNH/GDSL hydrolase family protein","WP_157548482.1"
"lcl_NZ_CP166677.1_cds_WP_054018233.1_3256",NA,"ABFT21_RS16435","flavin-containing monooxygenase","WP_054018233.1"
"lcl_NZ_CP166677.1_cds_WP_054018234.1_3257",NA,"ABFT21_RS16440","TauD/TfdA family dioxygenase","WP_054018234.1"
"lcl_NZ_CP166677.1_cds_WP_197284530.1_3258",NA,"ABFT21_RS16445","ABC transporter substrate-binding protein","WP_197284530.1"
"lcl_NZ_CP166677.1_cds_WP_054018236.1_3259",NA,"ABFT21_RS16450","acetoacetate--CoA ligase","WP_054018236.1"
"lcl_NZ_CP166677.1_cds_WP_082367824.1_3260",NA,"ABFT21_RS16455","CoA-transferase","WP_082367824.1"
"lcl_NZ_CP166677.1_cds_WP_054018237.1_3261",NA,"ABFT21_RS16460","CoA transferase subunit A","WP_054018237.1"
"lcl_NZ_CP166677.1_cds_WP_054018238.1_3262",NA,"ABFT21_RS16465","aminotransferase-like domain-containing protein","WP_054018238.1"
"lcl_NZ_CP166677.1_cds_WP_197284531.1_3263",NA,"ABFT21_RS16470","tripartite tricarboxylate transporter substrate binding protein","WP_197284531.1"
"lcl_NZ_CP166677.1_cds_ABFT21_RS16475_3264",NA,"ABFT21_RS16475","M24 family metallopeptidase",NA
"lcl_NZ_CP166677.1_cds_WP_231637964.1_3265",NA,"ABFT21_RS16480","hypothetical protein","WP_231637964.1"
"lcl_NZ_CP166677.1_cds_ABFT21_RS16485_3266",NA,"ABFT21_RS16485","IS3 family transposase",NA
"lcl_NZ_CP166677.1_cds_WP_054018243.1_3267",NA,"ABFT21_RS16490","type II toxin-antitoxin system VapC family toxin","WP_054018243.1"
"lcl_NZ_CP166677.1_cds_WP_054018244.1_3268",NA,"ABFT21_RS16495","antitoxin","WP_054018244.1"
"lcl_NZ_CP166677.1_cds_WP_054018245.1_3269",NA,"ABFT21_RS16500","helix-turn-helix domain-containing protein","WP_054018245.1"
"lcl_NZ_CP166677.1_cds_WP_369691113.1_3270",NA,"ABFT21_RS16505","CFI-box-CTERM domain-containing protein","WP_369691113.1"
"lcl_NZ_CP166677.1_cds_WP_054018247.1_3271",NA,"ABFT21_RS16510","hypothetical protein","WP_054018247.1"
"lcl_NZ_CP166677.1_cds_WP_054018248.1_3272",NA,"ABFT21_RS16515","PRTRC system protein D","WP_054018248.1"
"lcl_NZ_CP166677.1_cds_WP_082367830.1_3273",NA,"ABFT21_RS16520","phage integrase N-terminal domain-containing protein","WP_082367830.1"
"lcl_NZ_CP166677.1_cds_WP_054018249.1_3274",NA,"ABFT21_RS16525","ParB/RepB/Spo0J family partition protein","WP_054018249.1"
"lcl_NZ_CP166677.1_cds_WP_054018250.1_3275",NA,"ABFT21_RS16530","helix-turn-helix domain-containing protein","WP_054018250.1"
"lcl_NZ_CP166677.1_cds_WP_157548488.1_3276",NA,"ABFT21_RS16535","hypothetical protein","WP_157548488.1"
"lcl_NZ_CP166677.1_cds_WP_054018252.1_3277",NA,"ABFT21_RS16540","hypothetical protein","WP_054018252.1"
"lcl_NZ_CP166677.1_cds_WP_054018420.1_3278",NA,"ABFT21_RS16545","hypothetical protein","WP_054018420.1"
"lcl_NZ_CP166677.1_cds_WP_054018253.1_3279",NA,"ABFT21_RS16550","hypothetical protein","WP_054018253.1"
"lcl_NZ_CP166677.1_cds_WP_054018254.1_3280",NA,"ABFT21_RS16555","hypothetical protein","WP_054018254.1"
"lcl_NZ_CP166677.1_cds_WP_054018255.1_3281",NA,"ABFT21_RS16560","hypothetical protein","WP_054018255.1"
"lcl_NZ_CP166677.1_cds_WP_082367832.1_3282","radC","ABFT21_RS16565","RadC family protein","WP_082367832.1"
"lcl_NZ_CP166677.1_cds_WP_054018256.1_3283",NA,"ABFT21_RS16570","DUF5983 family protein","WP_054018256.1"
"lcl_NZ_CP166677.1_cds_WP_054018257.1_3284",NA,"ABFT21_RS16575","hypothetical protein","WP_054018257.1"
"lcl_NZ_CP166677.1_cds_WP_054018258.1_3285",NA,"ABFT21_RS16580","hypothetical protein","WP_054018258.1"
"lcl_NZ_CP166677.1_cds_WP_054018259.1_3286",NA,"ABFT21_RS16585","antitoxin PaaA2 family protein","WP_054018259.1"
"lcl_NZ_CP166677.1_cds_WP_054018260.1_3287",NA,"ABFT21_RS16590","hypothetical protein","WP_054018260.1"
"lcl_NZ_CP166677.1_cds_WP_369691114.1_3288",NA,"ABFT21_RS16595","multicopper oxidase domain-containing protein","WP_369691114.1"
"lcl_NZ_CP166677.1_cds_WP_036228673.1_3289",NA,"ABFT21_RS16600","DUF2789 domain-containing protein","WP_036228673.1"
"lcl_NZ_CP166677.1_cds_WP_051495400.1_3290",NA,"ABFT21_RS16605","MgtC/SapB family protein","WP_051495400.1"
"lcl_NZ_CP166677.1_cds_WP_054018261.1_3291",NA,"ABFT21_RS16610","hypothetical protein","WP_054018261.1"
"lcl_NZ_CP166677.1_cds_WP_036228675.1_3292",NA,"ABFT21_RS16615","DUF411 domain-containing protein","WP_036228675.1"
"lcl_NZ_CP166677.1_cds_WP_054018262.1_3293",NA,"ABFT21_RS16620","efflux RND transporter permease subunit","WP_054018262.1"
"lcl_NZ_CP166677.1_cds_WP_369691115.1_3294",NA,"ABFT21_RS16625","efflux RND transporter periplasmic adaptor subunit","WP_369691115.1"
"lcl_NZ_CP166677.1_cds_WP_393937081.1_3295",NA,"ABFT21_RS16630","TolC family protein","WP_393937081.1"
"lcl_NZ_CP166677.1_cds_WP_054018264.1_3296",NA,"ABFT21_RS16635","hypothetical protein","WP_054018264.1"
"lcl_NZ_CP166677.1_cds_WP_157548494.1_3297",NA,"ABFT21_RS16640","hypothetical protein","WP_157548494.1"
"lcl_NZ_CP166677.1_cds_WP_082367836.1_3298",NA,"ABFT21_RS16645","NAD(P)/FAD-dependent oxidoreductase","WP_082367836.1"
"lcl_NZ_CP166677.1_cds_WP_054018268.1_3299",NA,"ABFT21_RS16650","copper-binding protein","WP_054018268.1"
"lcl_NZ_CP166677.1_cds_WP_054018269.1_3300",NA,"ABFT21_RS16655","cupredoxin domain-containing protein","WP_054018269.1"
"lcl_NZ_CP166677.1_cds_WP_054018270.1_3301",NA,"ABFT21_RS16660","CopK family periplasmic copper-binding protein","WP_054018270.1"
"lcl_NZ_CP166677.1_cds_WP_082367838.1_3302",NA,"ABFT21_RS16665","molybdopterin-dependent oxidoreductase","WP_082367838.1"
"lcl_NZ_CP166677.1_cds_WP_082367840.1_3303",NA,"ABFT21_RS16670","alpha/beta fold hydrolase","WP_082367840.1"
"lcl_NZ_CP166677.1_cds_WP_231637980.1_3304",NA,"ABFT21_RS16675","helix-turn-helix domain-containing protein","WP_231637980.1"
"lcl_NZ_CP166677.1_cds_WP_231637966.1_3305",NA,"ABFT21_RS16680","type II restriction endonuclease","WP_231637966.1"
"lcl_NZ_CP166677.1_cds_WP_054018273.1_3306",NA,"ABFT21_RS16685","hypothetical protein","WP_054018273.1"
"lcl_NZ_CP166677.1_cds_WP_231637967.1_3307",NA,"ABFT21_RS16690","MerR family transcriptional regulator","WP_231637967.1"
"lcl_NZ_CP166677.1_cds_WP_054018275.1_3308",NA,"ABFT21_RS16695","hypothetical protein","WP_054018275.1"
"lcl_NZ_CP166677.1_cds_WP_054018276.1_3309",NA,"ABFT21_RS16700","hypothetical protein","WP_054018276.1"
"lcl_NZ_CP166677.1_cds_WP_054018277.1_3310",NA,"ABFT21_RS16705","DUF2933 domain-containing protein","WP_054018277.1"
"lcl_NZ_CP166677.1_cds_WP_054018422.1_3311",NA,"ABFT21_RS16710","methyltransferase family protein","WP_054018422.1"
"lcl_NZ_CP166677.1_cds_WP_054018278.1_3312","petA","ABFT21_RS16715","ubiquinol-cytochrome c reductase iron-sulfur subunit","WP_054018278.1"
"lcl_NZ_CP166677.1_cds_WP_082367844.1_3313","ppk2","ABFT21_RS16720","polyphosphate kinase 2","WP_082367844.1"
"lcl_NZ_CP166677.1_cds_WP_054018279.1_3314",NA,"ABFT21_RS16725","heavy metal translocating P-type ATPase","WP_054018279.1"
"lcl_NZ_CP166677.1_cds_WP_082367846.1_3315",NA,"ABFT21_RS16730","copper resistance system multicopper oxidase","WP_082367846.1"
"lcl_NZ_CP166677.1_cds_WP_197284535.1_3316",NA,"ABFT21_RS16735","copper resistance protein B","WP_197284535.1"
"lcl_NZ_CP166677.1_cds_WP_054018281.1_3317",NA,"ABFT21_RS16740","MFS transporter","WP_054018281.1"
"lcl_NZ_CP166677.1_cds_WP_054018282.1_3318",NA,"ABFT21_RS16745","LemA family protein","WP_054018282.1"
"lcl_NZ_CP166677.1_cds_WP_197284545.1_3319",NA,"ABFT21_RS16750","TPM domain-containing protein","WP_197284545.1"
"lcl_NZ_CP166677.1_cds_WP_054018284.1_3320",NA,"ABFT21_RS16755","TPM domain-containing protein","WP_054018284.1"
"lcl_NZ_CP166677.1_cds_WP_054018285.1_3321",NA,"ABFT21_RS16760","MBL fold metallo-hydrolase","WP_054018285.1"
"lcl_NZ_CP166677.1_cds_WP_439951425.1_3322",NA,"ABFT21_RS16765","thymidine phosphorylase family protein","WP_439951425.1"
"lcl_NZ_CP166677.1_cds_WP_054018287.1_3323",NA,"ABFT21_RS16770","ribose-phosphate pyrophosphokinase","WP_054018287.1"
"lcl_NZ_CP166677.1_cds_WP_054018288.1_3324",NA,"ABFT21_RS16775","S1C family serine protease","WP_054018288.1"
"lcl_NZ_CP166677.1_cds_WP_054018289.1_3325",NA,"ABFT21_RS16780","VTT domain-containing protein","WP_054018289.1"
"lcl_NZ_CP166677.1_cds_WP_054018425.1_3326",NA,"ABFT21_RS16785","DUF6629 family protein","WP_054018425.1"
"lcl_NZ_CP166677.1_cds_WP_054018290.1_3327",NA,"ABFT21_RS16790","class I SAM-dependent methyltransferase","WP_054018290.1"
"lcl_NZ_CP166677.1_cds_WP_054018291.1_3328",NA,"ABFT21_RS16795","NAD(P)-dependent oxidoreductase","WP_054018291.1"
"lcl_NZ_CP166677.1_cds_WP_054018292.1_3329",NA,"ABFT21_RS16800","ABC1 kinase family protein","WP_054018292.1"
"lcl_NZ_CP166677.1_cds_WP_054018293.1_3330",NA,"ABFT21_RS16805","type II glyceraldehyde-3-phosphate dehydrogenase","WP_054018293.1"
"lcl_NZ_CP166677.1_cds_WP_054018294.1_3331",NA,"ABFT21_RS16810","DUF302 domain-containing protein","WP_054018294.1"
"lcl_NZ_CP166677.1_cds_WP_054018295.1_3332",NA,"ABFT21_RS16815","hypothetical protein","WP_054018295.1"
"lcl_NZ_CP166677.1_cds_WP_157548500.1_3333",NA,"ABFT21_RS16820","hypothetical protein","WP_157548500.1"
"lcl_NZ_CP166677.1_cds_WP_157548502.1_3334",NA,"ABFT21_RS16825","hypothetical protein","WP_157548502.1"
"lcl_NZ_CP166677.1_cds_WP_054018298.1_3335",NA,"ABFT21_RS16830","four-helix bundle copper-binding protein","WP_054018298.1"
"lcl_NZ_CP166677.1_cds_WP_054018299.1_3336",NA,"ABFT21_RS16835","DUF305 domain-containing protein","WP_054018299.1"
"lcl_NZ_CP166677.1_cds_WP_054018300.1_3337",NA,"ABFT21_RS16840","hypothetical protein","WP_054018300.1"
"lcl_NZ_CP166677.1_cds_WP_231637968.1_3338",NA,"ABFT21_RS16845","ABC transporter permease","WP_231637968.1"
"lcl_NZ_CP166677.1_cds_WP_054018426.1_3339",NA,"ABFT21_RS16850","ABC transporter ATP-binding protein","WP_054018426.1"
"lcl_NZ_CP166677.1_cds_WP_054018302.1_3340",NA,"ABFT21_RS16855","phosphoketolase family protein","WP_054018302.1"
"lcl_NZ_CP166677.1_cds_WP_054018303.1_3341",NA,"ABFT21_RS16860","outer membrane lipoprotein-sorting protein","WP_054018303.1"
"lcl_NZ_CP166677.1_cds_WP_054018304.1_3342","ftsH","ABFT21_RS16865","ATP-dependent zinc metalloprotease FtsH","WP_054018304.1"
"lcl_NZ_CP166677.1_cds_WP_152543464.1_3343",NA,"ABFT21_RS16870","hypothetical protein","WP_152543464.1"
"lcl_NZ_CP166677.1_cds_WP_054018305.1_3344",NA,"ABFT21_RS16875","heavy metal translocating P-type ATPase","WP_054018305.1"
"lcl_NZ_CP166677.1_cds_WP_082367852.1_3345",NA,"ABFT21_RS16880","MFS transporter","WP_082367852.1"
"lcl_NZ_CP166677.1_cds_WP_054018307.1_3346",NA,"ABFT21_RS16885","SAM-dependent methyltransferase","WP_054018307.1"
"lcl_NZ_CP166677.1_cds_WP_054018308.1_3347",NA,"ABFT21_RS16890","hypothetical protein","WP_054018308.1"
"lcl_NZ_CP166677.1_cds_WP_054018309.1_3348",NA,"ABFT21_RS16895","MerR family transcriptional regulator","WP_054018309.1"
"lcl_NZ_CP166677.1_cds_WP_054018310.1_3349",NA,"ABFT21_RS16900","thiolase family protein","WP_054018310.1"
"lcl_NZ_CP166677.1_cds_WP_054018311.1_3350",NA,"ABFT21_RS16905","acetate/propionate family kinase","WP_054018311.1"
"lcl_NZ_CP166677.1_cds_WP_054018312.1_3351","fabI","ABFT21_RS16910","enoyl-ACP reductase FabI","WP_054018312.1"
"lcl_NZ_CP166677.1_cds_WP_054018313.1_3352",NA,"ABFT21_RS16915","DUF2933 domain-containing protein","WP_054018313.1"
"lcl_NZ_CP166677.1_cds_WP_157548505.1_3353",NA,"ABFT21_RS16920","hypothetical protein","WP_157548505.1"
"lcl_NZ_CP166677.1_cds_WP_054018314.1_3354",NA,"ABFT21_RS16925","DUF3141 domain-containing protein","WP_054018314.1"
"lcl_NZ_CP166677.1_cds_WP_054018315.1_3355",NA,"ABFT21_RS16930","heavy-metal-associated domain-containing protein","WP_054018315.1"
"lcl_NZ_CP166677.1_cds_WP_034399058.1_3356",NA,"ABFT21_RS16935","DUF2933 domain-containing protein","WP_034399058.1"
"lcl_NZ_CP166677.1_cds_WP_034399056.1_3357",NA,"ABFT21_RS16940","hypothetical protein","WP_034399056.1"
"lcl_NZ_CP166677.1_cds_WP_157548508.1_3358",NA,"ABFT21_RS16945","hypothetical protein","WP_157548508.1"
"lcl_NZ_CP166677.1_cds_WP_197284536.1_3359",NA,"ABFT21_RS16950","phospholipase D-like domain-containing protein","WP_197284536.1"
"lcl_NZ_CP166677.1_cds_WP_393937100.1_3360",NA,"ABFT21_RS16955","MgtC/SapB family protein","WP_393937100.1"
"lcl_NZ_CP166677.1_cds_WP_157548511.1_3361",NA,"ABFT21_RS16960","alpha/beta fold hydrolase","WP_157548511.1"
"lcl_NZ_CP166677.1_cds_WP_157548514.1_3362",NA,"ABFT21_RS16965","hypothetical protein","WP_157548514.1"
"lcl_NZ_CP166677.1_cds_WP_157548517.1_3363",NA,"ABFT21_RS16970","hypothetical protein","WP_157548517.1"
"lcl_NZ_CP166677.1_cds_WP_054018320.1_3364",NA,"ABFT21_RS16975","c-type cytochrome","WP_054018320.1"
"lcl_NZ_CP166677.1_cds_WP_054018321.1_3365",NA,"ABFT21_RS16980","hypothetical protein","WP_054018321.1"
"lcl_NZ_CP166677.1_cds_WP_054018322.1_3366",NA,"ABFT21_RS16985","copper-binding protein","WP_054018322.1"
"lcl_NZ_CP166677.1_cds_WP_054018429.1_3367",NA,"ABFT21_RS16990","DUF411 domain-containing protein","WP_054018429.1"
"lcl_NZ_CP166677.1_cds_WP_054018323.1_3368",NA,"ABFT21_RS16995","cupredoxin domain-containing protein","WP_054018323.1"
"lcl_NZ_CP166677.1_cds_WP_054018324.1_3369",NA,"ABFT21_RS17000","multicopper oxidase family protein","WP_054018324.1"
"lcl_NZ_CP166677.1_cds_WP_082367853.1_3370",NA,"ABFT21_RS17005","TolC family protein","WP_082367853.1"
"lcl_NZ_CP166677.1_cds_WP_157548520.1_3371",NA,"ABFT21_RS17010","hypothetical protein","WP_157548520.1"
"lcl_NZ_CP166677.1_cds_WP_054018326.1_3372",NA,"ABFT21_RS17015","hypothetical protein","WP_054018326.1"
"lcl_NZ_CP166677.1_cds_WP_157548523.1_3373",NA,"ABFT21_RS17020","hypothetical protein","WP_157548523.1"
"lcl_NZ_CP166677.1_cds_WP_054018328.1_3374",NA,"ABFT21_RS17025","DUF4148 domain-containing protein","WP_054018328.1"
"lcl_NZ_CP166677.1_cds_WP_231637969.1_3375",NA,"ABFT21_RS17030","porin","WP_231637969.1"
"lcl_NZ_CP166677.1_cds_WP_157548526.1_3376",NA,"ABFT21_RS17035","SEL1-like repeat protein","WP_157548526.1"
"lcl_NZ_CP166677.1_cds_WP_054018331.1_3377",NA,"ABFT21_RS17040","heavy metal response regulator transcription factor","WP_054018331.1"
"lcl_NZ_CP166677.1_cds_WP_054018332.1_3378",NA,"ABFT21_RS17045","heavy metal sensor histidine kinase","WP_054018332.1"
"lcl_NZ_CP166677.1_cds_WP_054018333.1_3379",NA,"ABFT21_RS17050","heavy metal sensor histidine kinase","WP_054018333.1"
"lcl_NZ_CP166677.1_cds_WP_054018431.1_3380",NA,"ABFT21_RS17055","heavy metal response regulator transcription factor","WP_054018431.1"
"lcl_NZ_CP166677.1_cds_WP_157548529.1_3381",NA,"ABFT21_RS17060","DUF4148 domain-containing protein","WP_157548529.1"
"lcl_NZ_CP166677.1_cds_WP_197284548.1_3382","cueR","ABFT21_RS17065","Cu(I)-responsive transcriptional regulator","WP_197284548.1"
"lcl_NZ_CP166677.1_cds_WP_054018336.1_3383",NA,"ABFT21_RS17070","heavy metal translocating P-type ATPase","WP_054018336.1"
"lcl_NZ_CP166677.1_cds_WP_054018337.1_3384",NA,"ABFT21_RS17075","heavy-metal-associated domain-containing protein","WP_054018337.1"
"lcl_NZ_CP166677.1_cds_WP_231637970.1_3385",NA,"ABFT21_RS17080","hypothetical protein","WP_231637970.1"
"lcl_NZ_CP166677.1_cds_ABFT21_RS17085_3386",NA,"ABFT21_RS17085","transposase domain-containing protein",NA
"lcl_NZ_CP166677.1_cds_WP_369691117.1_3387","czcI","ABFT21_RS17090","cation efflux protein, CzcI family","WP_369691117.1"
"lcl_NZ_CP166677.1_cds_WP_054018338.1_3388",NA,"ABFT21_RS17095","TolC family protein","WP_054018338.1"
"lcl_NZ_CP166677.1_cds_WP_054018339.1_3389",NA,"ABFT21_RS17100","efflux RND transporter periplasmic adaptor subunit","WP_054018339.1"
"lcl_NZ_CP166677.1_cds_WP_054018340.1_3390",NA,"ABFT21_RS17105","efflux RND transporter permease subunit","WP_054018340.1"
"lcl_NZ_CP166677.1_cds_WP_054018341.1_3391",NA,"ABFT21_RS17110","P-II family nitrogen regulator","WP_054018341.1"
"lcl_NZ_CP166677.1_cds_WP_054018342.1_3392",NA,"ABFT21_RS17115","cation diffusion facilitator family transporter","WP_054018342.1"
"lcl_NZ_CP166677.1_cds_WP_054018343.1_3393",NA,"ABFT21_RS17120","hypothetical protein","WP_054018343.1"
"lcl_NZ_CP166677.1_cds_WP_157548532.1_3394",NA,"ABFT21_RS17125","hypothetical protein","WP_157548532.1"
"lcl_NZ_CP166677.1_cds_WP_054018345.1_3395",NA,"ABFT21_RS17130","DUF4148 domain-containing protein","WP_054018345.1"
"lcl_NZ_CP166677.1_cds_WP_054018346.1_3396",NA,"ABFT21_RS17135","heavy metal response regulator transcription factor","WP_054018346.1"
"lcl_NZ_CP166677.1_cds_WP_054018347.1_3397",NA,"ABFT21_RS17140","heavy metal sensor histidine kinase","WP_054018347.1"
"lcl_NZ_CP166677.1_cds_WP_054018348.1_3398",NA,"ABFT21_RS17145","arsenic resistance protein","WP_054018348.1"
"lcl_NZ_CP166677.1_cds_WP_054018349.1_3399",NA,"ABFT21_RS17150","DsbA family protein","WP_054018349.1"
"lcl_NZ_CP166677.1_cds_WP_054018350.1_3400",NA,"ABFT21_RS17155","disulfide bond formation protein B","WP_054018350.1"
"lcl_NZ_CP166677.1_cds_WP_054018433.1_3401",NA,"ABFT21_RS17160","copper chaperone PCu(A)C","WP_054018433.1"
"lcl_NZ_CP166677.1_cds_WP_054018351.1_3402","lspA","ABFT21_RS17165","signal peptidase II","WP_054018351.1"
"lcl_NZ_CP166677.1_cds_ABFT21_RS17170_3403",NA,"ABFT21_RS17170","TFIIB-type zinc ribbon-containing protein",NA
"lcl_NZ_CP166677.1_cds_WP_054018352.1_3404",NA,"ABFT21_RS17175","alkaline phosphatase family protein","WP_054018352.1"
"lcl_NZ_CP166677.1_cds_WP_054018353.1_3405",NA,"ABFT21_RS17180","hypothetical protein","WP_054018353.1"
"lcl_NZ_CP166677.1_cds_WP_082367857.1_3406",NA,"ABFT21_RS17185","tyrosine-type recombinase/integrase","WP_082367857.1"
"lcl_NZ_CP166677.1_cds_WP_054018355.1_3407",NA,"ABFT21_RS17190","IS1182 family transposase","WP_054018355.1"
"lcl_NZ_CP166677.1_cds_WP_082367858.1_3408",NA,"ABFT21_RS17195","phosphoethanolamine transferase","WP_082367858.1"
"lcl_NZ_CP166677.1_cds_WP_054018357.1_3409",NA,"ABFT21_RS17200","heavy metal translocating P-type ATPase","WP_054018357.1"
"lcl_NZ_CP166677.1_cds_WP_054018358.1_3410",NA,"ABFT21_RS17205","copper-binding protein","WP_054018358.1"
"lcl_NZ_CP166677.1_cds_WP_054018359.1_3411",NA,"ABFT21_RS17210","hypothetical protein","WP_054018359.1"
"lcl_NZ_CP166677.1_cds_WP_054018360.1_3412",NA,"ABFT21_RS17215","transporter","WP_054018360.1"
"lcl_NZ_CP166677.1_cds_WP_157548535.1_3413",NA,"ABFT21_RS17220","hypothetical protein","WP_157548535.1"
"lcl_NZ_CP166677.1_cds_WP_054018362.1_3414",NA,"ABFT21_RS17225","thiol:disulfide interchange protein DsbA/DsbL","WP_054018362.1"
"lcl_NZ_CP166677.1_cds_WP_054018363.1_3415",NA,"ABFT21_RS17230","TRAP transporter small permease subunit","WP_054018363.1"
"lcl_NZ_CP166677.1_cds_WP_054018364.1_3416",NA,"ABFT21_RS17235","TRAP transporter large permease","WP_054018364.1"
"lcl_NZ_CP166677.1_cds_WP_082367877.1_3417","cadR","ABFT21_RS17240","Cd(II)/Pb(II)-responsive transcriptional regulator","WP_082367877.1"
"lcl_NZ_CP166677.1_cds_WP_054018434.1_3418","lspA","ABFT21_RS17245","signal peptidase II","WP_054018434.1"
"lcl_NZ_CP166677.1_cds_WP_054018366.1_3419",NA,"ABFT21_RS17250","phosphatase PAP2 family protein","WP_054018366.1"
"lcl_NZ_CP166677.1_cds_WP_439951426.1_3420",NA,"ABFT21_RS17255","cation-translocating P-type ATPase","WP_439951426.1"
"lcl_NZ_CP166677.1_cds_WP_054018436.1_3421",NA,"ABFT21_RS17260","FTR1 family protein","WP_054018436.1"
"lcl_NZ_CP166677.1_cds_WP_082367860.1_3422",NA,"ABFT21_RS17265","DUF302 domain-containing protein","WP_082367860.1"
"lcl_NZ_CP166677.1_cds_WP_054018367.1_3423","cadR","ABFT21_RS17270","Cd(II)/Pb(II)-responsive transcriptional regulator","WP_054018367.1"
"lcl_NZ_CP166677.1_cds_WP_082367862.1_3424",NA,"ABFT21_RS17275","CzcE family metal-binding protein","WP_082367862.1"
"lcl_NZ_CP166677.1_cds_WP_054018369.1_3425",NA,"ABFT21_RS17280","transglutaminase-like domain-containing protein","WP_054018369.1"
"lcl_NZ_CP166677.1_cds_WP_082367864.1_3426",NA,"ABFT21_RS17285","hypothetical protein","WP_082367864.1"
"lcl_NZ_CP166677.1_cds_WP_054018370.1_3427",NA,"ABFT21_RS17290","TolC family protein","WP_054018370.1"
"lcl_NZ_CP166677.1_cds_WP_054018371.1_3428",NA,"ABFT21_RS17295","hypothetical protein","WP_054018371.1"
"lcl_NZ_CP166677.1_cds_WP_054018372.1_3429",NA,"ABFT21_RS17300","efflux RND transporter periplasmic adaptor subunit","WP_054018372.1"
"lcl_NZ_CP166677.1_cds_WP_054018373.1_3430",NA,"ABFT21_RS17305","efflux RND transporter permease subunit","WP_054018373.1"
"lcl_NZ_CP166677.1_cds_WP_054018374.1_3431",NA,"ABFT21_RS17310","hypothetical protein","WP_054018374.1"
"lcl_NZ_CP166677.1_cds_WP_054018438.1_3432",NA,"ABFT21_RS17315","hypothetical protein","WP_054018438.1"
"lcl_NZ_CP166677.1_cds_WP_082367865.1_3433",NA,"ABFT21_RS17320","MerR family transcriptional regulator","WP_082367865.1"
"lcl_NZ_CP166677.1_cds_WP_054018375.1_3434",NA,"ABFT21_RS17325","YnfA family protein","WP_054018375.1"
"lcl_NZ_CP166677.1_cds_WP_054018376.1_3435",NA,"ABFT21_RS17330","hypothetical protein","WP_054018376.1"
"lcl_NZ_CP166677.1_cds_WP_082367867.1_3436",NA,"ABFT21_RS17335","copper-binding protein","WP_082367867.1"
"lcl_NZ_CP166677.1_cds_WP_054018377.1_3437",NA,"ABFT21_RS17340","efflux RND transporter permease subunit","WP_054018377.1"
"lcl_NZ_CP166677.1_cds_WP_054018378.1_3438",NA,"ABFT21_RS17345","efflux RND transporter periplasmic adaptor subunit","WP_054018378.1"
"lcl_NZ_CP166677.1_cds_WP_054018379.1_3439",NA,"ABFT21_RS17350","TolC family protein","WP_054018379.1"
"lcl_NZ_CP166677.1_cds_WP_054018380.1_3440",NA,"ABFT21_RS17355","hypothetical protein","WP_054018380.1"
"lcl_NZ_CP166677.1_cds_WP_054018381.1_3441",NA,"ABFT21_RS17360","coiled-coil domain-containing protein","WP_054018381.1"
"lcl_NZ_CP166677.1_cds_WP_054018382.1_3442",NA,"ABFT21_RS17365","hypothetical protein","WP_054018382.1"
"lcl_NZ_CP166677.1_cds_WP_054018383.1_3443",NA,"ABFT21_RS17370","tyrosine-type recombinase/integrase","WP_054018383.1"
"lcl_NZ_CP166677.1_cds_WP_054018384.1_3444",NA,"ABFT21_RS17375","site-specific integrase","WP_054018384.1"
"lcl_NZ_CP166677.1_cds_WP_054018385.1_3445",NA,"ABFT21_RS17380","hypothetical protein","WP_054018385.1"
"lcl_NZ_CP166677.1_cds_WP_054018386.1_3446",NA,"ABFT21_RS17385","hypothetical protein","WP_054018386.1"
"lcl_NZ_CP166677.1_cds_WP_157548538.1_3447",NA,"ABFT21_RS17390","hypothetical protein","WP_157548538.1"
"lcl_NZ_CP166677.1_cds_WP_054018388.1_3448",NA,"ABFT21_RS17395","AAA family ATPase","WP_054018388.1"
"lcl_NZ_CP166677.1_cds_WP_054018389.1_3449","merA","ABFT21_RS17400","mercury(II) reductase","WP_054018389.1"
"lcl_NZ_CP166677.1_cds_WP_054018390.1_3450","merC","ABFT21_RS17405","organomercurial transporter MerC","WP_054018390.1"
"lcl_NZ_CP166677.1_cds_WP_054018391.1_3451","merP","ABFT21_RS17410","mercury resistance system periplasmic binding protein MerP","WP_054018391.1"
"lcl_NZ_CP166677.1_cds_WP_054018392.1_3452","merT","ABFT21_RS17415","mercuric ion transporter MerT","WP_054018392.1"
"lcl_NZ_CP166677.1_cds_WP_054018393.1_3453","merR","ABFT21_RS17420","Hg(II)-responsive transcriptional regulator","WP_054018393.1"
"lcl_NZ_CP166677.1_cds_WP_157548541.1_3454",NA,"ABFT21_RS17425","hypothetical protein","WP_157548541.1"
"lcl_NZ_CP166677.1_cds_WP_197284539.1_3455",NA,"ABFT21_RS17430","metallophosphoesterase family protein","WP_197284539.1"
"lcl_NZ_CP166677.1_cds_WP_054018395.1_3456",NA,"ABFT21_RS17435","recombination directionality factor","WP_054018395.1"
"lcl_NZ_CP166677.1_cds_WP_054018396.1_3457",NA,"ABFT21_RS17440","DUF6988 family protein","WP_054018396.1"
"lcl_NZ_CP166677.1_cds_WP_231637972.1_3458",NA,"ABFT21_RS17445","DUF1173 family protein","WP_231637972.1"
"lcl_NZ_CP166677.1_cds_WP_054018397.1_3459",NA,"ABFT21_RS17450","site-specific integrase","WP_054018397.1"
"lcl_NZ_CP166677.1_cds_WP_157548544.1_3460",NA,"ABFT21_RS17455","helix-turn-helix transcriptional regulator","WP_157548544.1"
"lcl_NZ_CP166677.1_cds_WP_054018398.1_3461",NA,"ABFT21_RS17460","AcaB family transcriptional regulator","WP_054018398.1"
"lcl_NZ_CP166677.1_cds_WP_231637973.1_3462",NA,"ABFT21_RS17465","hypothetical protein","WP_231637973.1"
"lcl_NZ_CP166677.1_cds_WP_054018399.1_3463",NA,"ABFT21_RS17470","hypothetical protein","WP_054018399.1"
"lcl_NZ_CP166677.1_cds_WP_054018400.1_3464",NA,"ABFT21_RS17475","hypothetical protein","WP_054018400.1"
"lcl_NZ_CP166677.1_cds_WP_054018401.1_3465",NA,"ABFT21_RS17480","ATP-binding protein","WP_054018401.1"
"lcl_NZ_CP166677.1_cds_WP_082367871.1_3466",NA,"ABFT21_RS17485","DUF7146 domain-containing protein","WP_082367871.1"
"lcl_NZ_CP166677.1_cds_WP_054018402.1_3467",NA,"ABFT21_RS17490","DUF932 domain-containing protein","WP_054018402.1"
"lcl_NZ_CP166677.1_cds_WP_054018403.1_3468",NA,"ABFT21_RS17495","hypothetical protein","WP_054018403.1"
"lcl_NZ_CP166677.1_cds_WP_054018404.1_3469",NA,"ABFT21_RS17500","FlhC family transcriptional regulator","WP_054018404.1"
"lcl_NZ_CP166677.1_cds_WP_231637974.1_3470",NA,"ABFT21_RS17505","methyl-accepting chemotaxis protein","WP_231637974.1"
"lcl_NZ_CP166677.1_cds_WP_197284541.1_3471",NA,"ABFT21_RS17510","sensor domain-containing diguanylate cyclase","WP_197284541.1"
"lcl_NZ_CP166677.1_cds_WP_393937140.1_3472","mobH","ABFT21_RS17515","MobH family relaxase","WP_393937140.1"
"lcl_NZ_CP166677.1_cds_WP_054018407.1_3473","traD","ABFT21_RS17520","conjugative transfer system coupling protein TraD","WP_054018407.1"
"lcl_NZ_CP166677.1_cds_WP_054018408.1_3474",NA,"ABFT21_RS17525","IncC plasmid conjugative DNA transfer DtrJ family protein","WP_054018408.1"
"lcl_NZ_CP166677.1_cds_WP_146076042.1_3475",NA,"ABFT21_RS17530","hypothetical protein","WP_146076042.1"
"lcl_NZ_CP166677.1_cds_WP_054018410.1_3476",NA,"ABFT21_RS17535","hypothetical protein","WP_054018410.1"
"lcl_NZ_CP166677.1_cds_WP_054018411.1_3477",NA,"ABFT21_RS17540","DUF4417 domain-containing protein","WP_054018411.1"
"lcl_NZ_CP166677.1_cds_WP_197284543.1_3478",NA,"ABFT21_RS17545","hypothetical protein","WP_197284543.1"
"lcl_NZ_CP166677.1_cds_WP_054022788.1_3479","istB","ABFT21_RS17550","IS21-like element helper ATPase IstB","WP_054022788.1"
"lcl_NZ_CP166677.1_cds_WP_054022787.1_3480","istA","ABFT21_RS17555","IS21 family transposase","WP_054022787.1"
"lcl_NZ_CP166677.1_cds_WP_054022752.1_3481",NA,"ABFT21_RS17560","type III restriction-modification system endonuclease","WP_054022752.1"
"lcl_NZ_CP166677.1_cds_WP_054022753.1_3482","darG","ABFT21_RS17565","type II toxin-antitoxin system antitoxin DNA ADP-ribosyl glycohydrolase DarG","WP_054022753.1"
"lcl_NZ_CP166677.1_cds_WP_054022754.1_3483","darT","ABFT21_RS17570","type II toxin-antitoxin system toxin DNA ADP-ribosyl transferase DarT","WP_054022754.1"
"lcl_NZ_CP166677.1_cds_WP_054022755.1_3484",NA,"ABFT21_RS17575","site-specific DNA-methyltransferase","WP_054022755.1"
"lcl_NZ_CP166677.1_cds_WP_054022756.1_3485",NA,"ABFT21_RS17580","DUF4391 domain-containing protein","WP_054022756.1"
"lcl_NZ_CP166677.1_cds_WP_054022757.1_3486",NA,"ABFT21_RS17585","helicase-related protein","WP_054022757.1"
"lcl_NZ_CP166677.1_cds_WP_054022758.1_3487",NA,"ABFT21_RS17590","hypothetical protein","WP_054022758.1"
"lcl_NZ_CP166677.1_cds_WP_231638280.1_3488",NA,"ABFT21_RS17595","lytic transglycosylase domain-containing protein","WP_231638280.1"
"lcl_NZ_CP166677.1_cds_WP_197284803.1_3489",NA,"ABFT21_RS17600","OmpA family protein","WP_197284803.1"
"lcl_NZ_CP166677.1_cds_WP_231638281.1_3490",NA,"ABFT21_RS17605","hypothetical protein","WP_231638281.1"
"lcl_NZ_CP166677.1_cds_WP_054022761.1_3491","traL","ABFT21_RS17610","type IV conjugative transfer system protein TraL","WP_054022761.1"
"lcl_NZ_CP166677.1_cds_WP_054022762.1_3492","traE","ABFT21_RS17615","type IV conjugative transfer system protein TraE","WP_054022762.1"
"lcl_NZ_CP166677.1_cds_WP_054022763.1_3493",NA,"ABFT21_RS17620","type-F conjugative transfer system secretin TraK","WP_054022763.1"
"lcl_NZ_CP166677.1_cds_WP_054022774.1_3494",NA,"ABFT21_RS17625","TraB/TrbI/VirB10 family type IV secretion system protein","WP_054022774.1"
"lcl_NZ_CP166677.1_cds_WP_231638282.1_3495",NA,"ABFT21_RS17630","DsbC family protein","WP_231638282.1"
"lcl_NZ_CP166677.1_cds_WP_439951458.1_3496","traV","ABFT21_RS17635","type IV conjugative transfer system lipoprotein TraV","WP_439951458.1"
"lcl_NZ_CP166677.1_cds_WP_082368719.1_3497","traC","ABFT21_RS17640","type IV secretion system protein TraC","WP_082368719.1"
"lcl_NZ_CP166677.1_cds_WP_231638283.1_3498",NA,"ABFT21_RS17645","hypothetical protein","WP_231638283.1"
"lcl_NZ_CP166677.1_cds_WP_054022767.1_3499","traF","ABFT21_RS17650","conjugative transfer signal peptidase TraF","WP_054022767.1"
"lcl_NZ_CP166677.1_cds_WP_231638284.1_3500",NA,"ABFT21_RS17655","hypothetical protein","WP_231638284.1"
"lcl_NZ_CP166677.1_cds_WP_082368721.1_3501","traW","ABFT21_RS17660","type-F conjugative transfer system protein TraW","WP_082368721.1"
"lcl_NZ_CP166677.1_cds_WP_082368722.1_3502",NA,"ABFT21_RS17665","TraU family protein","WP_082368722.1"
"lcl_NZ_CP166677.1_cds_WP_054022769.1_3503","trbC","ABFT21_RS17670","type-F conjugative transfer system pilin assembly protein TrbC","WP_054022769.1"
"lcl_NZ_CP166677.1_cds_WP_231638288.1_3504",NA,"ABFT21_RS17675","ImmA/IrrE family metallo-endopeptidase","WP_231638288.1"
"lcl_NZ_CP166677.1_cds_WP_157549374.1_3505",NA,"ABFT21_RS17680","gasdermin","WP_157549374.1"
"lcl_NZ_CP166677.1_cds_WP_082368724.1_3506","traN","ABFT21_RS17685","type-F conjugative transfer system mating-pair stabilization protein TraN","WP_082368724.1"
"lcl_NZ_CP166677.1_cds_WP_054022772.1_3507",NA,"ABFT21_RS17690","hypothetical protein","WP_054022772.1"
"lcl_NZ_CP166677.1_cds_WP_082368725.1_3508","traF","ABFT21_RS17695","conjugal transfer protein TraF","WP_082368725.1"
"lcl_NZ_CP166677.1_cds_WP_082368726.1_3509",NA,"ABFT21_RS17700","conjugal transfer protein TraH","WP_082368726.1"
"lcl_NZ_CP166677.1_cds_WP_463938134.1_3510",NA,"ABFT21_RS17705","conjugal transfer protein TraG N-terminal domain-containing protein","WP_463938134.1"
"lcl_NZ_CP166677.1_cds_WP_480338492.1_3511",NA,"ABFT21_RS17710","IclR family transcriptional regulator domain-containing protein","WP_480338492.1"
"lcl_NZ_CP166677.1_cds_WP_054022745.1_3512",NA,"ABFT21_RS17715","mono(2-hydroxyethyl) terephthalate hydrolase","WP_054022745.1"
"lcl_NZ_CP166677.1_cds_WP_231638278.1_3513",NA,"ABFT21_RS17720","IclR family transcriptional regulator domain-containing protein","WP_231638278.1"
"lcl_NZ_CP166677.1_cds_WP_231638279.1_3514",NA,"ABFT21_RS17725","helix-turn-helix domain-containing protein","WP_231638279.1"
"lcl_NZ_CP166677.1_cds_WP_054022746.1_3515",NA,"ABFT21_RS17730","Bug family tripartite tricarboxylate transporter substrate binding protein","WP_054022746.1"
"lcl_NZ_CP166677.1_cds_WP_054022747.1_3516",NA,"ABFT21_RS17735","aromatic ring-hydroxylating dioxygenase subunit alpha","WP_054022747.1"
"lcl_NZ_CP166677.1_cds_WP_054022748.1_3517",NA,"ABFT21_RS17740","aromatic-ring-hydroxylating dioxygenase subunit beta","WP_054022748.1"
"lcl_NZ_CP166677.1_cds_WP_054022749.1_3518",NA,"ABFT21_RS17745","PdxA family dehydrogenase","WP_054022749.1"
"lcl_NZ_CP166677.1_cds_WP_054022750.1_3519",NA,"ABFT21_RS17750","2Fe-2S iron-sulfur cluster-binding protein","WP_054022750.1"
"lcl_NZ_CP166677.1_cds_WP_054022751.1_3520",NA,"ABFT21_RS17755","LysR family transcriptional regulator","WP_054022751.1"
"lcl_NZ_CP166677.1_cds_ABFT21_RS17760_3521",NA,"ABFT21_RS17760","type IV secretory system conjugative DNA transfer family protein",NA
"lcl_NZ_CP166677.1_cds_WP_082368732.1_3522",NA,"ABFT21_RS17765","transposase","WP_082368732.1"
"lcl_NZ_CP166677.1_cds_WP_316704342.1_3523",NA,"ABFT21_RS17770","helix-turn-helix transcriptional regulator","WP_316704342.1"
"lcl_NZ_CP166677.1_cds_WP_054022243.1_3524","pyrC","ABFT21_RS17775","dihydroorotase","WP_054022243.1"
"lcl_NZ_CP166677.1_cds_WP_054022242.1_3525",NA,"ABFT21_RS17780","poly(ethylene terephthalate) hydrolase","WP_054022242.1"
"lcl_NZ_CP166677.1_cds_WP_054022241.1_3526",NA,"ABFT21_RS17785","lipase secretion chaperone","WP_054022241.1"
"lcl_NZ_CP166677.1_cds_WP_054022240.1_3527",NA,"ABFT21_RS17790","helix-turn-helix transcriptional regulator","WP_054022240.1"
"lcl_NZ_CP166677.1_cds_WP_082368732.1_3528",NA,"ABFT21_RS17795","transposase","WP_082368732.1"
"lcl_NZ_CP166677.1_cds_WP_463938136.1_3529",NA,"ABFT21_RS17800","helix-turn-helix domain-containing protein","WP_463938136.1"
"lcl_NZ_CP166677.1_cds_WP_054021808.1_3530",NA,"ABFT21_RS17805","DMT family transporter","WP_054021808.1"
"lcl_NZ_CP166677.1_cds_WP_082368533.1_3531",NA,"ABFT21_RS17810","efflux RND transporter periplasmic adaptor subunit","WP_082368533.1"
"lcl_NZ_CP166677.1_cds_WP_054021807.1_3532",NA,"ABFT21_RS17815","ABC transporter ATP-binding protein","WP_054021807.1"
"lcl_NZ_CP166677.1_cds_WP_054021806.1_3533",NA,"ABFT21_RS17820","ABC transporter permease","WP_054021806.1"
"lcl_NZ_CP166677.1_cds_WP_054021805.1_3534",NA,"ABFT21_RS17825","ABC transporter permease","WP_054021805.1"
"lcl_NZ_CP166677.1_cds_WP_054021804.1_3535",NA,"ABFT21_RS17830","glycosyltransferase","WP_054021804.1"
"lcl_NZ_CP166677.1_cds_WP_197284734.1_3536",NA,"ABFT21_RS17835","non-ribosomal peptide synthetase","WP_197284734.1"
"lcl_NZ_CP166677.1_cds_WP_197284733.1_3537",NA,"ABFT21_RS17840","4'-phosphopantetheinyl transferase family protein","WP_197284733.1"
"lcl_NZ_CP166677.1_cds_WP_082368732.1_3538",NA,"ABFT21_RS17845","transposase","WP_082368732.1"
"lcl_NZ_CP166677.1_cds_WP_463938137.1_3539",NA,"ABFT21_RS17850","conjugal transfer protein TraG N-terminal domain-containing protein","WP_463938137.1"
"lcl_NZ_CP166677.1_cds_WP_157548368.1_3540",NA,"ABFT21_RS17855","hypothetical protein","WP_157548368.1"
"lcl_NZ_CP166677.1_cds_WP_054017866.1_3541",NA,"ABFT21_RS17860","tyrosine-type recombinase/integrase","WP_054017866.1"
"lcl_NZ_CP166677.1_cds_WP_054017865.1_3542","icd","ABFT21_RS17865","NADP-dependent isocitrate dehydrogenase","WP_054017865.1"
"lcl_NZ_CP166677.1_cds_WP_054017864.1_3543",NA,"ABFT21_RS17870","sulfite exporter TauE/SafE family protein","WP_054017864.1"
"lcl_NZ_CP166677.1_cds_WP_054017863.1_3544","hemN","ABFT21_RS17875","oxygen-independent coproporphyrinogen III oxidase","WP_054017863.1"
"lcl_NZ_CP166677.1_cds_WP_197284507.1_3545","fnr","ABFT21_RS17880","fumarate/nitrate reduction transcriptional regulator Fnr","WP_197284507.1"
"lcl_NZ_CP166677.1_cds_WP_054017862.1_3546",NA,"ABFT21_RS17885","fumarylacetoacetate hydrolase family protein","WP_054017862.1"
"lcl_NZ_CP166677.1_cds_WP_054017861.1_3547",NA,"ABFT21_RS17890","2-dehydropantoate 2-reductase","WP_054017861.1"
"lcl_NZ_CP166677.1_cds_WP_054017860.1_3548",NA,"ABFT21_RS17895","tripartite tricarboxylate transporter permease","WP_054017860.1"
"lcl_NZ_CP166677.1_cds_WP_054017859.1_3549",NA,"ABFT21_RS17900","tripartite tricarboxylate transporter TctB family protein","WP_054017859.1"
"lcl_NZ_CP166677.1_cds_WP_082367695.1_3550",NA,"ABFT21_RS17905","Bug family tripartite tricarboxylate transporter substrate binding protein","WP_082367695.1"
"lcl_NZ_CP166677.1_cds_WP_231637942.1_3551",NA,"ABFT21_RS17910","acyl--CoA ligase","WP_231637942.1"
"lcl_NZ_CP166677.1_cds_WP_054017857.1_3552",NA,"ABFT21_RS17915","hypothetical protein","WP_054017857.1"
"lcl_NZ_CP166677.1_cds_WP_054017856.1_3553",NA,"ABFT21_RS17920","hypothetical protein","WP_054017856.1"
"lcl_NZ_CP166677.1_cds_WP_082367693.1_3554","ccoG","ABFT21_RS17925","cytochrome c oxidase accessory protein CcoG","WP_082367693.1"
"lcl_NZ_CP166677.1_cds_WP_054017854.1_3555","ccoP","ABFT21_RS17930","cytochrome-c oxidase, cbb3-type subunit III","WP_054017854.1"
"lcl_NZ_CP166677.1_cds_WP_054017853.1_3556",NA,"ABFT21_RS17935","CcoQ/FixQ family Cbb3-type cytochrome c oxidase assembly chaperone","WP_054017853.1"
"lcl_NZ_CP166677.1_cds_WP_054017852.1_3557","ccoO","ABFT21_RS17940","cytochrome-c oxidase, cbb3-type subunit II","WP_054017852.1"
"lcl_NZ_CP166677.1_cds_WP_054017851.1_3558","ccoN","ABFT21_RS17945","cytochrome-c oxidase, cbb3-type subunit I","WP_054017851.1"
"lcl_NZ_CP166677.1_cds_WP_082367691.1_3559","ccoS","ABFT21_RS17950","cbb3-type cytochrome oxidase assembly protein CcoS","WP_082367691.1"
"lcl_NZ_CP166677.1_cds_WP_231637941.1_3560",NA,"ABFT21_RS17955","heavy metal translocating P-type ATPase","WP_231637941.1"
"lcl_NZ_CP166677.1_cds_WP_054017850.1_3561",NA,"ABFT21_RS17960","DUF192 domain-containing protein","WP_054017850.1"
"lcl_NZ_CP166677.1_cds_WP_054017849.1_3562",NA,"ABFT21_RS17965","superoxide dismutase","WP_054017849.1"
"lcl_NZ_CP166677.1_cds_WP_054017848.1_3563","xseA","ABFT21_RS17970","exodeoxyribonuclease VII large subunit","WP_054017848.1"
"lcl_NZ_CP166677.1_cds_ABFT21_RS17975_3564",NA,"ABFT21_RS17975","MotA/TolQ/ExbB proton channel family protein",NA
"lcl_NZ_CP166677.1_cds_WP_054017887.1_3565",NA,"ABFT21_RS17980","ExbD/TolR family protein","WP_054017887.1"
"lcl_NZ_CP166677.1_cds_WP_054017847.1_3566","lpxK","ABFT21_RS17985","tetraacyldisaccharide 4'-kinase","WP_054017847.1"
"lcl_NZ_CP166677.1_cds_WP_054017846.1_3567",NA,"ABFT21_RS17990","Trm112 family protein","WP_054017846.1"
"lcl_NZ_CP166677.1_cds_WP_054017845.1_3568","kdsB","ABFT21_RS17995","3-deoxy-manno-octulosonate cytidylyltransferase","WP_054017845.1"
"lcl_NZ_CP166677.1_cds_WP_054017844.1_3569","adk","ABFT21_RS18000","adenylate kinase","WP_054017844.1"
"lcl_NZ_CP166677.1_cds_WP_054017843.1_3570",NA,"ABFT21_RS18005","3-hydroxyacyl-CoA dehydrogenase","WP_054017843.1"
"lcl_NZ_CP166677.1_cds_WP_157548365.1_3571",NA,"ABFT21_RS18010","hypothetical protein","WP_157548365.1"
"lcl_NZ_CP166677.1_cds_WP_197284506.1_3572",NA,"ABFT21_RS18015","ExbD/TolR family protein","WP_197284506.1"
"lcl_NZ_CP166677.1_cds_WP_054017841.1_3573",NA,"ABFT21_RS18020","ExbD/TolR family protein","WP_054017841.1"
"lcl_NZ_CP166677.1_cds_WP_054017840.1_3574",NA,"ABFT21_RS18025","MotA/TolQ/ExbB proton channel family protein","WP_054017840.1"
"lcl_NZ_CP166677.1_cds_WP_197284505.1_3575",NA,"ABFT21_RS18030","energy transducer TonB","WP_197284505.1"
"lcl_NZ_CP166677.1_cds_WP_054017838.1_3576",NA,"ABFT21_RS18035","TonB-dependent receptor","WP_054017838.1"
"lcl_NZ_CP166677.1_cds_WP_054017837.1_3577",NA,"ABFT21_RS18040","ABC transporter ATP-binding protein","WP_054017837.1"
"lcl_NZ_CP166677.1_cds_WP_054017836.1_3578",NA,"ABFT21_RS18045","ABC transporter permease","WP_054017836.1"
"lcl_NZ_CP166677.1_cds_WP_054017835.1_3579",NA,"ABFT21_RS18050","ABC transporter permease","WP_054017835.1"
"lcl_NZ_CP166677.1_cds_WP_054017834.1_3580",NA,"ABFT21_RS18055","ABC transporter substrate-binding protein","WP_054017834.1"
"lcl_NZ_CP166677.1_cds_WP_054017833.1_3581",NA,"ABFT21_RS18060","LD-carboxypeptidase","WP_054017833.1"
"lcl_NZ_CP166677.1_cds_WP_082367687.1_3582","tadA","ABFT21_RS18065","tRNA adenosine(34) deaminase TadA","WP_082367687.1"
"lcl_NZ_CP166677.1_cds_WP_054017832.1_3583","lon","ABFT21_RS18080","endopeptidase La","WP_054017832.1"
"lcl_NZ_CP166677.1_cds_WP_054017831.1_3584","clpX","ABFT21_RS18085","ATP-dependent Clp protease ATP-binding subunit ClpX","WP_054017831.1"
"lcl_NZ_CP166677.1_cds_WP_054017830.1_3585","clpP","ABFT21_RS18090","ATP-dependent Clp endopeptidase proteolytic subunit ClpP","WP_054017830.1"
"lcl_NZ_CP166677.1_cds_WP_054017829.1_3586","tig","ABFT21_RS18095","trigger factor","WP_054017829.1"
"lcl_NZ_CP166677.1_cds_WP_054017828.1_3587",NA,"ABFT21_RS18105","hypothetical protein","WP_054017828.1"
"lcl_NZ_CP166677.1_cds_WP_054017827.1_3588",NA,"ABFT21_RS18110","hypothetical protein","WP_054017827.1"
"lcl_NZ_CP166677.1_cds_WP_054017826.1_3589",NA,"ABFT21_RS18115","FkbM family methyltransferase","WP_054017826.1"
"lcl_NZ_CP166677.1_cds_WP_054017825.1_3590",NA,"ABFT21_RS18120","IclR family transcriptional regulator","WP_054017825.1"
"lcl_NZ_CP166677.1_cds_WP_054017824.1_3591",NA,"ABFT21_RS18125","Bug family tripartite tricarboxylate transporter substrate binding protein","WP_054017824.1"
"lcl_NZ_CP166677.1_cds_WP_054017823.1_3592","betC","ABFT21_RS18130","choline-sulfatase","WP_054017823.1"
"lcl_NZ_CP166677.1_cds_WP_054017822.1_3593",NA,"ABFT21_RS18135","Bug family tripartite tricarboxylate transporter substrate binding protein","WP_054017822.1"
"lcl_NZ_CP166677.1_cds_WP_054017821.1_3594",NA,"ABFT21_RS18140","metallophosphoesterase","WP_054017821.1"
"lcl_NZ_CP166677.1_cds_WP_157548359.1_3595",NA,"ABFT21_RS18145","GntR family transcriptional regulator","WP_157548359.1"
"lcl_NZ_CP166677.1_cds_WP_054017819.1_3596","gph","ABFT21_RS18155","phosphoglycolate phosphatase","WP_054017819.1"
"lcl_NZ_CP166677.1_cds_WP_054017818.1_3597","ubiG","ABFT21_RS18160","bifunctional 2-polyprenyl-6-hydroxyphenol methylase/3-demethylubiquinol 3-O-methyltransferase UbiG","WP_054017818.1"
"lcl_NZ_CP166677.1_cds_WP_054017817.1_3598",NA,"ABFT21_RS18165","4a-hydroxytetrahydrobiopterin dehydratase","WP_054017817.1"
"lcl_NZ_CP166677.1_cds_WP_054017884.1_3599","murB","ABFT21_RS18170","UDP-N-acetylmuramate dehydrogenase","WP_054017884.1"
"lcl_NZ_CP166677.1_cds_WP_054017816.1_3600",NA,"ABFT21_RS18175","YajQ family cyclic di-GMP-binding protein","WP_054017816.1"
"lcl_NZ_CP166677.1_cds_WP_054017815.1_3601",NA,"ABFT21_RS18180","acyl-CoA dehydrogenase family protein","WP_054017815.1"
"lcl_NZ_CP166677.1_cds_WP_054017814.1_3602",NA,"ABFT21_RS18185","acyl-CoA dehydrogenase family protein","WP_054017814.1"
"lcl_NZ_CP166677.1_cds_WP_054017813.1_3603",NA,"ABFT21_RS18190","glycerophosphodiester phosphodiesterase","WP_054017813.1"
"lcl_NZ_CP166677.1_cds_WP_054017812.1_3604",NA,"ABFT21_RS18195","P1 family peptidase","WP_054017812.1"
"lcl_NZ_CP166677.1_cds_WP_054017811.1_3605",NA,"ABFT21_RS18200","twin-arginine translocation pathway signal","WP_054017811.1"
"lcl_NZ_CP166677.1_cds_WP_054017883.1_3606",NA,"ABFT21_RS18205","16S rRNA pseudouridine(516) synthase","WP_054017883.1"
"lcl_NZ_CP166677.1_cds_WP_054017810.1_3607",NA,"ABFT21_RS18210","PQQ-dependent dehydrogenase, methanol/ethanol family","WP_054017810.1"
"lcl_NZ_CP166677.1_cds_WP_054017809.1_3608",NA,"ABFT21_RS18215","helix-turn-helix domain-containing protein","WP_054017809.1"
"lcl_NZ_CP166677.1_cds_WP_054017808.1_3609",NA,"ABFT21_RS18220","bifunctional riboflavin kinase/FAD synthetase","WP_054017808.1"
"lcl_NZ_CP166677.1_cds_WP_054017807.1_3610","ileS","ABFT21_RS18225","isoleucine--tRNA ligase","WP_054017807.1"
"lcl_NZ_CP166677.1_cds_WP_054017806.1_3611","lspA","ABFT21_RS18230","signal peptidase II","WP_054017806.1"
"lcl_NZ_CP166677.1_cds_WP_054017805.1_3612",NA,"ABFT21_RS18235","quinone oxidoreductase family protein","WP_054017805.1"
"lcl_NZ_CP166677.1_cds_WP_054017804.1_3613",NA,"ABFT21_RS18240","putative signal transducing protein","WP_054017804.1"
"lcl_NZ_CP166677.1_cds_WP_054017882.1_3614",NA,"ABFT21_RS18245","DMT family transporter","WP_054017882.1"
"lcl_NZ_CP166677.1_cds_WP_054017803.1_3615",NA,"ABFT21_RS18250","SDR family oxidoreductase","WP_054017803.1"
"lcl_NZ_CP166677.1_cds_WP_054017802.1_3616",NA,"ABFT21_RS18255","DMT family transporter","WP_054017802.1"
"lcl_NZ_CP166677.1_cds_WP_054017801.1_3617",NA,"ABFT21_RS18260","gamma-glutamyltransferase family protein","WP_054017801.1"
"lcl_NZ_CP166677.1_cds_WP_054017800.1_3618",NA,"ABFT21_RS18265","tripartite tricarboxylate transporter permease","WP_054017800.1"
"lcl_NZ_CP166677.1_cds_WP_054017799.1_3619",NA,"ABFT21_RS18270","tripartite tricarboxylate transporter TctB family protein","WP_054017799.1"
"lcl_NZ_CP166677.1_cds_WP_054017798.1_3620",NA,"ABFT21_RS18275","ABC transporter ATP-binding protein","WP_054017798.1"
"lcl_NZ_CP166677.1_cds_WP_054017797.1_3621",NA,"ABFT21_RS18280","ABC transporter ATP-binding protein","WP_054017797.1"
"lcl_NZ_CP166677.1_cds_WP_054017796.1_3622",NA,"ABFT21_RS18285","branched-chain amino acid ABC transporter permease","WP_054017796.1"
"lcl_NZ_CP166677.1_cds_WP_054017795.1_3623",NA,"ABFT21_RS18290","branched-chain amino acid ABC transporter permease","WP_054017795.1"
"lcl_NZ_CP166677.1_cds_WP_439951424.1_3624",NA,"ABFT21_RS18295","replication-associated recombination protein A","WP_439951424.1"
"lcl_NZ_CP166677.1_cds_WP_054017794.1_3625","lolA","ABFT21_RS18300","outer membrane lipoprotein periplasmic chaperone LolA","WP_054017794.1"
"lcl_NZ_CP166677.1_cds_WP_054017793.1_3626",NA,"ABFT21_RS18305","DNA translocase FtsK","WP_054017793.1"
"lcl_NZ_CP166677.1_cds_WP_054017792.1_3627",NA,"ABFT21_RS18310","Crp/Fnr family transcriptional regulator","WP_054017792.1"
"lcl_NZ_CP166677.1_cds_WP_054017791.1_3628","trxB","ABFT21_RS18315","thioredoxin-disulfide reductase","WP_054017791.1"
"lcl_NZ_CP166677.1_cds_WP_054017880.1_3629","rpmB","ABFT21_RS18320","50S ribosomal protein L28","WP_054017880.1"
"lcl_NZ_CP166677.1_cds_WP_054017790.1_3630","rpmG","ABFT21_RS18325","50S ribosomal protein L33","WP_054017790.1"
"lcl_NZ_CP166677.1_cds_WP_054017789.1_3631","ompA","ABFT21_RS18330","outer membrane protein OmpA","WP_054017789.1"
"lcl_NZ_CP166677.1_cds_WP_054017788.1_3632","gyrA","ABFT21_RS18335","DNA gyrase subunit A","WP_054017788.1"
"lcl_NZ_CP166677.1_cds_WP_082367683.1_3633",NA,"ABFT21_RS18340","DUF2059 domain-containing protein","WP_082367683.1"
"lcl_NZ_CP166677.1_cds_WP_054017787.1_3634","pheA","ABFT21_RS18345","prephenate dehydratase","WP_054017787.1"
"lcl_NZ_CP166677.1_cds_WP_480338499.1_3635",NA,"ABFT21_RS18350","prephenate dehydrogenase","WP_480338499.1"
"lcl_NZ_CP166677.1_cds_WP_054017786.1_3636",NA,"ABFT21_RS18355","bifunctional 3-phosphoshikimate 1-carboxyvinyltransferase/cytidylate kinase","WP_054017786.1"
"lcl_NZ_CP166677.1_cds_WP_054017785.1_3637","rpsA","ABFT21_RS18360","30S ribosomal protein S1","WP_054017785.1"
"lcl_NZ_CP166677.1_cds_WP_054017784.1_3638",NA,"ABFT21_RS18365","integration host factor subunit beta","WP_054017784.1"
"lcl_NZ_CP166677.1_cds_WP_054017783.1_3639",NA,"ABFT21_RS18370","LapA family protein","WP_054017783.1"
"lcl_NZ_CP166677.1_cds_WP_054017782.1_3640","lapB","ABFT21_RS18375","lipopolysaccharide assembly protein LapB","WP_054017782.1"
"lcl_NZ_CP166677.1_cds_WP_054017781.1_3641","rfaE1","ABFT21_RS18380","D-glycero-beta-D-manno-heptose-7-phosphate kinase","WP_054017781.1"
"lcl_NZ_CP166677.1_cds_WP_054017780.1_3642","rfaD","ABFT21_RS18385","ADP-glyceromanno-heptose 6-epimerase","WP_054017780.1"
"lcl_NZ_CP166677.1_cds_WP_369691110.1_3643",NA,"ABFT21_RS18390","ComEA family DNA-binding protein","WP_369691110.1"
"lcl_NZ_CP166677.1_cds_WP_054017779.1_3644",NA,"ABFT21_RS18395","patatin-like phospholipase family protein","WP_054017779.1"
"lcl_NZ_CP166677.1_cds_WP_054017778.1_3645","dnaE","ABFT21_RS18400","DNA polymerase III subunit alpha","WP_054017778.1"
"lcl_NZ_CP166677.1_cds_WP_054017777.1_3646",NA,"ABFT21_RS18405","DUF599 domain-containing protein","WP_054017777.1"
"lcl_NZ_CP166677.1_cds_WP_054017776.1_3647",NA,"ABFT21_RS18410","S49 family peptidase","WP_054017776.1"
"lcl_NZ_CP166677.1_cds_WP_054017775.1_3648",NA,"ABFT21_RS18415","Rieske (2Fe-2S) protein","WP_054017775.1"
"lcl_NZ_CP166677.1_cds_WP_054017774.1_3649",NA,"ABFT21_RS18420","HAD-IA family hydrolase","WP_054017774.1"
"lcl_NZ_CP166677.1_cds_WP_054017773.1_3650",NA,"ABFT21_RS18425","RluA family pseudouridine synthase","WP_054017773.1"
"lcl_NZ_CP166677.1_cds_WP_054017772.1_3651",NA,"ABFT21_RS18430","Rne/Rng family ribonuclease","WP_054017772.1"
"lcl_NZ_CP166677.1_cds_WP_054017876.1_3652","nagZ","ABFT21_RS18435","beta-N-acetylhexosaminidase","WP_054017876.1"
"lcl_NZ_CP166677.1_cds_WP_054017771.1_3653","acpS","ABFT21_RS18440","holo-ACP synthase","WP_054017771.1"
"lcl_NZ_CP166677.1_cds_WP_054017770.1_3654",NA,"ABFT21_RS18445","pyridoxine 5'-phosphate synthase","WP_054017770.1"
"lcl_NZ_CP166677.1_cds_WP_054017769.1_3655","recO","ABFT21_RS18450","DNA repair protein RecO","WP_054017769.1"
"lcl_NZ_CP166677.1_cds_WP_054017768.1_3656","era","ABFT21_RS18455","GTPase Era","WP_054017768.1"
"lcl_NZ_CP166677.1_cds_WP_054017767.1_3657","rnc","ABFT21_RS18460","ribonuclease III","WP_054017767.1"
"lcl_NZ_CP166677.1_cds_WP_054017766.1_3658",NA,"ABFT21_RS18465","DUF4845 domain-containing protein","WP_054017766.1"
"lcl_NZ_CP166677.1_cds_WP_054017765.1_3659","lepB","ABFT21_RS18470","signal peptidase I","WP_054017765.1"
"lcl_NZ_CP166677.1_cds_WP_054017764.1_3660","lepA","ABFT21_RS18475","translation elongation factor 4","WP_054017764.1"
"lcl_NZ_CP166677.1_cds_WP_082367677.1_3661",NA,"ABFT21_RS18480","DegQ family serine endoprotease","WP_082367677.1"
"lcl_NZ_CP166677.1_cds_WP_082367697.1_3662",NA,"ABFT21_RS18485","MucB/RseB C-terminal domain-containing protein","WP_082367697.1"
"lcl_NZ_CP166677.1_cds_WP_054017763.1_3663",NA,"ABFT21_RS18490","sigma-E factor negative regulatory protein","WP_054017763.1"
"lcl_NZ_CP166677.1_cds_WP_054017762.1_3664","rpoE","ABFT21_RS18495","RNA polymerase sigma factor RpoE","WP_054017762.1"
"lcl_NZ_CP166677.1_cds_WP_054017761.1_3665",NA,"ABFT21_RS18500","hypothetical protein","WP_054017761.1"
"lcl_NZ_CP166677.1_cds_WP_054017760.1_3666","fabF","ABFT21_RS18505","beta-ketoacyl-ACP synthase II","WP_054017760.1"
"lcl_NZ_CP166677.1_cds_WP_054017759.1_3667","acpP","ABFT21_RS18510","acyl carrier protein","WP_054017759.1"
"lcl_NZ_CP166677.1_cds_WP_054017758.1_3668","fabG","ABFT21_RS18515","3-oxoacyl-ACP reductase FabG","WP_054017758.1"
"lcl_NZ_CP166677.1_cds_WP_054017757.1_3669","fabD","ABFT21_RS18520","ACP S-malonyltransferase","WP_054017757.1"
"lcl_NZ_CP166677.1_cds_WP_054017756.1_3670",NA,"ABFT21_RS18525","beta-ketoacyl-ACP synthase III","WP_054017756.1"
"lcl_NZ_CP166677.1_cds_WP_082367676.1_3671","plsX","ABFT21_RS18530","phosphate acyltransferase PlsX","WP_082367676.1"
"lcl_NZ_CP166677.1_cds_WP_054017755.1_3672","rpmF","ABFT21_RS18535","50S ribosomal protein L32","WP_054017755.1"
"lcl_NZ_CP166677.1_cds_WP_054017754.1_3673",NA,"ABFT21_RS18540","YceD family protein","WP_054017754.1"
"lcl_NZ_CP166677.1_cds_WP_054017753.1_3674",NA,"ABFT21_RS18545","Maf family nucleotide pyrophosphatase","WP_054017753.1"
"lcl_NZ_CP166677.1_cds_WP_054017752.1_3675",NA,"ABFT21_RS18550","SAM-dependent methyltransferase","WP_054017752.1"
"lcl_NZ_CP166677.1_cds_WP_082367673.1_3676",NA,"ABFT21_RS18555","DEAD/DEAH box helicase","WP_082367673.1"
"lcl_NZ_CP166677.1_cds_WP_054017751.1_3677","rfbB","ABFT21_RS18560","dTDP-glucose 4,6-dehydratase","WP_054017751.1"
"lcl_NZ_CP166677.1_cds_WP_054017750.1_3678","rfbD","ABFT21_RS18565","dTDP-4-dehydrorhamnose reductase","WP_054017750.1"
"lcl_NZ_CP166677.1_cds_WP_054017749.1_3679","rfbA","ABFT21_RS18570","glucose-1-phosphate thymidylyltransferase RfbA","WP_054017749.1"
"lcl_NZ_CP166677.1_cds_WP_054017748.1_3680","rfbC","ABFT21_RS18575","dTDP-4-dehydrorhamnose 3,5-epimerase","WP_054017748.1"
"lcl_NZ_CP166677.1_cds_WP_082367672.1_3681",NA,"ABFT21_RS18580","urease accessory protein UreD","WP_082367672.1"
"lcl_NZ_CP166677.1_cds_WP_054017747.1_3682",NA,"ABFT21_RS18585","peptidoglycan DD-metalloendopeptidase family protein","WP_054017747.1"
"lcl_NZ_CP166677.1_cds_ABFT21_RS18590_3683",NA,"ABFT21_RS18590","tRNA dihydrouridine synthase",NA
"lcl_NZ_CP166677.1_cds_WP_197284502.1_3684",NA,"ABFT21_RS18595","hypothetical protein","WP_197284502.1"
"lcl_NZ_CP166677.1_cds_WP_054017746.1_3685",NA,"ABFT21_RS18600","DUF808 domain-containing protein","WP_054017746.1"
"lcl_NZ_CP166677.1_cds_WP_054017745.1_3686",NA,"ABFT21_RS18605","hypothetical protein","WP_054017745.1"
"lcl_NZ_CP166677.1_cds_WP_054017744.1_3687",NA,"ABFT21_RS18610","histidine phosphatase family protein","WP_054017744.1"
"lcl_NZ_CP166677.1_cds_WP_082367670.1_3688",NA,"ABFT21_RS18615","DUF938 domain-containing protein","WP_082367670.1"
"lcl_NZ_CP166677.1_cds_WP_054017743.1_3689",NA,"ABFT21_RS18620","GNAT family N-acetyltransferase","WP_054017743.1"
"lcl_NZ_CP166677.1_cds_WP_054017742.1_3690",NA,"ABFT21_RS18625","phosphatase PAP2 family protein","WP_054017742.1"
"lcl_NZ_CP166677.1_cds_WP_082367669.1_3691",NA,"ABFT21_RS18630","metallophosphoesterase family protein","WP_082367669.1"
"lcl_NZ_CP166677.1_cds_WP_054017868.1_3692",NA,"ABFT21_RS18635","diacylglycerol/lipid kinase family protein","WP_054017868.1"
"lcl_NZ_CP166677.1_cds_WP_054017741.1_3693",NA,"ABFT21_RS18640","ParA family protein","WP_054017741.1"
"lcl_NZ_CP166677.1_cds_WP_054017740.1_3694",NA,"ABFT21_RS18645","hypothetical protein","WP_054017740.1"
"lcl_NZ_CP166677.1_cds_WP_054017739.1_3695",NA,"ABFT21_RS18650","Crp/Fnr family transcriptional regulator","WP_054017739.1"
"lcl_NZ_CP166677.1_cds_WP_054019405.1_3696",NA,"ABFT21_RS18655","TonB-dependent receptor plug domain-containing protein","WP_054019405.1"
"lcl_NZ_CP166677.1_cds_WP_054019406.1_3697",NA,"ABFT21_RS18660","ABC transporter ATP-binding protein","WP_054019406.1"
"lcl_NZ_CP166677.1_cds_WP_231638048.1_3698","rsgA","ABFT21_RS18665","ribosome small subunit-dependent GTPase A","WP_231638048.1"
"lcl_NZ_CP166677.1_cds_WP_054019407.1_3699",NA,"ABFT21_RS18670","GMC family oxidoreductase","WP_054019407.1"
"lcl_NZ_CP166677.1_cds_WP_082368092.1_3700",NA,"ABFT21_RS18675","Tim44 domain-containing protein","WP_082368092.1"
"lcl_NZ_CP166677.1_cds_WP_463938138.1_3701",NA,"ABFT21_RS18680","methyl-accepting chemotaxis protein","WP_463938138.1"
"lcl_NZ_CP166677.1_cds_WP_054019675.1_3702",NA,"ABFT21_RS18685","DUF456 domain-containing protein","WP_054019675.1"
"lcl_NZ_CP166677.1_cds_WP_054019674.1_3703",NA,"ABFT21_RS18690","RluA family pseudouridine synthase","WP_054019674.1"
"lcl_NZ_CP166677.1_cds_WP_054019673.1_3704",NA,"ABFT21_RS18695","SDR family NAD(P)-dependent oxidoreductase","WP_054019673.1"
"lcl_NZ_CP166677.1_cds_WP_054019672.1_3705",NA,"ABFT21_RS18700","hypothetical protein","WP_054019672.1"
"lcl_NZ_CP166677.1_cds_WP_082368146.1_3706",NA,"ABFT21_RS18705","S9 family peptidase","WP_082368146.1"
"lcl_NZ_CP166677.1_cds_WP_054019671.1_3707",NA,"ABFT21_RS18710","2OG-Fe dioxygenase family protein","WP_054019671.1"
"lcl_NZ_CP166677.1_cds_WP_054019670.1_3708",NA,"ABFT21_RS18715","outer membrane beta-barrel protein","WP_054019670.1"
"lcl_NZ_CP166677.1_cds_WP_054019669.1_3709",NA,"ABFT21_RS18720","RNA-binding S4 domain-containing protein","WP_054019669.1"
"lcl_NZ_CP166677.1_cds_WP_054019677.1_3710",NA,"ABFT21_RS18725","LLM class flavin-dependent oxidoreductase","WP_054019677.1"
"lcl_NZ_CP166677.1_cds_WP_054019668.1_3711",NA,"ABFT21_RS18730","cupin domain-containing protein","WP_054019668.1"
"lcl_NZ_CP166677.1_cds_WP_197284613.1_3712",NA,"ABFT21_RS18735","cold-shock protein","WP_197284613.1"
"lcl_NZ_CP166677.1_cds_WP_157548801.1_3713",NA,"ABFT21_RS18740","hypothetical protein","WP_157548801.1"
"lcl_NZ_CP166677.1_cds_WP_054019665.1_3714",NA,"ABFT21_RS18745","NADP-dependent oxidoreductase","WP_054019665.1"
"lcl_NZ_CP166677.1_cds_WP_054019664.1_3715",NA,"ABFT21_RS18750","hybrid sensor histidine kinase/response regulator","WP_054019664.1"
"lcl_NZ_CP166677.1_cds_WP_054019663.1_3716",NA,"ABFT21_RS18755","FG-GAP repeat domain-containing protein","WP_054019663.1"
"lcl_NZ_CP166677.1_cds_WP_157548799.1_3717",NA,"ABFT21_RS18760","hypothetical protein","WP_157548799.1"
"lcl_NZ_CP166677.1_cds_WP_157548797.1_3718","gorA","ABFT21_RS18765","glutathione-disulfide reductase","WP_157548797.1"
"lcl_NZ_CP166677.1_cds_WP_054019660.1_3719",NA,"ABFT21_RS18770","DNA-binding transcriptional response regulator","WP_054019660.1"
"lcl_NZ_CP166677.1_cds_WP_054019659.1_3720",NA,"ABFT21_RS18775","PilT/PilU family type 4a pilus ATPase","WP_054019659.1"
"lcl_NZ_CP166677.1_cds_WP_082368145.1_3721",NA,"ABFT21_RS18780","methyl-accepting chemotaxis protein","WP_082368145.1"
"lcl_NZ_CP166677.1_cds_WP_054019657.1_3722",NA,"ABFT21_RS18785","HD-GYP domain-containing protein","WP_054019657.1"
"lcl_NZ_CP166677.1_cds_WP_054019656.1_3723",NA,"ABFT21_RS18790","FtsX-like permease family protein","WP_054019656.1"
"lcl_NZ_CP166677.1_cds_WP_054019655.1_3724",NA,"ABFT21_RS18795","ABC transporter ATP-binding protein","WP_054019655.1"
"lcl_NZ_CP166677.1_cds_WP_054019654.1_3725",NA,"ABFT21_RS18800","efflux RND transporter periplasmic adaptor subunit","WP_054019654.1"
"lcl_NZ_CP166677.1_cds_WP_463938140.1_3726",NA,"ABFT21_RS18805","Mor transcription activator family protein","WP_463938140.1"
"lcl_NZ_CP166677.1_cds_WP_463938141.1_3727",NA,"ABFT21_RS18810","hypothetical protein","WP_463938141.1"
"lcl_NZ_CP166677.1_cds_WP_054022904.1_3728",NA,"ABFT21_RS18815","hypothetical protein","WP_054022904.1"
"lcl_NZ_CP166677.1_cds_WP_054022903.1_3729",NA,"ABFT21_RS18820","hypothetical protein","WP_054022903.1"
"lcl_NZ_CP166677.1_cds_WP_463938142.1_3730",NA,"ABFT21_RS18825","DUF1643 domain-containing protein","WP_463938142.1"
"lcl_NZ_CP166677.1_cds_WP_231638301.1_3731",NA,"ABFT21_RS18830","hypothetical protein","WP_231638301.1"
"lcl_NZ_CP166677.1_cds_WP_463938143.1_3732",NA,"ABFT21_RS18835","hypothetical protein","WP_463938143.1"
"lcl_NZ_CP166677.1_cds_WP_463938144.1_3733",NA,"ABFT21_RS18840","hypothetical protein","WP_463938144.1"
"lcl_NZ_CP166677.1_cds_WP_054022868.1_3734",NA,"ABFT21_RS18845","HNH endonuclease family protein","WP_054022868.1"
"lcl_NZ_CP166677.1_cds_WP_393940425.1_3735",NA,"ABFT21_RS18850","hypothetical protein","WP_393940425.1"
"lcl_NZ_CP166677.1_cds_WP_480338500.1_3736",NA,"ABFT21_RS18855","phage protein GemA/Gp16 family protein","WP_480338500.1"
"lcl_NZ_CP166677.1_cds_WP_393940642.1_3737",NA,"ABFT21_RS18860","hypothetical protein","WP_393940642.1"
"lcl_NZ_CP166677.1_cds_WP_393939896.1_3738",NA,"ABFT21_RS18865","hypothetical protein","WP_393939896.1"
"lcl_NZ_CP166677.1_cds_WP_393940507.1_3739",NA,"ABFT21_RS18870","DUF3164 family protein","WP_393940507.1"
"lcl_NZ_CP166677.1_cds_WP_054022884.1_3740",NA,"ABFT21_RS18875","hypothetical protein","WP_054022884.1"
"lcl_NZ_CP166677.1_cds_WP_463938327.1_3741",NA,"ABFT21_RS18880","hypothetical protein","WP_463938327.1"
"lcl_NZ_CP166677.1_cds_WP_393940502.1_3742",NA,"ABFT21_RS18885","hypothetical protein","WP_393940502.1"
"lcl_NZ_CP166677.1_cds_WP_463938150.1_3743",NA,"ABFT21_RS18890","hypothetical protein","WP_463938150.1"
"lcl_NZ_CP166677.1_cds_WP_463938328.1_3744",NA,"ABFT21_RS18895","hypothetical protein","WP_463938328.1"
"lcl_NZ_CP166677.1_cds_WP_480338501.1_3745",NA,"ABFT21_RS18900","hypothetical protein","WP_480338501.1"
"lcl_NZ_CP166677.1_cds_WP_054022814.1_3746",NA,"ABFT21_RS18905","AAA family ATPase","WP_054022814.1"
"lcl_NZ_CP166677.1_cds_WP_463938331.1_3747",NA,"ABFT21_RS18910","Mu transposase C-terminal domain-containing protein","WP_463938331.1"
"lcl_NZ_CP166677.1_cds_WP_082368751.1_3748",NA,"ABFT21_RS18915","helix-turn-helix domain-containing protein","WP_082368751.1"
"lcl_NZ_CP166677.1_cds_WP_082368750.1_3749",NA,"ABFT21_RS18920","helix-turn-helix domain-containing protein","WP_082368750.1"
"lcl_NZ_CP166677.1_cds_WP_197284815.1_3750",NA,"ABFT21_RS18925","helix-turn-helix domain-containing protein","WP_197284815.1"
"lcl_NZ_CP166677.1_cds_WP_463938333.1_3751",NA,"ABFT21_RS18930","helix-turn-helix domain-containing protein","WP_463938333.1"
"lcl_NZ_CP166677.1_cds_WP_054022892.1_3752",NA,"ABFT21_RS18935","helix-turn-helix domain-containing protein","WP_054022892.1"
"lcl_NZ_CP166677.1_cds_WP_463938334.1_3753",NA,"ABFT21_RS18940","AcrVA2 family anti-CRISPR protein","WP_463938334.1"
"lcl_NZ_CP166677.1_cds_WP_054021790.1_3754",NA,"ABFT21_RS18945","hypothetical protein","WP_054021790.1"
"lcl_NZ_CP166677.1_cds_WP_054021791.1_3755",NA,"ABFT21_RS18950","hypothetical protein","WP_054021791.1"
"lcl_NZ_CP166677.1_cds_WP_054021792.1_3756",NA,"ABFT21_RS18955","hypothetical protein","WP_054021792.1"
"lcl_NZ_CP166677.1_cds_WP_157549169.1_3757",NA,"ABFT21_RS18960","hypothetical protein","WP_157549169.1"
"lcl_NZ_CP166677.1_cds_WP_054021794.1_3758",NA,"ABFT21_RS18965","lysozyme","WP_054021794.1"
"lcl_NZ_CP166677.1_cds_WP_054021795.1_3759",NA,"ABFT21_RS18970","hypothetical protein","WP_054021795.1"
"lcl_NZ_CP166677.1_cds_WP_054021796.1_3760",NA,"ABFT21_RS18975","hypothetical protein","WP_054021796.1"
"lcl_NZ_CP166677.1_cds_WP_054021797.1_3761",NA,"ABFT21_RS18980","DUF1804 family protein","WP_054021797.1"
"lcl_NZ_CP166677.1_cds_WP_157549171.1_3762",NA,"ABFT21_RS18985","hypothetical protein","WP_157549171.1"
"lcl_NZ_CP166677.1_cds_WP_197284732.1_3763",NA,"ABFT21_RS18990","hypothetical protein","WP_197284732.1"
"lcl_NZ_CP166677.1_cds_WP_054021800.1_3764","terL","ABFT21_RS18995","phage terminase large subunit","WP_054021800.1"
"lcl_NZ_CP166677.1_cds_WP_463938336.1_3765",NA,"ABFT21_RS19000","hypothetical protein","WP_463938336.1"
"lcl_NZ_CP166677.1_cds_WP_463938165.1_3766",NA,"ABFT21_RS19005","hypothetical protein","WP_463938165.1"
"lcl_NZ_CP166677.1_cds_WP_463938338.1_3767",NA,"ABFT21_RS19010","hypothetical protein","WP_463938338.1"
"lcl_NZ_CP166677.1_cds_WP_054022631.1_3768",NA,"ABFT21_RS19015","phage major capsid protein","WP_054022631.1"
"lcl_NZ_CP166677.1_cds_WP_054022632.1_3769",NA,"ABFT21_RS19020","hypothetical protein","WP_054022632.1"
"lcl_NZ_CP166677.1_cds_WP_054022633.1_3770",NA,"ABFT21_RS19025","hypothetical protein","WP_054022633.1"
"lcl_NZ_CP166677.1_cds_WP_054022634.1_3771",NA,"ABFT21_RS19030","hypothetical protein","WP_054022634.1"
"lcl_NZ_CP166677.1_cds_WP_054022635.1_3772",NA,"ABFT21_RS19035","hypothetical protein","WP_054022635.1"
"lcl_NZ_CP166677.1_cds_WP_054022636.1_3773",NA,"ABFT21_RS19040","phage tail tube protein","WP_054022636.1"
"lcl_NZ_CP166677.1_cds_WP_054022637.1_3774",NA,"ABFT21_RS19045","Acb2/Tad1 domain-containing protein","WP_054022637.1"
"lcl_NZ_CP166677.1_cds_WP_054022638.1_3775",NA,"ABFT21_RS19050","phage tail assembly chaperone","WP_054022638.1"
"lcl_NZ_CP166677.1_cds_WP_054022639.1_3776",NA,"ABFT21_RS19055","DUF1799 domain-containing protein","WP_054022639.1"
"lcl_NZ_CP166677.1_cds_WP_054022640.1_3777",NA,"ABFT21_RS19060","phage tail length tape measure family protein","WP_054022640.1"
"lcl_NZ_CP166677.1_cds_WP_054022641.1_3778",NA,"ABFT21_RS19065","hypothetical protein","WP_054022641.1"
"lcl_NZ_CP166677.1_cds_WP_054022642.1_3779",NA,"ABFT21_RS19070","hypothetical protein","WP_054022642.1"
"lcl_NZ_CP166677.1_cds_WP_463938028.1_3780",NA,"ABFT21_RS19075","phage head spike fiber domain-containing protein","WP_463938028.1"
"lcl_NZ_CP166677.1_cds_WP_157549474.1_3781",NA,"ABFT21_RS19080","hypothetical protein","WP_157549474.1"
"lcl_NZ_CP166677.1_cds_WP_480338502.1_3782",NA,"ABFT21_RS19085","hypothetical protein","WP_480338502.1"
"lcl_NZ_CP166677.1_cds_WP_054022887.1_3783",NA,"ABFT21_RS19090","hypothetical protein","WP_054022887.1"
"lcl_NZ_CP166677.1_cds_WP_054022888.1_3784",NA,"ABFT21_RS19095","DNA adenine methylase","WP_054022888.1"
"lcl_NZ_CP166677.1_cds_WP_054018040.1_3785",NA,"ABFT21_RS19100","sigma-54-dependent transcriptional regulator","WP_054018040.1"
"lcl_NZ_CP166677.1_cds_WP_054018041.1_3786",NA,"ABFT21_RS19105","sensor histidine kinase","WP_054018041.1"
"lcl_NZ_CP166677.1_cds_WP_054018042.1_3787",NA,"ABFT21_RS19110","copper chaperone PCu(A)C","WP_054018042.1"
"lcl_NZ_CP166677.1_cds_WP_054018043.1_3788",NA,"ABFT21_RS19115","hypothetical protein","WP_054018043.1"
"lcl_NZ_CP166677.1_cds_WP_054018044.1_3789",NA,"ABFT21_RS19120","alanine racemase","WP_054018044.1"
"lcl_NZ_CP166677.1_cds_WP_054018045.1_3790",NA,"ABFT21_RS19125","acyltransferase family protein","WP_054018045.1"
"lcl_NZ_CP166677.1_cds_WP_082367751.1_3791",NA,"ABFT21_RS19130","D-amino acid dehydrogenase","WP_082367751.1"
"lcl_NZ_CP166677.1_cds_WP_054018046.1_3792",NA,"ABFT21_RS19135","Crp/Fnr family transcriptional regulator","WP_054018046.1"
"lcl_NZ_CP166677.1_cds_WP_157548428.1_3793",NA,"ABFT21_RS19140","sensor domain-containing diguanylate cyclase","WP_157548428.1"
"lcl_NZ_CP166677.1_cds_WP_082367754.1_3794",NA,"ABFT21_RS19145","D-hexose-6-phosphate mutarotase","WP_082367754.1"
"lcl_NZ_CP166677.1_cds_WP_054018048.1_3795",NA,"ABFT21_RS19150","isopenicillin N synthase family dioxygenase","WP_054018048.1"
"lcl_NZ_CP166677.1_cds_WP_480338503.1_3796",NA,"ABFT21_RS19155","nucleoside deaminase","WP_480338503.1"
"lcl_NZ_CP166677.1_cds_WP_054018049.1_3797",NA,"ABFT21_RS19160","ABC transporter substrate-binding protein","WP_054018049.1"
"lcl_NZ_CP166677.1_cds_WP_054018050.1_3798",NA,"ABFT21_RS19165","SDR family oxidoreductase","WP_054018050.1"
"lcl_NZ_CP166677.1_cds_WP_054018051.1_3799",NA,"ABFT21_RS19170","xanthine dehydrogenase family protein molybdopterin-binding subunit","WP_054018051.1"
"lcl_NZ_CP166677.1_cds_WP_054018052.1_3800",NA,"ABFT21_RS19175","(2Fe-2S)-binding protein","WP_054018052.1"
"lcl_NZ_CP166677.1_cds_WP_054018053.1_3801",NA,"ABFT21_RS19180","Na/Pi cotransporter family protein","WP_054018053.1"
"lcl_NZ_CP166677.1_cds_WP_197284519.1_3802",NA,"ABFT21_RS19185","Bug family tripartite tricarboxylate transporter substrate binding protein","WP_197284519.1"
"lcl_NZ_CP166677.1_cds_WP_054018055.1_3803","phnA","ABFT21_RS19190","phosphonoacetate hydrolase","WP_054018055.1"
"lcl_NZ_CP166677.1_cds_WP_054018056.1_3804",NA,"ABFT21_RS19195","LysR substrate-binding domain-containing protein","WP_054018056.1"
"lcl_NZ_CP166677.1_cds_WP_054018057.1_3805",NA,"ABFT21_RS19200","LysR family transcriptional regulator","WP_054018057.1"
"lcl_NZ_CP166677.1_cds_WP_054018058.1_3806",NA,"ABFT21_RS19205","acyl-CoA thioesterase","WP_054018058.1"
"lcl_NZ_CP166677.1_cds_WP_054018059.1_3807",NA,"ABFT21_RS19210","YeeE/YedE family protein","WP_054018059.1"
"lcl_NZ_CP166677.1_cds_WP_157548431.1_3808",NA,"ABFT21_RS19215","hypothetical protein","WP_157548431.1"
"lcl_NZ_CP166677.1_cds_WP_082367769.1_3809",NA,"ABFT21_RS19220","MFS transporter","WP_082367769.1"
"lcl_NZ_CP166677.1_cds_WP_054018061.1_3810",NA,"ABFT21_RS19225","hypothetical protein","WP_054018061.1"
"lcl_NZ_CP166677.1_cds_WP_054018062.1_3811",NA,"ABFT21_RS19230","sensor histidine kinase","WP_054018062.1"
"lcl_NZ_CP166677.1_cds_WP_082367757.1_3812",NA,"ABFT21_RS19235","response regulator transcription factor","WP_082367757.1"
"lcl_NZ_CP166677.1_cds_WP_082367758.1_3813",NA,"ABFT21_RS19240","PepSY domain-containing protein","WP_082367758.1"
"lcl_NZ_CP166677.1_cds_WP_054018064.1_3814",NA,"ABFT21_RS19245","PepSY domain-containing protein","WP_054018064.1"
"lcl_NZ_CP166677.1_cds_WP_082367759.1_3815",NA,"ABFT21_RS19250","DUF3422 family protein","WP_082367759.1"
"lcl_NZ_CP166677.1_cds_WP_369691112.1_3816",NA,"ABFT21_RS19255","type II toxin-antitoxin system Phd/YefM family antitoxin","WP_369691112.1"
"lcl_NZ_CP166677.1_cds_WP_054018065.1_3817",NA,"ABFT21_RS19260","Txe/YoeB family addiction module toxin","WP_054018065.1"
"lcl_NZ_CP166677.1_cds_WP_054018066.1_3818",NA,"ABFT21_RS19265","thioredoxin domain-containing protein","WP_054018066.1"
"lcl_NZ_CP166677.1_cds_WP_082367761.1_3819",NA,"ABFT21_RS19270","quinoprotein dehydrogenase-associated SoxYZ-like carrier","WP_082367761.1"
"lcl_NZ_CP166677.1_cds_WP_054018067.1_3820",NA,"ABFT21_RS19275","MBL fold metallo-hydrolase","WP_054018067.1"
"lcl_NZ_CP166677.1_cds_WP_082367771.1_3821",NA,"ABFT21_RS19280","DUF2784 domain-containing protein","WP_082367771.1"
"lcl_NZ_CP166677.1_cds_WP_480339157.1_3822",NA,"ABFT21_RS19285","monovalent cation/H+ antiporter subunit A","WP_480339157.1"
"lcl_NZ_CP166677.1_cds_WP_393936968.1_3823",NA,"ABFT21_RS19290","Na+/H+ antiporter subunit C","WP_393936968.1"
"lcl_NZ_CP166677.1_cds_WP_054018070.1_3824",NA,"ABFT21_RS19295","monovalent cation/H+ antiporter subunit D","WP_054018070.1"
"lcl_NZ_CP166677.1_cds_WP_054018071.1_3825",NA,"ABFT21_RS19300","Na+/H+ antiporter subunit E","WP_054018071.1"
"lcl_NZ_CP166677.1_cds_WP_054018072.1_3826",NA,"ABFT21_RS19305","K+/H+ antiporter subunit F","WP_054018072.1"
"lcl_NZ_CP166677.1_cds_WP_197284521.1_3827",NA,"ABFT21_RS19310","Na+/H+ antiporter subunit G","WP_197284521.1"
"lcl_NZ_CP166677.1_cds_WP_054018073.1_3828",NA,"ABFT21_RS19315","calcium/sodium antiporter","WP_054018073.1"
"lcl_NZ_CP166677.1_cds_WP_054018074.1_3829",NA,"ABFT21_RS19320","AAA family ATPase","WP_054018074.1"
"lcl_NZ_CP166677.1_cds_WP_054018075.1_3830",NA,"ABFT21_RS19325","DUF58 domain-containing protein","WP_054018075.1"
"lcl_NZ_CP166677.1_cds_WP_157548434.1_3831",NA,"ABFT21_RS19330","hypothetical protein","WP_157548434.1"
"lcl_NZ_CP166677.1_cds_WP_054018077.1_3832",NA,"ABFT21_RS19335","vWA domain-containing protein","WP_054018077.1"
"lcl_NZ_CP166677.1_cds_WP_054018078.1_3833",NA,"ABFT21_RS19340","hypothetical protein","WP_054018078.1"
"lcl_NZ_CP166677.1_cds_WP_054018079.1_3834",NA,"ABFT21_RS19345","vWA domain-containing protein","WP_054018079.1"
"lcl_NZ_CP166677.1_cds_WP_054018080.1_3835","arsC","ABFT21_RS19350","arsenate reductase (glutaredoxin)","WP_054018080.1"
"lcl_NZ_CP166677.1_cds_WP_054018081.1_3836",NA,"ABFT21_RS19355","ArsI/CadI family heavy metal resistance metalloenzyme","WP_054018081.1"
"lcl_NZ_CP166677.1_cds_WP_054018082.1_3837",NA,"ABFT21_RS19360","ArsR/SmtB family transcription factor","WP_054018082.1"
"lcl_NZ_CP166677.1_cds_WP_054018083.1_3838",NA,"ABFT21_RS19365","quinoprotein relay system zinc metallohydrolase 2","WP_054018083.1"
"lcl_NZ_CP166677.1_cds_WP_231637957.1_3839",NA,"ABFT21_RS19370","hypothetical protein","WP_231637957.1"
"lcl_NZ_CP166677.1_cds_WP_054018084.1_3840",NA,"ABFT21_RS19375","hypothetical protein","WP_054018084.1"
"lcl_NZ_CP166677.1_cds_WP_082367763.1_3841",NA,"ABFT21_RS19380","S1 family peptidase","WP_082367763.1"
"lcl_NZ_CP166677.1_cds_WP_082367765.1_3842",NA,"ABFT21_RS19385","substrate-binding domain-containing protein","WP_082367765.1"
"lcl_NZ_CP166677.1_cds_WP_082367767.1_3843",NA,"ABFT21_RS19390","c-type cytochrome","WP_082367767.1"
"lcl_NZ_CP166677.1_cds_WP_054018086.1_3844","xoxF","ABFT21_RS19395","PQQ-dependent ethylene glycol dehydrogenase XoxF","WP_054018086.1"
"lcl_NZ_CP166677.1_cds_WP_054018087.1_3845","fae","ABFT21_RS19400","formaldehyde-activating enzyme","WP_054018087.1"
"lcl_NZ_CP166677.1_cds_WP_231637958.1_3846",NA,"ABFT21_RS19405","triphosphoribosyl-dephospho-CoA synthase","WP_231637958.1"
"lcl_NZ_CP166677.1_cds_WP_054018088.1_3847",NA,"ABFT21_RS19410","ATP-grasp domain-containing protein","WP_054018088.1"
"lcl_NZ_CP166677.1_cds_WP_054018089.1_3848","mch","ABFT21_RS19415","methenyltetrahydromethanopterin cyclohydrolase","WP_054018089.1"
"lcl_NZ_CP166677.1_cds_WP_463938246.1_3849",NA,"ABFT21_RS19420","ATP-grasp domain-containing protein","WP_463938246.1"
"lcl_NZ_CP166677.1_cds_WP_054021634.1_3850",NA,"ABFT21_RS19425","NAD(P)-dependent methylenetetrahydromethanopterin dehydrogenase","WP_054021634.1"
"lcl_NZ_CP166677.1_cds_WP_054021656.1_3851",NA,"ABFT21_RS19430","beta-ribofuranosylaminobenzene 5'-phosphate synthase family protein","WP_054021656.1"
"lcl_NZ_CP166677.1_cds_WP_157549140.1_3852",NA,"ABFT21_RS19435","dihydroneopterin aldolase","WP_157549140.1"
"lcl_NZ_CP166677.1_cds_WP_054021635.1_3853",NA,"ABFT21_RS19440","sigma-54-dependent Fis family transcriptional regulator","WP_054021635.1"
"lcl_NZ_CP166677.1_cds_ABFT21_RS19445_3854",NA,"ABFT21_RS19445","flavoprotein",NA
"lcl_NZ_CP166677.1_cds_WP_054021636.1_3855",NA,"ABFT21_RS19450","DUF6513 domain-containing protein","WP_054021636.1"
"lcl_NZ_CP166677.1_cds_WP_054021637.1_3856",NA,"ABFT21_RS19455","DUF447 domain-containing protein","WP_054021637.1"
"lcl_NZ_CP166677.1_cds_WP_463938242.1_3857",NA,"ABFT21_RS19460","(5-formylfuran-3-yl)methyl phosphate synthase","WP_463938242.1"
"lcl_NZ_CP166677.1_cds_WP_054021638.1_3858",NA,"ABFT21_RS19465","energy transducer TonB","WP_054021638.1"
"lcl_NZ_CP166677.1_cds_WP_054021639.1_3859",NA,"ABFT21_RS19470","quinoprotein dehydrogenase-associated SoxYZ-like carrier","WP_054021639.1"
"lcl_NZ_CP166677.1_cds_WP_157549142.1_3860",NA,"ABFT21_RS19475","amino acid kinase family protein","WP_157549142.1"
"lcl_NZ_CP166677.1_cds_WP_231638207.1_3861",NA,"ABFT21_RS19480","hydantoinase/oxoprolinase family protein","WP_231638207.1"
"lcl_NZ_CP166677.1_cds_WP_054021641.1_3862",NA,"ABFT21_RS19485","ATP-grasp domain-containing protein","WP_054021641.1"
"lcl_NZ_CP166677.1_cds_WP_054021642.1_3863",NA,"ABFT21_RS19490","HisA/HisF-related TIM barrel protein","WP_054021642.1"
"lcl_NZ_CP166677.1_cds_WP_157549144.1_3864",NA,"ABFT21_RS19495","molybdopterin-binding domain-containing protein","WP_157549144.1"
"lcl_NZ_CP166677.1_cds_WP_054021644.1_3865",NA,"ABFT21_RS19500","formylmethanofuran dehydrogenase subunit A","WP_054021644.1"
"lcl_NZ_CP166677.1_cds_WP_082368507.1_3866","fhcD","ABFT21_RS19505","formylmethanofuran--tetrahydromethanopterin N-formyltransferase","WP_082368507.1"
"lcl_NZ_CP166677.1_cds_WP_054021646.1_3867",NA,"ABFT21_RS19510","formylmethanofuran dehydrogenase subunit C","WP_054021646.1"
"lcl_NZ_CP166677.1_cds_WP_054021647.1_3868","fae","ABFT21_RS19515","formaldehyde-activating enzyme","WP_054021647.1"
"lcl_NZ_CP166677.1_cds_WP_054021648.1_3869",NA,"ABFT21_RS19520","chorismate-binding protein","WP_054021648.1"
"lcl_NZ_CP166677.1_cds_WP_054021649.1_3870",NA,"ABFT21_RS19525","DUF433 domain-containing protein","WP_054021649.1"
"lcl_NZ_CP166677.1_cds_WP_054021650.1_3871",NA,"ABFT21_RS19530","DUF5615 family PIN-like protein","WP_054021650.1"
"lcl_NZ_CP166677.1_cds_WP_054021651.1_3872","cas1f","ABFT21_RS19535","type I-F CRISPR-associated endonuclease Cas1f","WP_054021651.1"
"lcl_NZ_CP166677.1_cds_WP_054021652.1_3873","cas3f","ABFT21_RS19540","type I-F CRISPR-associated helicase Cas3f","WP_054021652.1"
"lcl_NZ_CP166677.1_cds_WP_054021653.1_3874","csy1","ABFT21_RS19545","type I-F CRISPR-associated protein Csy1","WP_054021653.1"
"lcl_NZ_CP166677.1_cds_WP_197284721.1_3875","csy2","ABFT21_RS19550","type I-F CRISPR-associated protein Csy2","WP_197284721.1"
"lcl_NZ_CP166677.1_cds_WP_054021654.1_3876","csy3","ABFT21_RS19555","type I-F CRISPR-associated protein Csy3","WP_054021654.1"
"lcl_NZ_CP166677.1_cds_WP_054021655.1_3877","cas6f","ABFT21_RS19560","type I-F CRISPR-associated endoribonuclease Cas6/Csy4","WP_054021655.1"
"lcl_NZ_CP166677.1_cds_WP_054022788.1_3878","istB","ABFT21_RS19565","IS21-like element helper ATPase IstB","WP_054022788.1"
"lcl_NZ_CP166677.1_cds_WP_054022787.1_3879","istA","ABFT21_RS19570","IS21 family transposase","WP_054022787.1"
"lcl_NZ_CP166677.1_cds_WP_054022838.1_3880",NA,"ABFT21_RS19575","type II toxin-antitoxin system RelE/ParE family toxin","WP_054022838.1"
"lcl_NZ_CP166677.1_cds_WP_054022837.1_3881",NA,"ABFT21_RS19580","YlcI/YnfO family protein","WP_054022837.1"
"lcl_NZ_CP166677.1_cds_WP_054022836.1_3882","ppk2","ABFT21_RS19585","polyphosphate kinase 2","WP_054022836.1"
"lcl_NZ_CP166677.1_cds_WP_054022835.1_3883",NA,"ABFT21_RS19590","HAD family hydrolase","WP_054022835.1"
"lcl_NZ_CP166677.1_cds_WP_054022834.1_3884",NA,"ABFT21_RS19595","aspartate/glutamate racemase family protein","WP_054022834.1"
"lcl_NZ_CP166677.1_cds_WP_054022833.1_3885",NA,"ABFT21_RS19600","NAD(P)-dependent oxidoreductase","WP_054022833.1"
"lcl_NZ_CP166677.1_cds_WP_157549398.1_3886",NA,"ABFT21_RS19605","LysR family transcriptional regulator","WP_157549398.1"
"lcl_NZ_CP166677.1_cds_WP_054022831.1_3887",NA,"ABFT21_RS19610","SRPBCC family protein","WP_054022831.1"
"lcl_NZ_CP166677.1_cds_WP_480338504.1_3888",NA,"ABFT21_RS19615","YVTN family beta-propeller repeat protein","WP_480338504.1"
"lcl_NZ_CP166677.1_cds_WP_054022830.1_3889","pqqE","ABFT21_RS19620","pyrroloquinoline quinone biosynthesis protein PqqE","WP_054022830.1"
"lcl_NZ_CP166677.1_cds_ABFT21_RS19625_3890","pqqD","ABFT21_RS19625","pyrroloquinoline quinone biosynthesis peptide chaperone PqqD",NA
"lcl_NZ_CP166677.1_cds_WP_054022829.1_3891","pqqC","ABFT21_RS19630","pyrroloquinoline-quinone synthase PqqC","WP_054022829.1"
"lcl_NZ_CP166677.1_cds_WP_054022828.1_3892","pqqB","ABFT21_RS19635","pyrroloquinoline quinone biosynthesis protein PqqB","WP_054022828.1"
"lcl_NZ_CP166677.1_cds_WP_082368739.1_3893","pqqA","ABFT21_RS19640","pyrroloquinoline quinone precursor peptide PqqA","WP_082368739.1"
"lcl_NZ_CP166677.1_cds_WP_231638293.1_3894",NA,"ABFT21_RS19645","histidine kinase","WP_231638293.1"
"lcl_NZ_CP166677.1_cds_WP_259375190.1_3895",NA,"ABFT21_RS19650","response regulator","WP_259375190.1"
"lcl_NZ_CP166677.1_cds_WP_054022827.1_3896",NA,"ABFT21_RS19655","pyridoxal-phosphate-dependent aminotransferase family protein","WP_054022827.1"
"lcl_NZ_CP166677.1_cds_WP_054022826.1_3897",NA,"ABFT21_RS19660","class I SAM-dependent methyltransferase","WP_054022826.1"
"lcl_NZ_CP166677.1_cds_WP_157549395.1_3898",NA,"ABFT21_RS19665","GFA family protein","WP_157549395.1"
"lcl_NZ_CP166677.1_cds_WP_054022824.1_3899",NA,"ABFT21_RS19670","FitA-like ribbon-helix-helix domain-containing protein","WP_054022824.1"
"lcl_NZ_CP166677.1_cds_WP_054022823.1_3900",NA,"ABFT21_RS19675","type II toxin-antitoxin system VapC family toxin","WP_054022823.1"
"lcl_NZ_CP166677.1_cds_WP_054022822.1_3901",NA,"ABFT21_RS19680","cupin domain-containing protein","WP_054022822.1"
"lcl_NZ_CP166677.1_cds_WP_054022821.1_3902",NA,"ABFT21_RS19685","DUF2306 domain-containing protein","WP_054022821.1"
"lcl_NZ_CP166677.1_cds_WP_082368735.1_3903",NA,"ABFT21_RS19690","cold shock domain-containing protein","WP_082368735.1"
"lcl_NZ_CP166677.1_cds_WP_054022820.1_3904",NA,"ABFT21_RS19695","DUF1353 domain-containing protein","WP_054022820.1"
"lcl_NZ_CP166677.1_cds_WP_054022819.1_3905",NA,"ABFT21_RS19700","Pvc16 family protein","WP_054022819.1"
"lcl_NZ_CP166677.1_cds_WP_082368734.1_3906",NA,"ABFT21_RS19705","DUF2846 domain-containing protein","WP_082368734.1"
"lcl_NZ_CP166677.1_cds_ABFT21_RS19710_3907",NA,"ABFT21_RS19710","IS256 family transposase",NA
"lcl_NZ_CP166677.1_cds_WP_054022787.1_3908","istA","ABFT21_RS19715","IS21 family transposase","WP_054022787.1"
"lcl_NZ_CP166677.1_cds_WP_054022788.1_3909","istB","ABFT21_RS19720","IS21-like element helper ATPase IstB","WP_054022788.1"
"lcl_NZ_CP166677.1_cds_ABFT21_RS19725_3910",NA,"ABFT21_RS19725","IS256 family transposase",NA
"lcl_NZ_CP166677.1_cds_ABFT21_RS19730_3911",NA,"ABFT21_RS19730","IS5 family transposase",NA
"lcl_NZ_CP166677.1_cds_WP_157549341.1_3912","ltrA","ABFT21_RS19735","group II intron reverse transcriptase/maturase","WP_157549341.1"
"lcl_NZ_CP166677.1_cds_ABFT21_RS19740_3913",NA,"ABFT21_RS19740","IS5 family transposase",NA
"lcl_NZ_CP166677.1_cds_WP_197284798.1_3914",NA,"ABFT21_RS19745","hypothetical protein","WP_197284798.1"
"lcl_NZ_CP166677.1_cds_WP_054022709.1_3915",NA,"ABFT21_RS19750","PIN domain-containing protein","WP_054022709.1"
"lcl_NZ_CP166677.1_cds_WP_054022708.1_3916",NA,"ABFT21_RS19755","AbrB/MazE/SpoVT family DNA-binding domain-containing protein","WP_054022708.1"
"lcl_NZ_CP166677.1_cds_WP_157549365.1_3917",NA,"ABFT21_RS19760","hypothetical protein","WP_157549365.1"
"lcl_NZ_CP166677.1_cds_WP_054022853.1_3918","istB","ABFT21_RS19765","IS21-like element helper ATPase IstB","WP_054022853.1"
"lcl_NZ_CP166677.1_cds_WP_231638295.1_3919","istA","ABFT21_RS19770","IS21 family transposase","WP_231638295.1"
"lcl_NZ_CP166677.1_cds_ABFT21_RS19775_3920",NA,"ABFT21_RS19775","hypothetical protein",NA
"lcl_NZ_CP166677.1_cds_ABFT21_RS19780_3921",NA,"ABFT21_RS19780","IS110 family RNA-guided transposase",NA
"lcl_NZ_CP166677.1_cds_WP_157549389.1_3922",NA,"ABFT21_RS19785","hypothetical protein","WP_157549389.1"
"lcl_NZ_CP166677.1_cds_WP_393940490.1_3923",NA,"ABFT21_RS19790","DUF6985 domain-containing protein","WP_393940490.1"
"lcl_NZ_CP166677.1_cds_WP_197284828.1_3924",NA,"ABFT21_RS19795","hypothetical protein","WP_197284828.1"
"lcl_NZ_CP166677.1_cds_WP_157549428.1_3925",NA,"ABFT21_RS19800","hypothetical protein","WP_157549428.1"
"lcl_NZ_CP166677.1_cds_WP_463938222.1_3926",NA,"ABFT21_RS19805","hypothetical protein","WP_463938222.1"
"lcl_NZ_CP166677.1_cds_WP_480338505.1_3927",NA,"ABFT21_RS19810","hypothetical protein","WP_480338505.1"
"lcl_NZ_CP166677.1_cds_WP_082368742.1_3928",NA,"ABFT21_RS19815","toll/interleukin-1 receptor domain-containing protein","WP_082368742.1"
"lcl_NZ_CP166677.1_cds_WP_082368700.1_3929",NA,"ABFT21_RS19820","hypothetical protein","WP_082368700.1"
"lcl_NZ_CP166677.1_cds_WP_197284797.1_3930",NA,"ABFT21_RS19825","FxLYD domain-containing protein","WP_197284797.1"
"lcl_NZ_CP166677.1_cds_WP_157549362.1_3931",NA,"ABFT21_RS19830","hypothetical protein","WP_157549362.1"
"lcl_NZ_CP166677.1_cds_WP_082368660.1_3932",NA,"ABFT21_RS19835","nuclear transport factor 2 family protein","WP_082368660.1"
"lcl_NZ_CP166677.1_cds_WP_054022540.1_3933",NA,"ABFT21_RS19840","integron integrase","WP_054022540.1"
"lcl_NZ_CP166677.1_cds_WP_054022553.1_3934",NA,"ABFT21_RS19845","DUF6198 family protein","WP_054022553.1"
"lcl_NZ_CP166677.1_cds_WP_054022541.1_3935",NA,"ABFT21_RS19850","Na+/H+ antiporter subunit G","WP_054022541.1"
"lcl_NZ_CP166677.1_cds_WP_054022542.1_3936",NA,"ABFT21_RS19855","K+/H+ antiporter subunit F","WP_054022542.1"
"lcl_NZ_CP166677.1_cds_WP_054022554.1_3937",NA,"ABFT21_RS19860","Na+/H+ antiporter subunit E","WP_054022554.1"
"lcl_NZ_CP166677.1_cds_WP_054022543.1_3938",NA,"ABFT21_RS19865","monovalent cation/H+ antiporter subunit D","WP_054022543.1"
"lcl_NZ_CP166677.1_cds_WP_054022544.1_3939",NA,"ABFT21_RS19870","Na+/H+ antiporter subunit C","WP_054022544.1"
"lcl_NZ_CP166677.1_cds_WP_082368662.1_3940",NA,"ABFT21_RS19875","monovalent cation/H+ antiporter subunit A","WP_082368662.1"
"lcl_NZ_CP166677.1_cds_WP_054022546.1_3941",NA,"ABFT21_RS19880","hypothetical protein","WP_054022546.1"
"lcl_NZ_CP166677.1_cds_WP_054022547.1_3942","cueR","ABFT21_RS19885","Cu(I)-responsive transcriptional regulator","WP_054022547.1"
"lcl_NZ_CP166677.1_cds_WP_082368661.1_3943",NA,"ABFT21_RS19890","heavy metal translocating P-type ATPase","WP_082368661.1"
"lcl_NZ_CP166677.1_cds_WP_054022549.1_3944",NA,"ABFT21_RS19895","heavy-metal-associated domain-containing protein","WP_054022549.1"
"lcl_NZ_CP166677.1_cds_WP_054022550.1_3945",NA,"ABFT21_RS19900","MFS transporter","WP_054022550.1"
"lcl_NZ_CP166677.1_cds_WP_157549329.1_3946",NA,"ABFT21_RS19905","hypothetical protein","WP_157549329.1"
"lcl_NZ_CP166677.1_cds_WP_197284782.1_3947",NA,"ABFT21_RS19910","hypothetical protein","WP_197284782.1"
"lcl_NZ_CP166677.1_cds_WP_054022552.1_3948",NA,"ABFT21_RS19915","diguanylate cyclase domain-containing protein","WP_054022552.1"
"lcl_NZ_CP166677.1_cds_WP_463938217.1_3949",NA,"ABFT21_RS19920","TolC family outer membrane protein","WP_463938217.1"
"lcl_NZ_CP166677.1_cds_WP_054020546.1_3950",NA,"ABFT21_RS19925","hypothetical protein","WP_054020546.1"
"lcl_NZ_CP166677.1_cds_WP_054020547.1_3951",NA,"ABFT21_RS19930","CHASE2 domain-containing protein","WP_054020547.1"
"lcl_NZ_CP166677.1_cds_WP_054020548.1_3952",NA,"ABFT21_RS19935","FecR family protein","WP_054020548.1"
"lcl_NZ_CP166677.1_cds_WP_082368308.1_3953",NA,"ABFT21_RS19940","response regulator","WP_082368308.1"
"lcl_NZ_CP166677.1_cds_WP_082368309.1_3954",NA,"ABFT21_RS19945","sensor histidine kinase","WP_082368309.1"
"lcl_NZ_CP166677.1_cds_WP_054020550.1_3955",NA,"ABFT21_RS19950","hypothetical protein","WP_054020550.1"
"lcl_NZ_CP166677.1_cds_WP_463938215.1_3956",NA,"ABFT21_RS19955","hypothetical protein","WP_463938215.1"
"lcl_NZ_CP166677.1_cds_WP_054020551.1_3957",NA,"ABFT21_RS19960","winged helix DNA-binding protein","WP_054020551.1"
"lcl_NZ_CP166677.1_cds_WP_054020552.1_3958",NA,"ABFT21_RS19965","type II toxin-antitoxin system HipA family toxin","WP_054020552.1"
"lcl_NZ_CP166677.1_cds_WP_054020553.1_3959",NA,"ABFT21_RS19970","helix-turn-helix domain-containing protein","WP_054020553.1"
"lcl_NZ_CP166677.1_cds_WP_054020554.1_3960","gltX","ABFT21_RS19990","glutamate--tRNA ligase","WP_054020554.1"
"lcl_NZ_CP166677.1_cds_WP_054020555.1_3961",NA,"ABFT21_RS19995","O-succinylhomoserine sulfhydrylase","WP_054020555.1"
"lcl_NZ_CP166677.1_cds_WP_054020556.1_3962","purF","ABFT21_RS20000","amidophosphoribosyltransferase","WP_054020556.1"
"lcl_NZ_CP166677.1_cds_WP_054020557.1_3963",NA,"ABFT21_RS20005","CvpA family protein","WP_054020557.1"
"lcl_NZ_CP166677.1_cds_WP_054020558.1_3964",NA,"ABFT21_RS20010","SPOR domain-containing protein","WP_054020558.1"
"lcl_NZ_CP166677.1_cds_WP_054020559.1_3965","folC","ABFT21_RS20015","bifunctional tetrahydrofolate synthase/dihydrofolate synthase","WP_054020559.1"
"lcl_NZ_CP166677.1_cds_WP_054020560.1_3966","accD","ABFT21_RS20020","acetyl-CoA carboxylase, carboxyltransferase subunit beta","WP_054020560.1"
"lcl_NZ_CP166677.1_cds_WP_054020561.1_3967","trpA","ABFT21_RS20025","tryptophan synthase subunit alpha","WP_054020561.1"
"lcl_NZ_CP166677.1_cds_WP_054020562.1_3968","trpB","ABFT21_RS20030","tryptophan synthase subunit beta","WP_054020562.1"
"lcl_NZ_CP166677.1_cds_WP_082368310.1_3969",NA,"ABFT21_RS20035","phosphoribosylanthranilate isomerase","WP_082368310.1"
"lcl_NZ_CP166677.1_cds_WP_054020563.1_3970","truA","ABFT21_RS20040","tRNA pseudouridine(38-40) synthase TruA","WP_054020563.1"
"lcl_NZ_CP166677.1_cds_WP_054020564.1_3971",NA,"ABFT21_RS20045","motility hub landmark protein FimV","WP_054020564.1"
"lcl_NZ_CP166677.1_cds_WP_054020565.1_3972","asd","ABFT21_RS20050","aspartate-semialdehyde dehydrogenase","WP_054020565.1"
"lcl_NZ_CP166677.1_cds_WP_054020566.1_3973","leuB","ABFT21_RS20055","3-isopropylmalate dehydrogenase","WP_054020566.1"
"lcl_NZ_CP166677.1_cds_WP_054020567.1_3974","leuD","ABFT21_RS20060","3-isopropylmalate dehydratase small subunit","WP_054020567.1"
"lcl_NZ_CP166677.1_cds_WP_054020568.1_3975","leuC","ABFT21_RS20065","3-isopropylmalate dehydratase large subunit","WP_054020568.1"
"lcl_NZ_CP166677.1_cds_WP_054020569.1_3976",NA,"ABFT21_RS20070","LysR family transcriptional regulator","WP_054020569.1"
"lcl_NZ_CP166677.1_cds_WP_054020570.1_3977",NA,"ABFT21_RS20075","SDR family oxidoreductase","WP_054020570.1"
"lcl_NZ_CP166677.1_cds_WP_054020571.1_3978",NA,"ABFT21_RS20080","2-hydroxychromene-2-carboxylate isomerase","WP_054020571.1"
"lcl_NZ_CP166677.1_cds_WP_054020572.1_3979",NA,"ABFT21_RS20085","citrate synthase","WP_054020572.1"
"lcl_NZ_CP166677.1_cds_WP_054020573.1_3980",NA,"ABFT21_RS20090","FAD assembly factor SdhE","WP_054020573.1"
"lcl_NZ_CP166677.1_cds_WP_054020574.1_3981",NA,"ABFT21_RS20095","succinate dehydrogenase iron-sulfur subunit","WP_054020574.1"
"lcl_NZ_CP166677.1_cds_WP_054020575.1_3982","sdhA","ABFT21_RS20100","succinate dehydrogenase flavoprotein subunit","WP_054020575.1"
"lcl_NZ_CP166677.1_cds_WP_054020576.1_3983","sdhD","ABFT21_RS20105","succinate dehydrogenase, hydrophobic membrane anchor protein","WP_054020576.1"
"lcl_NZ_CP166677.1_cds_WP_054020577.1_3984","sdhC","ABFT21_RS20110","succinate dehydrogenase, cytochrome b556 subunit","WP_054020577.1"
"lcl_NZ_CP166677.1_cds_WP_082368312.1_3985",NA,"ABFT21_RS20115","GntR family transcriptional regulator","WP_082368312.1"
"lcl_NZ_CP166677.1_cds_WP_054020578.1_3986",NA,"ABFT21_RS20120","malate dehydrogenase","WP_054020578.1"
"lcl_NZ_CP166677.1_cds_WP_054020579.1_3987","tam","ABFT21_RS20125","trans-aconitate 2-methyltransferase","WP_054020579.1"
"lcl_NZ_CP166677.1_cds_WP_054020580.1_3988",NA,"ABFT21_RS20130","HpcH/HpaI aldolase/citrate lyase family protein","WP_054020580.1"
"lcl_NZ_CP166677.1_cds_WP_054020581.1_3989",NA,"ABFT21_RS20135","hypothetical protein","WP_054020581.1"
"lcl_NZ_CP166677.1_cds_WP_054020582.1_3990",NA,"ABFT21_RS20140","AbrB/MazE/SpoVT family DNA-binding domain-containing protein","WP_054020582.1"
"lcl_NZ_CP166677.1_cds_WP_054020583.1_3991",NA,"ABFT21_RS20145","type II toxin-antitoxin system VapC family toxin","WP_054020583.1"
"lcl_NZ_CP166677.1_cds_WP_054020584.1_3992","acnB","ABFT21_RS20150","bifunctional aconitate hydratase 2/2-methylisocitrate dehydratase","WP_054020584.1"
"lcl_NZ_CP166677.1_cds_WP_054020585.1_3993",NA,"ABFT21_RS20155","bifunctional 2',3'-cyclic-nucleotide 2'-phosphodiesterase/3'-nucleotidase","WP_054020585.1"
"lcl_NZ_CP166677.1_cds_WP_054020586.1_3994","sbcB","ABFT21_RS20160","exodeoxyribonuclease I","WP_054020586.1"
"lcl_NZ_CP166677.1_cds_WP_054020587.1_3995",NA,"ABFT21_RS20165","aconitate hydratase","WP_054020587.1"
"lcl_NZ_CP166677.1_cds_WP_054020588.1_3996",NA,"ABFT21_RS20170","ArsC/Spx/MgsR family protein","WP_054020588.1"
"lcl_NZ_CP166677.1_cds_WP_054020589.1_3997",NA,"ABFT21_RS20175","hypothetical protein","WP_054020589.1"
"lcl_NZ_CP166677.1_cds_WP_054020590.1_3998",NA,"ABFT21_RS20180","methyl-accepting chemotaxis protein","WP_054020590.1"
"lcl_NZ_CP166677.1_cds_WP_054020591.1_3999",NA,"ABFT21_RS20185","SDR family NAD(P)-dependent oxidoreductase","WP_054020591.1"
"lcl_NZ_CP166677.1_cds_WP_082368313.1_4000",NA,"ABFT21_RS20190","MFS transporter","WP_082368313.1"
"lcl_NZ_CP166677.1_cds_WP_054020592.1_4001",NA,"ABFT21_RS20195","MarR family winged helix-turn-helix transcriptional regulator","WP_054020592.1"
"lcl_NZ_CP166677.1_cds_WP_054020593.1_4002",NA,"ABFT21_RS20200","PaaI family thioesterase","WP_054020593.1"
"lcl_NZ_CP166677.1_cds_WP_054020594.1_4003","eda","ABFT21_RS20205","bifunctional 4-hydroxy-2-oxoglutarate aldolase/2-dehydro-3-deoxy-phosphogluconate aldolase","WP_054020594.1"
"lcl_NZ_CP166677.1_cds_WP_054020595.1_4004","edd","ABFT21_RS20210","phosphogluconate dehydratase","WP_054020595.1"
"lcl_NZ_CP166677.1_cds_WP_197284652.1_4005",NA,"ABFT21_RS20215","AsmA family protein","WP_197284652.1"
"lcl_NZ_CP166677.1_cds_WP_054020597.1_4006",NA,"ABFT21_RS20220","response regulator","WP_054020597.1"
"lcl_NZ_CP166677.1_cds_WP_463938209.1_4007",NA,"ABFT21_RS20225","ATP-binding protein","WP_463938209.1"
"lcl_NZ_CP166677.1_cds_WP_054020598.1_4008",NA,"ABFT21_RS20230","MFS transporter","WP_054020598.1"
"lcl_NZ_CP166677.1_cds_WP_054020599.1_4009",NA,"ABFT21_RS20235","LysR family transcriptional regulator","WP_054020599.1"
"lcl_NZ_CP166677.1_cds_WP_054020600.1_4010",NA,"ABFT21_RS20240","hypothetical protein","WP_054020600.1"
"lcl_NZ_CP166677.1_cds_WP_054020601.1_4011",NA,"ABFT21_RS20245","PAS domain S-box protein","WP_054020601.1"
"lcl_NZ_CP166677.1_cds_WP_054020602.1_4012",NA,"ABFT21_RS20250","Do family serine endopeptidase","WP_054020602.1"
"lcl_NZ_CP166677.1_cds_WP_054020661.1_4013",NA,"ABFT21_RS20255","cobyric acid synthase","WP_054020661.1"
"lcl_NZ_CP166677.1_cds_WP_157548931.1_4014",NA,"ABFT21_RS20260","hypothetical protein","WP_157548931.1"
"lcl_NZ_CP166677.1_cds_WP_157548933.1_4015",NA,"ABFT21_RS20265","hypothetical protein","WP_157548933.1"
"lcl_NZ_CP166677.1_cds_WP_054020605.1_4016",NA,"ABFT21_RS20270","CHASE3 domain-containing protein","WP_054020605.1"
"lcl_NZ_CP166677.1_cds_WP_054020606.1_4017",NA,"ABFT21_RS20275","ATP-binding response regulator","WP_054020606.1"
"lcl_NZ_CP166677.1_cds_WP_082368314.1_4018",NA,"ABFT21_RS20280","chemotaxis protein CheB","WP_082368314.1"
"lcl_NZ_CP166677.1_cds_WP_054020663.1_4019",NA,"ABFT21_RS20285","CheR family methyltransferase","WP_054020663.1"
"lcl_NZ_CP166677.1_cds_WP_231638140.1_4020",NA,"ABFT21_RS20290","hybrid sensor histidine kinase/response regulator","WP_231638140.1"
"lcl_NZ_CP166677.1_cds_WP_054020608.1_4021","pssA","ABFT21_RS20295","CDP-diacylglycerol--serine O-phosphatidyltransferase","WP_054020608.1"
"lcl_NZ_CP166677.1_cds_WP_054020664.1_4022",NA,"ABFT21_RS20300","response regulator","WP_054020664.1"
"lcl_NZ_CP166677.1_cds_WP_054020609.1_4023",NA,"ABFT21_RS20305","UbiX family flavin prenyltransferase","WP_054020609.1"
"lcl_NZ_CP166677.1_cds_WP_054020610.1_4024",NA,"ABFT21_RS20310","response regulator","WP_054020610.1"
"lcl_NZ_CP166677.1_cds_WP_054020611.1_4025",NA,"ABFT21_RS20315","hemerythrin domain-containing protein","WP_054020611.1"
"lcl_NZ_CP166677.1_cds_WP_054020612.1_4026",NA,"ABFT21_RS20320","hypothetical protein","WP_054020612.1"
"lcl_NZ_CP166677.1_cds_WP_054020613.1_4027",NA,"ABFT21_RS20325","sigma-70 family RNA polymerase sigma factor","WP_054020613.1"
"lcl_NZ_CP166677.1_cds_WP_054020614.1_4028",NA,"ABFT21_RS20330","anti-sigma factor","WP_054020614.1"
"lcl_NZ_CP166677.1_cds_WP_082368315.1_4029",NA,"ABFT21_RS20335","alpha/beta fold hydrolase","WP_082368315.1"
"lcl_NZ_CP166677.1_cds_WP_054020615.1_4030",NA,"ABFT21_RS20340","hypothetical protein","WP_054020615.1"
"lcl_NZ_CP166677.1_cds_WP_157548935.1_4031",NA,"ABFT21_RS20345","hypothetical protein","WP_157548935.1"
"lcl_NZ_CP166677.1_cds_WP_197284653.1_4032",NA,"ABFT21_RS20350","ATP-binding protein","WP_197284653.1"
"lcl_NZ_CP166677.1_cds_WP_259375160.1_4033",NA,"ABFT21_RS20355","hypothetical protein","WP_259375160.1"
"lcl_NZ_CP166677.1_cds_WP_054020617.1_4034",NA,"ABFT21_RS20360","alpha/beta family hydrolase","WP_054020617.1"
"lcl_NZ_CP166677.1_cds_WP_054020618.1_4035",NA,"ABFT21_RS20365","carboxymuconolactone decarboxylase family protein","WP_054020618.1"
"lcl_NZ_CP166677.1_cds_WP_054020619.1_4036",NA,"ABFT21_RS20370","DUF2254 domain-containing protein","WP_054020619.1"
"lcl_NZ_CP166677.1_cds_WP_054020620.1_4037",NA,"ABFT21_RS20375","ion transporter","WP_054020620.1"
"lcl_NZ_CP166677.1_cds_WP_082368317.1_4038",NA,"ABFT21_RS20380","MarR family winged helix-turn-helix transcriptional regulator","WP_082368317.1"
"lcl_NZ_CP166677.1_cds_WP_054020622.1_4039",NA,"ABFT21_RS20385","tripartite tricarboxylate transporter TctB family protein","WP_054020622.1"
"lcl_NZ_CP166677.1_cds_WP_054020623.1_4040",NA,"ABFT21_RS20390","tripartite tricarboxylate transporter permease","WP_054020623.1"
"lcl_NZ_CP166677.1_cds_WP_197284654.1_4041",NA,"ABFT21_RS20395","alpha/beta hydrolase","WP_197284654.1"
"lcl_NZ_CP166677.1_cds_WP_054020625.1_4042",NA,"ABFT21_RS20400","flavin-containing monooxygenase","WP_054020625.1"
"lcl_NZ_CP166677.1_cds_WP_054020626.1_4043",NA,"ABFT21_RS20405","SDR family NAD(P)-dependent oxidoreductase","WP_054020626.1"
"lcl_NZ_CP166677.1_cds_WP_231638141.1_4044",NA,"ABFT21_RS20410","ABC transporter substrate-binding protein","WP_231638141.1"
"lcl_NZ_CP166677.1_cds_WP_054020627.1_4045",NA,"ABFT21_RS20415","SDR family NAD(P)-dependent oxidoreductase","WP_054020627.1"
"lcl_NZ_CP166677.1_cds_WP_054020628.1_4046",NA,"ABFT21_RS20420","TetR/AcrR family transcriptional regulator","WP_054020628.1"
"lcl_NZ_CP166677.1_cds_WP_054020629.1_4047",NA,"ABFT21_RS20425","hypothetical protein","WP_054020629.1"
"lcl_NZ_CP166677.1_cds_WP_054020667.1_4048",NA,"ABFT21_RS20440","tRNA threonylcarbamoyladenosine dehydratase","WP_054020667.1"
"lcl_NZ_CP166677.1_cds_WP_054020631.1_4049",NA,"ABFT21_RS20445","YeeE/YedE family protein","WP_054020631.1"
"lcl_NZ_CP166677.1_cds_WP_054020668.1_4050","ybgF","ABFT21_RS20450","tol-pal system protein YbgF","WP_054020668.1"
"lcl_NZ_CP166677.1_cds_WP_054020632.1_4051","pal","ABFT21_RS20455","peptidoglycan-associated lipoprotein Pal","WP_054020632.1"
"lcl_NZ_CP166677.1_cds_WP_082368321.1_4052","tolB","ABFT21_RS20460","Tol-Pal system beta propeller repeat protein TolB","WP_082368321.1"
"lcl_NZ_CP166677.1_cds_WP_054020633.1_4053",NA,"ABFT21_RS20465","glycosyltransferase family 2 protein","WP_054020633.1"
"lcl_NZ_CP166677.1_cds_WP_054020634.1_4054","msbA","ABFT21_RS20470","lipid A export permease/ATP-binding protein MsbA","WP_054020634.1"
"lcl_NZ_CP166677.1_cds_WP_054020635.1_4055",NA,"ABFT21_RS20475","peroxidase-related enzyme","WP_054020635.1"
"lcl_NZ_CP166677.1_cds_WP_054020636.1_4056",NA,"ABFT21_RS20480","glycosyltransferase family 2 protein","WP_054020636.1"
"lcl_NZ_CP166677.1_cds_WP_054020637.1_4057",NA,"ABFT21_RS20485","class I SAM-dependent methyltransferase","WP_054020637.1"
"lcl_NZ_CP166677.1_cds_WP_054020638.1_4058",NA,"ABFT21_RS20490","glycosyltransferase family 2 protein","WP_054020638.1"
"lcl_NZ_CP166677.1_cds_WP_054020639.1_4059",NA,"ABFT21_RS20495","glycosyltransferase family 9 protein","WP_054020639.1"
"lcl_NZ_CP166677.1_cds_WP_054020640.1_4060",NA,"ABFT21_RS20500","hypothetical protein","WP_054020640.1"
"lcl_NZ_CP166677.1_cds_WP_054020641.1_4061",NA,"ABFT21_RS20505","MarR family winged helix-turn-helix transcriptional regulator","WP_054020641.1"
"lcl_NZ_CP166677.1_cds_WP_054020642.1_4062",NA,"ABFT21_RS20510","metal-dependent hydrolase","WP_054020642.1"
"lcl_NZ_CP166677.1_cds_WP_082368322.1_4063",NA,"ABFT21_RS20515","TetR/AcrR family transcriptional regulator","WP_082368322.1"
"lcl_NZ_CP166677.1_cds_WP_054020643.1_4064",NA,"ABFT21_RS20520","aromatic ring-hydroxylating oxygenase subunit alpha","WP_054020643.1"
"lcl_NZ_CP166677.1_cds_WP_082368323.1_4065",NA,"ABFT21_RS20525","PDR/VanB family oxidoreductase","WP_082368323.1"
"lcl_NZ_CP166677.1_cds_WP_231638142.1_4066",NA,"ABFT21_RS20530","ATP-dependent DNA helicase","WP_231638142.1"
"lcl_NZ_CP166677.1_cds_WP_054020645.1_4067",NA,"ABFT21_RS20535","crotonase/enoyl-CoA hydratase family protein","WP_054020645.1"
"lcl_NZ_CP166677.1_cds_WP_054020646.1_4068",NA,"ABFT21_RS20540","nucleoside recognition domain-containing protein","WP_054020646.1"
"lcl_NZ_CP166677.1_cds_WP_054020647.1_4069",NA,"ABFT21_RS20545","DUF4345 family protein","WP_054020647.1"
"lcl_NZ_CP166677.1_cds_WP_054020648.1_4070",NA,"ABFT21_RS20550","AraC family transcriptional regulator","WP_054020648.1"
"lcl_NZ_CP166677.1_cds_WP_082368325.1_4071",NA,"ABFT21_RS20555","AraC family transcriptional regulator","WP_082368325.1"
"lcl_NZ_CP166677.1_cds_WP_054020649.1_4072",NA,"ABFT21_RS20560","(2Fe-2S)-binding protein","WP_054020649.1"
"lcl_NZ_CP166677.1_cds_WP_054020650.1_4073",NA,"ABFT21_RS20565","xanthine dehydrogenase family protein molybdopterin-binding subunit","WP_054020650.1"
"lcl_NZ_CP166677.1_cds_WP_054020651.1_4074",NA,"ABFT21_RS20570","DUF1109 domain-containing protein","WP_054020651.1"
"lcl_NZ_CP166677.1_cds_WP_157548938.1_4075",NA,"ABFT21_RS20575","sigma-70 family RNA polymerase sigma factor","WP_157548938.1"
"lcl_NZ_CP166677.1_cds_WP_054020652.1_4076",NA,"ABFT21_RS20580","DoxX family protein","WP_054020652.1"
"lcl_NZ_CP166677.1_cds_WP_197284655.1_4077",NA,"ABFT21_RS20585","HvfC/BufC N-terminal domain-containing protein","WP_197284655.1"
"lcl_NZ_CP166677.1_cds_WP_082368326.1_4078","bufB","ABFT21_RS20590","MNIO family bufferin maturase","WP_082368326.1"
"lcl_NZ_CP166677.1_cds_WP_054020654.1_4079",NA,"ABFT21_RS20595","BufA1 family periplasmic bufferin-type metallophore","WP_054020654.1"
"lcl_NZ_CP166677.1_cds_WP_463938292.1_4080",NA,"ABFT21_RS20600","aminotransferase class III-fold pyridoxal phosphate-dependent enzyme","WP_463938292.1"
"lcl_NZ_CP166677.1_cds_WP_082368344.1_4081",NA,"ABFT21_RS20605","ATP-binding protein","WP_082368344.1"
"lcl_NZ_CP166677.1_cds_WP_082368345.1_4082",NA,"ABFT21_RS20610","alpha/beta hydrolase","WP_082368345.1"
"lcl_NZ_CP166677.1_cds_WP_054020748.1_4083",NA,"ABFT21_RS20615","nitrate reductase","WP_054020748.1"
"lcl_NZ_CP166677.1_cds_WP_054020749.1_4084","nirD","ABFT21_RS20620","nitrite reductase small subunit NirD","WP_054020749.1"
"lcl_NZ_CP166677.1_cds_WP_480338506.1_4085","nirB","ABFT21_RS20625","nitrite reductase large subunit NirB","WP_480338506.1"
"lcl_NZ_CP166677.1_cds_WP_054020751.1_4086",NA,"ABFT21_RS20630","nitrate regulatory protein","WP_054020751.1"
"lcl_NZ_CP166677.1_cds_WP_054020752.1_4087",NA,"ABFT21_RS20635","CmpA/NrtA family ABC transporter substrate-binding protein","WP_054020752.1"
"lcl_NZ_CP166677.1_cds_WP_082368346.1_4088","ntrB","ABFT21_RS20640","nitrate ABC transporter permease","WP_082368346.1"
"lcl_NZ_CP166677.1_cds_WP_054020753.1_4089",NA,"ABFT21_RS20645","ABC transporter ATP-binding protein","WP_054020753.1"
"lcl_NZ_CP166677.1_cds_WP_054020754.1_4090",NA,"ABFT21_RS20650","methyltransferase domain-containing protein","WP_054020754.1"
"lcl_NZ_CP166677.1_cds_WP_054020755.1_4091",NA,"ABFT21_RS20655","hypothetical protein","WP_054020755.1"
"lcl_NZ_CP166677.1_cds_WP_082368347.1_4092",NA,"ABFT21_RS20660","DUF924 family protein","WP_082368347.1"
"lcl_NZ_CP166677.1_cds_WP_054020756.1_4093",NA,"ABFT21_RS20665","crotonase/enoyl-CoA hydratase family protein","WP_054020756.1"
"lcl_NZ_CP166677.1_cds_WP_054020757.1_4094",NA,"ABFT21_RS20670","DUF2277 domain-containing protein","WP_054020757.1"
"lcl_NZ_CP166677.1_cds_WP_054020758.1_4095",NA,"ABFT21_RS20675","DUF1345 domain-containing protein","WP_054020758.1"
"lcl_NZ_CP166677.1_cds_WP_054020759.1_4096",NA,"ABFT21_RS20680","hypothetical protein","WP_054020759.1"
"lcl_NZ_CP166677.1_cds_WP_054020760.1_4097",NA,"ABFT21_RS20685","tripartite tricarboxylate transporter substrate binding protein","WP_054020760.1"
"lcl_NZ_CP166677.1_cds_ABFT21_RS20690_4098",NA,"ABFT21_RS20690","LysR substrate-binding domain-containing protein",NA
"lcl_NZ_CP166677.1_cds_WP_231638147.1_4099",NA,"ABFT21_RS20695","hypothetical protein","WP_231638147.1"
"lcl_NZ_CP166677.1_cds_WP_054020761.1_4100",NA,"ABFT21_RS20700","glycine zipper 2TM domain-containing protein","WP_054020761.1"
"lcl_NZ_CP166677.1_cds_WP_054020762.1_4101",NA,"ABFT21_RS20705","SRPBCC family protein","WP_054020762.1"
"lcl_NZ_CP166677.1_cds_ABFT21_RS20710_4102",NA,"ABFT21_RS20710","ArsR/SmtB family transcription factor",NA
"lcl_NZ_CP166677.1_cds_WP_054020763.1_4103",NA,"ABFT21_RS20715","hypothetical protein","WP_054020763.1"
"lcl_NZ_CP166677.1_cds_WP_054020764.1_4104",NA,"ABFT21_RS20720","aminotransferase-like domain-containing protein","WP_054020764.1"
"lcl_NZ_CP166677.1_cds_WP_157548967.1_4105",NA,"ABFT21_RS20725","DUF4405 domain-containing protein","WP_157548967.1"
"lcl_NZ_CP166677.1_cds_WP_054020766.1_4106",NA,"ABFT21_RS20730","hypothetical protein","WP_054020766.1"
"lcl_NZ_CP166677.1_cds_WP_054020767.1_4107",NA,"ABFT21_RS20735","methanobactin export MATE transporter MbnM","WP_054020767.1"
"lcl_NZ_CP166677.1_cds_WP_197284663.1_4108",NA,"ABFT21_RS20740","MbnP family copper-binding protein","WP_197284663.1"
"lcl_NZ_CP166677.1_cds_WP_054020768.1_4109",NA,"ABFT21_RS20745","copper chaperone PCu(A)C","WP_054020768.1"
"lcl_NZ_CP166677.1_cds_WP_054020769.1_4110",NA,"ABFT21_RS20750","SCO family protein","WP_054020769.1"
"lcl_NZ_CP166677.1_cds_WP_197284664.1_4111",NA,"ABFT21_RS20755","hypothetical protein","WP_197284664.1"
"lcl_NZ_CP166677.1_cds_WP_054020771.1_4112",NA,"ABFT21_RS20760","hypothetical protein","WP_054020771.1"
"lcl_NZ_CP166677.1_cds_WP_054020772.1_4113",NA,"ABFT21_RS20765","DUF2946 domain-containing protein","WP_054020772.1"
"lcl_NZ_CP166677.1_cds_WP_054020773.1_4114",NA,"ABFT21_RS20770","hypothetical protein","WP_054020773.1"
"lcl_NZ_CP166677.1_cds_WP_054020891.1_4115",NA,"ABFT21_RS20775","nucleotidyltransferase domain-containing protein","WP_054020891.1"
"lcl_NZ_CP166677.1_cds_WP_054020774.1_4116",NA,"ABFT21_RS20780","DUF2075 domain-containing protein","WP_054020774.1"
"lcl_NZ_CP166677.1_cds_WP_054020775.1_4117",NA,"ABFT21_RS20785","hypothetical protein","WP_054020775.1"
"lcl_NZ_CP166677.1_cds_WP_157548972.1_4118",NA,"ABFT21_RS20790","nucleotidyltransferase domain-containing protein","WP_157548972.1"
"lcl_NZ_CP166677.1_cds_WP_054020892.1_4119","rng","ABFT21_RS20795","ribonuclease G","WP_054020892.1"
"lcl_NZ_CP166677.1_cds_WP_054020893.1_4120",NA,"ABFT21_RS20800","Maf family protein","WP_054020893.1"
"lcl_NZ_CP166677.1_cds_WP_054020777.1_4121","rlmH","ABFT21_RS20805","23S rRNA (pseudouridine(1915)-N(3))-methyltransferase RlmH","WP_054020777.1"
"lcl_NZ_CP166677.1_cds_WP_082368350.1_4122","rsfS","ABFT21_RS20810","ribosome silencing factor","WP_082368350.1"
"lcl_NZ_CP166677.1_cds_WP_231638148.1_4123","nadD","ABFT21_RS20815","nicotinate (nicotinamide) nucleotide adenylyltransferase","WP_231638148.1"
"lcl_NZ_CP166677.1_cds_WP_054020778.1_4124","hemF","ABFT21_RS20820","oxygen-dependent coproporphyrinogen oxidase","WP_054020778.1"
"lcl_NZ_CP166677.1_cds_WP_054020779.1_4125","purD","ABFT21_RS20825","phosphoribosylamine--glycine ligase","WP_054020779.1"
"lcl_NZ_CP166677.1_cds_WP_054020780.1_4126",NA,"ABFT21_RS20830","YebC/PmpR family DNA-binding transcriptional regulator","WP_054020780.1"
"lcl_NZ_CP166677.1_cds_WP_054020781.1_4127",NA,"ABFT21_RS20835","helicase HerA-like domain-containing protein","WP_054020781.1"
"lcl_NZ_CP166677.1_cds_WP_082368351.1_4128",NA,"ABFT21_RS20840","M14 family metallopeptidase","WP_082368351.1"
"lcl_NZ_CP166677.1_cds_WP_157548978.1_4129",NA,"ABFT21_RS20845","sensor histidine kinase","WP_157548978.1"
"lcl_NZ_CP166677.1_cds_WP_054020783.1_4130",NA,"ABFT21_RS20850","LytR/AlgR family response regulator transcription factor","WP_054020783.1"
"lcl_NZ_CP166677.1_cds_WP_054020784.1_4131",NA,"ABFT21_RS20855","hypothetical protein","WP_054020784.1"
"lcl_NZ_CP166677.1_cds_WP_054020785.1_4132",NA,"ABFT21_RS20860","glutamine--tRNA ligase/YqeY domain fusion protein","WP_054020785.1"
"lcl_NZ_CP166677.1_cds_WP_054020786.1_4133",NA,"ABFT21_RS20865","transglycosylase domain-containing protein","WP_054020786.1"
"lcl_NZ_CP166677.1_cds_WP_054020787.1_4134",NA,"ABFT21_RS20870","tetratricopeptide repeat protein","WP_054020787.1"
"lcl_NZ_CP166677.1_cds_WP_054020788.1_4135",NA,"ABFT21_RS20875","3-deoxy-D-manno-octulosonic acid transferase","WP_054020788.1"
"lcl_NZ_CP166677.1_cds_WP_082368352.1_4136","waaC","ABFT21_RS20880","lipopolysaccharide heptosyltransferase I","WP_082368352.1"
"lcl_NZ_CP166677.1_cds_WP_054020789.1_4137",NA,"ABFT21_RS20885","phosphomannomutase/phosphoglucomutase","WP_054020789.1"
"lcl_NZ_CP166677.1_cds_WP_054020790.1_4138",NA,"ABFT21_RS20890","sensor histidine kinase","WP_054020790.1"
"lcl_NZ_CP166677.1_cds_WP_082368353.1_4139",NA,"ABFT21_RS20895","LytR/AlgR family response regulator transcription factor","WP_082368353.1"
"lcl_NZ_CP166677.1_cds_WP_054020791.1_4140",NA,"ABFT21_RS20900","Ada metal-binding domain-containing protein","WP_054020791.1"
"lcl_NZ_CP166677.1_cds_WP_082368354.1_4141",NA,"ABFT21_RS20905","methylated-DNA--[protein","WP_082368354.1"
"lcl_NZ_CP166677.1_cds_WP_054020792.1_4142",NA,"ABFT21_RS20910","DMT family transporter","WP_054020792.1"
"lcl_NZ_CP166677.1_cds_WP_157548980.1_4143",NA,"ABFT21_RS20915","hypothetical protein","WP_157548980.1"
"lcl_NZ_CP166677.1_cds_WP_157548982.1_4144","aat","ABFT21_RS20920","leucyl/phenylalanyl-tRNA--protein transferase","WP_157548982.1"
"lcl_NZ_CP166677.1_cds_WP_054020795.1_4145",NA,"ABFT21_RS20925","arginyltransferase","WP_054020795.1"
"lcl_NZ_CP166677.1_cds_WP_157548984.1_4146",NA,"ABFT21_RS20930","alpha/beta hydrolase","WP_157548984.1"
"lcl_NZ_CP166677.1_cds_WP_054020797.1_4147",NA,"ABFT21_RS20935","response regulator transcription factor","WP_054020797.1"
"lcl_NZ_CP166677.1_cds_WP_463938186.1_4148",NA,"ABFT21_RS20940","sensor histidine kinase","WP_463938186.1"
"lcl_NZ_CP166677.1_cds_WP_082368355.1_4149","ccmA","ABFT21_RS20945","cytochrome c biogenesis heme-transporting ATPase CcmA","WP_082368355.1"
"lcl_NZ_CP166677.1_cds_WP_054020799.1_4150","ccmB","ABFT21_RS20950","heme exporter protein CcmB","WP_054020799.1"
"lcl_NZ_CP166677.1_cds_WP_054020898.1_4151","ccmC","ABFT21_RS20955","heme ABC transporter permease CcmC","WP_054020898.1"
"lcl_NZ_CP166677.1_cds_WP_054020800.1_4152","ccmD","ABFT21_RS20960","heme exporter protein CcmD","WP_054020800.1"
"lcl_NZ_CP166677.1_cds_WP_054020801.1_4153","ccmE","ABFT21_RS20965","cytochrome c maturation protein CcmE","WP_054020801.1"
"lcl_NZ_CP166677.1_cds_WP_054020802.1_4154",NA,"ABFT21_RS20970","heme lyase CcmF/NrfE family subunit","WP_054020802.1"
"lcl_NZ_CP166677.1_cds_WP_393938703.1_4155",NA,"ABFT21_RS20975","DsbE family thiol:disulfide interchange protein","WP_393938703.1"
"lcl_NZ_CP166677.1_cds_WP_054020803.1_4156",NA,"ABFT21_RS20980","cytochrome c-type biogenesis protein","WP_054020803.1"
"lcl_NZ_CP166677.1_cds_WP_054020804.1_4157","ccmI","ABFT21_RS20985","c-type cytochrome biogenesis protein CcmI","WP_054020804.1"
"lcl_NZ_CP166677.1_cds_WP_054020805.1_4158",NA,"ABFT21_RS20990","HAD-IA family hydrolase","WP_054020805.1"
"lcl_NZ_CP166677.1_cds_WP_054020806.1_4159","fba","ABFT21_RS20995","class II fructose-bisphosphate aldolase","WP_054020806.1"
"lcl_NZ_CP166677.1_cds_WP_054020807.1_4160","gph","ABFT21_RS21000","phosphoglycolate phosphatase","WP_054020807.1"
"lcl_NZ_CP166677.1_cds_WP_054020808.1_4161","tkt","ABFT21_RS21005","transketolase","WP_054020808.1"
"lcl_NZ_CP166677.1_cds_WP_054020809.1_4162",NA,"ABFT21_RS21010","phosphoribulokinase","WP_054020809.1"
"lcl_NZ_CP166677.1_cds_WP_054020810.1_4163",NA,"ABFT21_RS21015","class 1 fructose-bisphosphatase","WP_054020810.1"
"lcl_NZ_CP166677.1_cds_WP_082368356.1_4164","cbbX","ABFT21_RS21020","CbbX protein","WP_082368356.1"
"lcl_NZ_CP166677.1_cds_WP_054020811.1_4165","rpe","ABFT21_RS21025","ribulose-phosphate 3-epimerase","WP_054020811.1"
"lcl_NZ_CP166677.1_cds_WP_054020812.1_4166",NA,"ABFT21_RS21030","ribulose bisphosphate carboxylase small subunit","WP_054020812.1"
"lcl_NZ_CP166677.1_cds_WP_054020813.1_4167",NA,"ABFT21_RS21035","form I ribulose bisphosphate carboxylase large subunit","WP_054020813.1"
"lcl_NZ_CP166677.1_cds_WP_082368357.1_4168",NA,"ABFT21_RS21040","LysR family transcriptional regulator","WP_082368357.1"
"lcl_NZ_CP166677.1_cds_WP_054020814.1_4169",NA,"ABFT21_RS21045","GNAT family N-acetyltransferase","WP_054020814.1"
"lcl_NZ_CP166677.1_cds_WP_054020815.1_4170",NA,"ABFT21_RS21050","RidA family protein","WP_054020815.1"
"lcl_NZ_CP166677.1_cds_WP_054020816.1_4171",NA,"ABFT21_RS21055","AMP-binding protein","WP_054020816.1"
"lcl_NZ_CP166677.1_cds_WP_054020901.1_4172",NA,"ABFT21_RS21060","acyl-CoA dehydrogenase family protein","WP_054020901.1"
"lcl_NZ_CP166677.1_cds_WP_054020817.1_4173",NA,"ABFT21_RS21065","enoyl-CoA hydratase family protein","WP_054020817.1"
"lcl_NZ_CP166677.1_cds_ABFT21_RS21070_4174",NA,"ABFT21_RS21070","MarR family winged helix-turn-helix transcriptional regulator",NA
"lcl_NZ_CP166677.1_cds_WP_054020818.1_4175",NA,"ABFT21_RS21075","bifunctional salicylyl-CoA 5-hydroxylase/oxidoreductase","WP_054020818.1"
"lcl_NZ_CP166677.1_cds_WP_157548988.1_4176",NA,"ABFT21_RS21080","hypothetical protein","WP_157548988.1"
"lcl_NZ_CP166677.1_cds_ABFT21_RS21085_4177",NA,"ABFT21_RS21085","alpha/beta hydrolase",NA
"lcl_NZ_CP166677.1_cds_WP_054020820.1_4178",NA,"ABFT21_RS21090","hypothetical protein","WP_054020820.1"
"lcl_NZ_CP166677.1_cds_WP_054020821.1_4179",NA,"ABFT21_RS21095","PadR family transcriptional regulator","WP_054020821.1"
"lcl_NZ_CP166677.1_cds_WP_393938714.1_4180",NA,"ABFT21_RS21100","DUF3861 domain-containing protein","WP_393938714.1"
"lcl_NZ_CP166677.1_cds_WP_054020823.1_4181",NA,"ABFT21_RS21105","alpha/beta hydrolase family protein","WP_054020823.1"
"lcl_NZ_CP166677.1_cds_WP_231638149.1_4182",NA,"ABFT21_RS21110","nucleotidyl transferase AbiEii/AbiGii toxin family protein","WP_231638149.1"
"lcl_NZ_CP166677.1_cds_WP_197284666.1_4183",NA,"ABFT21_RS21115","helix-turn-helix domain-containing protein","WP_197284666.1"
"lcl_NZ_CP166677.1_cds_WP_054020825.1_4184","dnaQ","ABFT21_RS21125","DNA polymerase III subunit epsilon","WP_054020825.1"
"lcl_NZ_CP166677.1_cds_WP_054020826.1_4185","lgt","ABFT21_RS21130","prolipoprotein diacylglyceryl transferase","WP_054020826.1"
"lcl_NZ_CP166677.1_cds_WP_054020827.1_4186",NA,"ABFT21_RS21135","LysR family transcriptional regulator","WP_054020827.1"
"lcl_NZ_CP166677.1_cds_WP_054020828.1_4187","ilvD","ABFT21_RS21140","dihydroxy-acid dehydratase","WP_054020828.1"
"lcl_NZ_CP166677.1_cds_WP_054020829.1_4188",NA,"ABFT21_RS21145","ABC transporter transmembrane domain-containing protein","WP_054020829.1"
"lcl_NZ_CP166677.1_cds_WP_082368377.1_4189",NA,"ABFT21_RS21150","YiaD family glycine zipper/OmpA-like lipoprotein","WP_082368377.1"
"lcl_NZ_CP166677.1_cds_WP_054020830.1_4190",NA,"ABFT21_RS21155","thymidylate synthase","WP_054020830.1"
"lcl_NZ_CP166677.1_cds_WP_054020831.1_4191",NA,"ABFT21_RS21160","hypothetical protein","WP_054020831.1"
"lcl_NZ_CP166677.1_cds_WP_054020832.1_4192",NA,"ABFT21_RS21165","error-prone DNA polymerase","WP_054020832.1"
"lcl_NZ_CP166677.1_cds_WP_054020833.1_4193",NA,"ABFT21_RS21170","protein kinase domain-containing protein","WP_054020833.1"
"lcl_NZ_CP166677.1_cds_WP_054020834.1_4194",NA,"ABFT21_RS21175","polysaccharide deacetylase family protein","WP_054020834.1"
"lcl_NZ_CP166677.1_cds_WP_054020835.1_4195",NA,"ABFT21_RS21180","tetratricopeptide repeat protein","WP_054020835.1"
"lcl_NZ_CP166677.1_cds_WP_197284667.1_4196",NA,"ABFT21_RS21185","LysM peptidoglycan-binding domain-containing protein","WP_197284667.1"
"lcl_NZ_CP166677.1_cds_WP_054020837.1_4197",NA,"ABFT21_RS21190","lytic murein transglycosylase","WP_054020837.1"
"lcl_NZ_CP166677.1_cds_WP_197284668.1_4198",NA,"ABFT21_RS21195","GNAT family N-acetyltransferase","WP_197284668.1"
"lcl_NZ_CP166677.1_cds_WP_054020838.1_4199",NA,"ABFT21_RS21200","UbiD family decarboxylase","WP_054020838.1"
"lcl_NZ_CP166677.1_cds_WP_393938723.1_4200",NA,"ABFT21_RS21205","lytic transglycosylase domain-containing protein","WP_393938723.1"
"lcl_NZ_CP166677.1_cds_WP_054020840.1_4201","glyA","ABFT21_RS21210","serine hydroxymethyltransferase","WP_054020840.1"
"lcl_NZ_CP166677.1_cds_WP_054020841.1_4202","nrdR","ABFT21_RS21215","transcriptional regulator NrdR","WP_054020841.1"
"lcl_NZ_CP166677.1_cds_WP_157548994.1_4203",NA,"ABFT21_RS21220","GspH/FimT family protein","WP_157548994.1"
"lcl_NZ_CP166677.1_cds_WP_054020843.1_4204",NA,"ABFT21_RS21225","type IV pilin protein","WP_054020843.1"
"lcl_NZ_CP166677.1_cds_WP_054020844.1_4205",NA,"ABFT21_RS21230","prepilin-type N-terminal cleavage/methylation domain-containing protein","WP_054020844.1"
"lcl_NZ_CP166677.1_cds_WP_197284669.1_4206",NA,"ABFT21_RS21235","YML083C domain-containing protein","WP_197284669.1"
"lcl_NZ_CP166677.1_cds_WP_157548996.1_4207",NA,"ABFT21_RS21240","type IV pilus modification PilV family protein","WP_157548996.1"
"lcl_NZ_CP166677.1_cds_WP_054020847.1_4208","ribD","ABFT21_RS21245","bifunctional diaminohydroxyphosphoribosylaminopyrimidine deaminase/5-amino-6-(5-phosphoribosylamino)uracil reductase RibD","WP_054020847.1"
"lcl_NZ_CP166677.1_cds_WP_054020848.1_4209",NA,"ABFT21_RS21250","riboflavin synthase","WP_054020848.1"
"lcl_NZ_CP166677.1_cds_WP_054020904.1_4210","ribBA","ABFT21_RS21255","bifunctional 3,4-dihydroxy-2-butanone-4-phosphate synthase/GTP cyclohydrolase II","WP_054020904.1"
"lcl_NZ_CP166677.1_cds_WP_054020849.1_4211","ribH","ABFT21_RS21260","6,7-dimethyl-8-ribityllumazine synthase","WP_054020849.1"
"lcl_NZ_CP166677.1_cds_WP_054020850.1_4212","nusB","ABFT21_RS21265","transcription antitermination factor NusB","WP_054020850.1"
"lcl_NZ_CP166677.1_cds_WP_054020851.1_4213",NA,"ABFT21_RS21270","pyridoxal phosphate-dependent aminotransferase","WP_054020851.1"
"lcl_NZ_CP166677.1_cds_WP_054020852.1_4214",NA,"ABFT21_RS21275","YbgC/FadM family acyl-CoA thioesterase","WP_054020852.1"
"lcl_NZ_CP166677.1_cds_WP_054020853.1_4215","tolQ","ABFT21_RS21280","protein TolQ","WP_054020853.1"
"lcl_NZ_CP166677.1_cds_WP_054020905.1_4216",NA,"ABFT21_RS21285","ExbD/TolR family protein","WP_054020905.1"
"lcl_NZ_CP166677.1_cds_WP_054020854.1_4217","tolA","ABFT21_RS21290","cell envelope integrity protein TolA","WP_054020854.1"
"lcl_NZ_CP166677.1_cds_WP_054020855.1_4218",NA,"ABFT21_RS21295","PAS domain-containing protein","WP_054020855.1"
"lcl_NZ_CP166677.1_cds_WP_054020856.1_4219",NA,"ABFT21_RS21300","response regulator","WP_054020856.1"
"lcl_NZ_CP166677.1_cds_WP_054020857.1_4220",NA,"ABFT21_RS21305","response regulator","WP_054020857.1"
"lcl_NZ_CP166677.1_cds_WP_231638150.1_4221","pcp","ABFT21_RS21310","pyroglutamyl-peptidase I","WP_231638150.1"
"lcl_NZ_CP166677.1_cds_ABFT21_RS21315_4222",NA,"ABFT21_RS21315","GNAT family N-acetyltransferase",NA
"lcl_NZ_CP166677.1_cds_WP_054020906.1_4223",NA,"ABFT21_RS21320","MSMEG_1061 family FMN-dependent PPOX-type flavoprotein","WP_054020906.1"
"lcl_NZ_CP166677.1_cds_WP_054020859.1_4224",NA,"ABFT21_RS21325","hydantoinase B/oxoprolinase family protein","WP_054020859.1"
"lcl_NZ_CP166677.1_cds_WP_054020860.1_4225",NA,"ABFT21_RS21330","winged helix DNA-binding protein","WP_054020860.1"
"lcl_NZ_CP166677.1_cds_WP_054020861.1_4226",NA,"ABFT21_RS21335","TRAP transporter substrate-binding protein","WP_054020861.1"
"lcl_NZ_CP166677.1_cds_WP_054020862.1_4227",NA,"ABFT21_RS21340","TRAP transporter small permease","WP_054020862.1"
"lcl_NZ_CP166677.1_cds_WP_054020863.1_4228",NA,"ABFT21_RS21345","TRAP transporter large permease","WP_054020863.1"
"lcl_NZ_CP166677.1_cds_WP_082368366.1_4229",NA,"ABFT21_RS21350","GspE/PulE family protein","WP_082368366.1"
"lcl_NZ_CP166677.1_cds_WP_054020864.1_4230",NA,"ABFT21_RS21355","putative bifunctional diguanylate cyclase/phosphodiesterase","WP_054020864.1"
"lcl_NZ_CP166677.1_cds_WP_054020865.1_4231",NA,"ABFT21_RS21360","glycoside hydrolase family 15 protein","WP_054020865.1"
"lcl_NZ_CP166677.1_cds_WP_054020866.1_4232","treY","ABFT21_RS21365","malto-oligosyltrehalose synthase","WP_054020866.1"
"lcl_NZ_CP166677.1_cds_WP_082368367.1_4233","treZ","ABFT21_RS21370","malto-oligosyltrehalose trehalohydrolase","WP_082368367.1"
"lcl_NZ_CP166677.1_cds_WP_054020867.1_4234","glgX","ABFT21_RS21375","glycogen debranching protein GlgX","WP_054020867.1"
"lcl_NZ_CP166677.1_cds_ABFT21_RS21380_4235",NA,"ABFT21_RS21380","glucose-1-phosphate adenylyltransferase",NA
"lcl_NZ_CP166677.1_cds_WP_197284670.1_4236",NA,"ABFT21_RS21385","DUF3182 family protein","WP_197284670.1"
"lcl_NZ_CP166677.1_cds_WP_054020870.1_4237",NA,"ABFT21_RS21390","alpha/beta hydrolase family protein","WP_054020870.1"
"lcl_NZ_CP166677.1_cds_WP_082368369.1_4238",NA,"ABFT21_RS21395","endonuclease/exonuclease/phosphatase family protein","WP_082368369.1"
"lcl_NZ_CP166677.1_cds_WP_231638151.1_4239","clsB","ABFT21_RS21400","cardiolipin synthase ClsB","WP_231638151.1"
"lcl_NZ_CP166677.1_cds_WP_197284671.1_4240",NA,"ABFT21_RS21405","lysylphosphatidylglycerol synthase domain-containing protein","WP_197284671.1"
"lcl_NZ_CP166677.1_cds_WP_082368370.1_4241","pedH","ABFT21_RS21410","PQQ-dependent ethylene glycol dehydrogenase PedH","WP_082368370.1"
"lcl_NZ_CP166677.1_cds_WP_054020871.1_4242",NA,"ABFT21_RS21415","response regulator","WP_054020871.1"
"lcl_NZ_CP166677.1_cds_WP_054020872.1_4243",NA,"ABFT21_RS21420","histidine kinase","WP_054020872.1"
"lcl_NZ_CP166677.1_cds_WP_054020873.1_4244","pedE","ABFT21_RS21425","PQQ-dependent ethylene glycol dehydrogenase PedE","WP_054020873.1"
"lcl_NZ_CP166677.1_cds_WP_231638152.1_4245",NA,"ABFT21_RS21430","pentapeptide repeat-containing protein","WP_231638152.1"
"lcl_NZ_CP166677.1_cds_WP_054020875.1_4246",NA,"ABFT21_RS21435","c-type cytochrome","WP_054020875.1"
"lcl_NZ_CP166677.1_cds_WP_082368371.1_4247",NA,"ABFT21_RS21440","quinoprotein relay system zinc metallohydrolase 1","WP_082368371.1"
"lcl_NZ_CP166677.1_cds_WP_082368372.1_4248",NA,"ABFT21_RS21445","quinoprotein dehydrogenase-associated SoxYZ-like carrier","WP_082368372.1"
"lcl_NZ_CP166677.1_cds_WP_054020876.1_4249",NA,"ABFT21_RS21450","XdhC family protein","WP_054020876.1"
"lcl_NZ_CP166677.1_cds_WP_054020877.1_4250",NA,"ABFT21_RS21455","SRPBCC family protein","WP_054020877.1"
"lcl_NZ_CP166677.1_cds_WP_054020878.1_4251",NA,"ABFT21_RS21460","vWA domain-containing protein","WP_054020878.1"
"lcl_NZ_CP166677.1_cds_WP_054020879.1_4252",NA,"ABFT21_RS21465","AAA family ATPase","WP_054020879.1"
"lcl_NZ_CP166677.1_cds_WP_054020880.1_4253",NA,"ABFT21_RS21470","FAD binding domain-containing protein","WP_054020880.1"
"lcl_NZ_CP166677.1_cds_WP_054020881.1_4254",NA,"ABFT21_RS21475","xanthine dehydrogenase family protein molybdopterin-binding subunit","WP_054020881.1"
"lcl_NZ_CP166677.1_cds_WP_054020882.1_4255",NA,"ABFT21_RS21480","(2Fe-2S)-binding protein","WP_054020882.1"
"lcl_NZ_CP166677.1_cds_WP_082368373.1_4256",NA,"ABFT21_RS21485","catalase family peroxidase","WP_082368373.1"
"lcl_NZ_CP166677.1_cds_WP_054020883.1_4257",NA,"ABFT21_RS21490","hypothetical protein","WP_054020883.1"
"lcl_NZ_CP166677.1_cds_WP_054020884.1_4258",NA,"ABFT21_RS21495","cache domain-containing protein","WP_054020884.1"
"lcl_NZ_CP166677.1_cds_WP_463938185.1_4259",NA,"ABFT21_RS21500","methyl-accepting chemotaxis protein","WP_463938185.1"
"lcl_NZ_CP166677.1_cds_WP_231638108.1_4260",NA,"ABFT21_RS21505","hypothetical protein","WP_231638108.1"
"lcl_NZ_CP166677.1_cds_WP_054020107.1_4261",NA,"ABFT21_RS21510","MFS transporter","WP_054020107.1"
"lcl_NZ_CP166677.1_cds_WP_054020108.1_4262",NA,"ABFT21_RS21515","SUMF1/EgtB/PvdO family nonheme iron enzyme","WP_054020108.1"
"lcl_NZ_CP166677.1_cds_WP_054020122.1_4263","selD","ABFT21_RS21520","selenide, water dikinase SelD","WP_054020122.1"
"lcl_NZ_CP166677.1_cds_WP_054020109.1_4264",NA,"ABFT21_RS21525","response regulator transcription factor","WP_054020109.1"
"lcl_NZ_CP166677.1_cds_WP_054020110.1_4265",NA,"ABFT21_RS21530","sensor histidine kinase","WP_054020110.1"
"lcl_NZ_CP166677.1_cds_WP_054020111.1_4266","folE2","ABFT21_RS21535","GTP cyclohydrolase FolE2","WP_054020111.1"
"lcl_NZ_CP166677.1_cds_WP_054020112.1_4267","dxs","ABFT21_RS21540","1-deoxy-D-xylulose-5-phosphate synthase","WP_054020112.1"
"lcl_NZ_CP166677.1_cds_WP_054020113.1_4268",NA,"ABFT21_RS21545","polyprenyl synthetase family protein","WP_054020113.1"
"lcl_NZ_CP166677.1_cds_WP_054020114.1_4269","xseB","ABFT21_RS21550","exodeoxyribonuclease VII small subunit","WP_054020114.1"
"lcl_NZ_CP166677.1_cds_WP_054020123.1_4270",NA,"ABFT21_RS21555","aromatic ring-hydroxylating oxygenase subunit alpha","WP_054020123.1"
"lcl_NZ_CP166677.1_cds_WP_054020115.1_4271",NA,"ABFT21_RS21560","DMT family transporter","WP_054020115.1"
"lcl_NZ_CP166677.1_cds_WP_054020116.1_4272",NA,"ABFT21_RS21565","sulfurtransferase","WP_054020116.1"
"lcl_NZ_CP166677.1_cds_WP_054020117.1_4273",NA,"ABFT21_RS21570","universal stress protein","WP_054020117.1"
"lcl_NZ_CP166677.1_cds_WP_259375156.1_4274",NA,"ABFT21_RS21575","serine/threonine-protein kinase","WP_259375156.1"
"lcl_NZ_CP166677.1_cds_WP_082368243.1_4275",NA,"ABFT21_RS21580","OmpA family protein","WP_082368243.1"
"lcl_NZ_CP166677.1_cds_WP_054020119.1_4276",NA,"ABFT21_RS21585","dienelactone hydrolase family protein","WP_054020119.1"
"lcl_NZ_CP166677.1_cds_WP_054020120.1_4277","ppx","ABFT21_RS21590","exopolyphosphatase","WP_054020120.1"
"lcl_NZ_CP166677.1_cds_WP_082368244.1_4278",NA,"ABFT21_RS21595","ShlB/FhaC/HecB family hemolysin secretion/activation protein","WP_082368244.1"
"lcl_NZ_CP166677.1_cds_WP_463938184.1_4279",NA,"ABFT21_RS21600","YDG domain-containing protein","WP_463938184.1"
"lcl_NZ_CP166677.1_cds_WP_054020313.1_4280",NA,"ABFT21_RS21605","OmpA family protein","WP_054020313.1"
"lcl_NZ_CP166677.1_cds_WP_054020314.1_4281",NA,"ABFT21_RS21610","hypothetical protein","WP_054020314.1"
"lcl_NZ_CP166677.1_cds_WP_054020315.1_4282",NA,"ABFT21_RS21615","serine/threonine-protein kinase","WP_054020315.1"
"lcl_NZ_CP166677.1_cds_WP_054020316.1_4283",NA,"ABFT21_RS21620","SixA phosphatase family protein","WP_054020316.1"
"lcl_NZ_CP166677.1_cds_WP_082368278.1_4284","ppk1","ABFT21_RS21625","polyphosphate kinase 1","WP_082368278.1"
"lcl_NZ_CP166677.1_cds_WP_054020317.1_4285",NA,"ABFT21_RS21630","DsbC family protein","WP_054020317.1"
"lcl_NZ_CP166677.1_cds_WP_054020318.1_4286",NA,"ABFT21_RS21635","FAD-dependent monooxygenase","WP_054020318.1"
"lcl_NZ_CP166677.1_cds_WP_054020319.1_4287",NA,"ABFT21_RS21640","MOSC domain-containing protein","WP_054020319.1"
"lcl_NZ_CP166677.1_cds_WP_054020320.1_4288",NA,"ABFT21_RS21645","pirin family protein","WP_054020320.1"
"lcl_NZ_CP166677.1_cds_WP_054020321.1_4289","ychF","ABFT21_RS21650","redox-regulated ATPase YchF","WP_054020321.1"
"lcl_NZ_CP166677.1_cds_WP_054020322.1_4290",NA,"ABFT21_RS21655","CHASE domain-containing protein","WP_054020322.1"
"lcl_NZ_CP166677.1_cds_WP_054020323.1_4291","rpoH","ABFT21_RS21660","RNA polymerase sigma factor RpoH","WP_054020323.1"
"lcl_NZ_CP166677.1_cds_WP_054020324.1_4292",NA,"ABFT21_RS21665","hypothetical protein","WP_054020324.1"
"lcl_NZ_CP166677.1_cds_WP_439951441.1_4293",NA,"ABFT21_RS21670","SCO family protein","WP_439951441.1"
"lcl_NZ_CP166677.1_cds_WP_054020325.1_4294","cyoE","ABFT21_RS21675","heme o synthase","WP_054020325.1"
"lcl_NZ_CP166677.1_cds_WP_082368280.1_4295",NA,"ABFT21_RS21680","COX15/CtaA family protein","WP_082368280.1"
"lcl_NZ_CP166677.1_cds_WP_054020326.1_4296",NA,"ABFT21_RS21685","SCO family protein","WP_054020326.1"
"lcl_NZ_CP166677.1_cds_WP_054020327.1_4297",NA,"ABFT21_RS21690","SURF1 family protein","WP_054020327.1"
"lcl_NZ_CP166677.1_cds_WP_054020328.1_4298",NA,"ABFT21_RS21695","DUF2909 domain-containing protein","WP_054020328.1"
"lcl_NZ_CP166677.1_cds_WP_054020329.1_4299",NA,"ABFT21_RS21700","cytochrome c oxidase subunit 3","WP_054020329.1"
"lcl_NZ_CP166677.1_cds_WP_054020330.1_4300",NA,"ABFT21_RS21705","DUF2970 domain-containing protein","WP_054020330.1"
"lcl_NZ_CP166677.1_cds_WP_054020331.1_4301",NA,"ABFT21_RS21710","cytochrome c oxidase assembly protein","WP_054020331.1"
"lcl_NZ_CP166677.1_cds_WP_231638122.1_4302",NA,"ABFT21_RS21715","cytochrome oxidase small assembly protein","WP_231638122.1"
"lcl_NZ_CP166677.1_cds_WP_054020332.1_4303","ctaD","ABFT21_RS21720","cytochrome c oxidase subunit I","WP_054020332.1"
"lcl_NZ_CP166677.1_cds_WP_082368282.1_4304","coxB","ABFT21_RS21725","cytochrome c oxidase subunit II","WP_082368282.1"
"lcl_NZ_CP166677.1_cds_WP_231638123.1_4305",NA,"ABFT21_RS21730","DUF2244 domain-containing protein","WP_231638123.1"
"lcl_NZ_CP166677.1_cds_WP_054020333.1_4306",NA,"ABFT21_RS21735","class I SAM-dependent methyltransferase","WP_054020333.1"
"lcl_NZ_CP166677.1_cds_WP_197284638.1_4307",NA,"ABFT21_RS21740","ComF family protein","WP_197284638.1"
"lcl_NZ_CP166677.1_cds_WP_054020335.1_4308",NA,"ABFT21_RS21745","tRNA (cytidine(34)-2'-O)-methyltransferase","WP_054020335.1"
"lcl_NZ_CP166677.1_cds_WP_054020367.1_4309",NA,"ABFT21_RS21750","Bug family tripartite tricarboxylate transporter substrate binding protein","WP_054020367.1"
"lcl_NZ_CP166677.1_cds_WP_054020336.1_4310",NA,"ABFT21_RS21755","NAD(P)H-dependent glycerol-3-phosphate dehydrogenase","WP_054020336.1"
"lcl_NZ_CP166677.1_cds_WP_054020337.1_4311","secB","ABFT21_RS21760","protein-export chaperone SecB","WP_054020337.1"
"lcl_NZ_CP166677.1_cds_WP_054020338.1_4312","grxC","ABFT21_RS21765","glutaredoxin 3","WP_054020338.1"
"lcl_NZ_CP166677.1_cds_WP_054020339.1_4313",NA,"ABFT21_RS21770","rhodanese-like domain-containing protein","WP_054020339.1"
"lcl_NZ_CP166677.1_cds_WP_054020340.1_4314","gpmA","ABFT21_RS21775","2,3-diphosphoglycerate-dependent phosphoglycerate mutase","WP_054020340.1"
"lcl_NZ_CP166677.1_cds_WP_054020341.1_4315",NA,"ABFT21_RS21780","hypothetical protein","WP_054020341.1"
"lcl_NZ_CP166677.1_cds_WP_157548899.1_4316",NA,"ABFT21_RS21785","SRPBCC family protein","WP_157548899.1"
"lcl_NZ_CP166677.1_cds_WP_054020343.1_4317",NA,"ABFT21_RS21790","ABC transporter ATP-binding protein/permease","WP_054020343.1"
"lcl_NZ_CP166677.1_cds_WP_054020344.1_4318",NA,"ABFT21_RS21795","TonB-dependent siderophore receptor","WP_054020344.1"
"lcl_NZ_CP166677.1_cds_WP_197284639.1_4319",NA,"ABFT21_RS21800","aminotransferase-like domain-containing protein","WP_197284639.1"
"lcl_NZ_CP166677.1_cds_WP_455566771.1_4320",NA,"ABFT21_RS21805","Lrp/AsnC family transcriptional regulator","WP_455566771.1"
"lcl_NZ_CP166677.1_cds_WP_054020348.1_4321",NA,"ABFT21_RS21810","alpha/beta hydrolase family protein","WP_054020348.1"
"lcl_NZ_CP166677.1_cds_WP_054020349.1_4322",NA,"ABFT21_RS21815","hypothetical protein","WP_054020349.1"
"lcl_NZ_CP166677.1_cds_WP_054020350.1_4323","trxA","ABFT21_RS21820","thioredoxin","WP_054020350.1"
"lcl_NZ_CP166677.1_cds_WP_054020351.1_4324",NA,"ABFT21_RS21825","aminotransferase class V-fold PLP-dependent enzyme","WP_054020351.1"
"lcl_NZ_CP166677.1_cds_WP_054020352.1_4325","trxB","ABFT21_RS21830","thioredoxin-disulfide reductase","WP_054020352.1"
"lcl_NZ_CP166677.1_cds_WP_054020353.1_4326",NA,"ABFT21_RS21835","M3 family metallopeptidase","WP_054020353.1"
"lcl_NZ_CP166677.1_cds_WP_054020354.1_4327",NA,"ABFT21_RS21840","lysophospholipid acyltransferase family protein","WP_054020354.1"
"lcl_NZ_CP166677.1_cds_WP_054020355.1_4328",NA,"ABFT21_RS21845","dihydroorotase","WP_054020355.1"
"lcl_NZ_CP166677.1_cds_ABFT21_RS21850_4329",NA,"ABFT21_RS21850","aspartate carbamoyltransferase catalytic subunit",NA
"lcl_NZ_CP166677.1_cds_WP_054020357.1_4330","pyrR","ABFT21_RS21855","bifunctional pyr operon transcriptional regulator/uracil phosphoribosyltransferase PyrR","WP_054020357.1"
"lcl_NZ_CP166677.1_cds_WP_054020358.1_4331","map","ABFT21_RS21860","type I methionyl aminopeptidase","WP_054020358.1"
"lcl_NZ_CP166677.1_cds_WP_054020359.1_4332","ruvX","ABFT21_RS21865","Holliday junction resolvase RuvX","WP_054020359.1"
"lcl_NZ_CP166677.1_cds_WP_054020360.1_4333",NA,"ABFT21_RS21870","YqgE/AlgH family protein","WP_054020360.1"
"lcl_NZ_CP166677.1_cds_WP_054020361.1_4334",NA,"ABFT21_RS21875","cryptochrome/photolyase family protein","WP_054020361.1"
"lcl_NZ_CP166677.1_cds_WP_463938183.1_4335",NA,"ABFT21_RS21880","hybrid sensor histidine kinase/response regulator","WP_463938183.1"
"lcl_NZ_CP166677.1_cds_WP_054018893.1_4336",NA,"ABFT21_RS21885","methyl-accepting chemotaxis protein","WP_054018893.1"
"lcl_NZ_CP166677.1_cds_WP_054018892.1_4337",NA,"ABFT21_RS21890","chemotaxis protein CheW","WP_054018892.1"
"lcl_NZ_CP166677.1_cds_WP_054018891.1_4338",NA,"ABFT21_RS21895","response regulator","WP_054018891.1"
"lcl_NZ_CP166677.1_cds_WP_054018890.1_4339",NA,"ABFT21_RS21900","response regulator","WP_054018890.1"
"lcl_NZ_CP166677.1_cds_WP_197284568.1_4340",NA,"ABFT21_RS21905","rubredoxin","WP_197284568.1"
"lcl_NZ_CP166677.1_cds_WP_054018888.1_4341","thiD","ABFT21_RS21910","bifunctional hydroxymethylpyrimidine kinase/phosphomethylpyrimidine kinase","WP_054018888.1"
"lcl_NZ_CP166677.1_cds_WP_054018887.1_4342","hemL","ABFT21_RS21915","glutamate-1-semialdehyde 2,1-aminomutase","WP_054018887.1"
"lcl_NZ_CP166677.1_cds_WP_082368002.1_4343",NA,"ABFT21_RS21920","bifunctional aminoglycoside phosphotransferase/ATP-binding protein","WP_082368002.1"
"lcl_NZ_CP166677.1_cds_WP_054018886.1_4344",NA,"ABFT21_RS21925","TFIIB-type zinc ribbon-containing protein","WP_054018886.1"
"lcl_NZ_CP166677.1_cds_WP_054018895.1_4345",NA,"ABFT21_RS21930","DUF6152 family protein","WP_054018895.1"
"lcl_NZ_CP166677.1_cds_WP_054018885.1_4346","mpl","ABFT21_RS21935","UDP-N-acetylmuramate:L-alanyl-gamma-D-glutamyl-meso-diaminopimelate ligase","WP_054018885.1"
"lcl_NZ_CP166677.1_cds_WP_054018884.1_4347",NA,"ABFT21_RS21940","YqiA/YcfP family alpha/beta fold hydrolase","WP_054018884.1"
"lcl_NZ_CP166677.1_cds_WP_054018883.1_4348",NA,"ABFT21_RS21945","PIN domain-containing protein","WP_054018883.1"
"lcl_NZ_CP166677.1_cds_WP_054018882.1_4349",NA,"ABFT21_RS21950","DUF6364 family protein","WP_054018882.1"
"lcl_NZ_CP166677.1_cds_WP_054018881.1_4350",NA,"ABFT21_RS21955","hypothetical protein","WP_054018881.1"
"lcl_NZ_CP166677.1_cds_WP_054018880.1_4351","lpxC","ABFT21_RS21960","UDP-3-O-acyl-N-acetylglucosamine deacetylase","WP_054018880.1"
"lcl_NZ_CP166677.1_cds_WP_054018879.1_4352",NA,"ABFT21_RS21965","PPC domain-containing DNA-binding protein","WP_054018879.1"
"lcl_NZ_CP166677.1_cds_WP_054018878.1_4353",NA,"ABFT21_RS21970","class IV adenylate cyclase","WP_054018878.1"
"lcl_NZ_CP166677.1_cds_WP_054018877.1_4354",NA,"ABFT21_RS21975","YbfB/YjiJ family MFS transporter","WP_054018877.1"
"lcl_NZ_CP166677.1_cds_WP_082368001.1_4355",NA,"ABFT21_RS21980","ATP-dependent DNA ligase","WP_082368001.1"
"lcl_NZ_CP166677.1_cds_WP_082368000.1_4356",NA,"ABFT21_RS21985","universal stress protein","WP_082368000.1"
"lcl_NZ_CP166677.1_cds_WP_054018876.1_4357",NA,"ABFT21_RS21990","ligase-associated DNA damage response exonuclease","WP_054018876.1"
"lcl_NZ_CP166677.1_cds_WP_082367999.1_4358","clsB","ABFT21_RS21995","cardiolipin synthase ClsB","WP_082367999.1"
"lcl_NZ_CP166677.1_cds_WP_054018875.1_4359",NA,"ABFT21_RS22000","endonuclease/exonuclease/phosphatase family protein","WP_054018875.1"
"lcl_NZ_CP166677.1_cds_WP_054019379.1_4360","nudB","ABFT21_RS22005","dihydroneopterin triphosphate diphosphatase","WP_054019379.1"
"lcl_NZ_CP166677.1_cds_WP_054019404.1_4361",NA,"ABFT21_RS22010","CsgG/HfaB family protein","WP_054019404.1"
"lcl_NZ_CP166677.1_cds_WP_054019378.1_4362","aspS","ABFT21_RS22015","aspartate--tRNA ligase","WP_054019378.1"
"lcl_NZ_CP166677.1_cds_WP_054019377.1_4363",NA,"ABFT21_RS22020","DUF502 domain-containing protein","WP_054019377.1"
"lcl_NZ_CP166677.1_cds_WP_054019376.1_4364",NA,"ABFT21_RS22025","FmdB family zinc ribbon protein","WP_054019376.1"
"lcl_NZ_CP166677.1_cds_WP_054019375.1_4365","ubiB","ABFT21_RS22030","ubiquinone biosynthesis regulatory protein kinase UbiB","WP_054019375.1"
"lcl_NZ_CP166677.1_cds_WP_054019374.1_4366",NA,"ABFT21_RS22035","hypothetical protein","WP_054019374.1"
"lcl_NZ_CP166677.1_cds_WP_054019373.1_4367","galE","ABFT21_RS22040","UDP-glucose 4-epimerase GalE","WP_054019373.1"
"lcl_NZ_CP166677.1_cds_WP_054019372.1_4368",NA,"ABFT21_RS22045","mannose-1-phosphate guanylyltransferase/mannose-6-phosphate isomerase","WP_054019372.1"
"lcl_NZ_CP166677.1_cds_WP_197284594.1_4369",NA,"ABFT21_RS22050","Tim44 domain-containing protein","WP_197284594.1"
"lcl_NZ_CP166677.1_cds_WP_054019370.1_4370","ubiE","ABFT21_RS22055","bifunctional demethylmenaquinone methyltransferase/2-methoxy-6-polyprenyl-1,4-benzoquinol methylase UbiE","WP_054019370.1"
"lcl_NZ_CP166677.1_cds_WP_054019369.1_4371",NA,"ABFT21_RS22060","gamma-butyrobetaine hydroxylase family protein","WP_054019369.1"
"lcl_NZ_CP166677.1_cds_WP_054019368.1_4372",NA,"ABFT21_RS22065","HIT family protein","WP_054019368.1"
"lcl_NZ_CP166677.1_cds_WP_054019367.1_4373",NA,"ABFT21_RS22070","serine hydrolase domain-containing protein","WP_054019367.1"
"lcl_NZ_CP166677.1_cds_WP_054019366.1_4374",NA,"ABFT21_RS22075","DUF3683 domain-containing protein","WP_054019366.1"
"lcl_NZ_CP166677.1_cds_WP_054019365.1_4375","ugpB","ABFT21_RS22080","sn-glycerol-3-phosphate ABC transporter substrate-binding protein UgpB","WP_054019365.1"
"lcl_NZ_CP166677.1_cds_WP_054019364.1_4376","ugpA","ABFT21_RS22085","sn-glycerol-3-phosphate ABC transporter permease UgpA","WP_054019364.1"
"lcl_NZ_CP166677.1_cds_WP_054019363.1_4377","ugpE","ABFT21_RS22090","sn-glycerol-3-phosphate ABC transporter permease UgpE","WP_054019363.1"
"lcl_NZ_CP166677.1_cds_WP_054019362.1_4378",NA,"ABFT21_RS22095","sn-glycerol-3-phosphate import ATP-binding protein UgpC","WP_054019362.1"
"lcl_NZ_CP166677.1_cds_WP_054019361.1_4379","ugpQ","ABFT21_RS22100","glycerophosphodiester phosphodiesterase","WP_054019361.1"
"lcl_NZ_CP166677.1_cds_WP_157548754.1_4380",NA,"ABFT21_RS22105","hypothetical protein","WP_157548754.1"
"lcl_NZ_CP166677.1_cds_WP_231638044.1_4381",NA,"ABFT21_RS22110","MFS transporter","WP_231638044.1"
"lcl_NZ_CP166677.1_cds_WP_054019360.1_4382","argJ","ABFT21_RS22115","bifunctional glutamate N-acetyltransferase/amino-acid acetyltransferase ArgJ","WP_054019360.1"
"lcl_NZ_CP166677.1_cds_WP_054019359.1_4383","secA","ABFT21_RS22120","preprotein translocase subunit SecA","WP_054019359.1"
"lcl_NZ_CP166677.1_cds_WP_054019358.1_4384",NA,"ABFT21_RS22125","M23 family metallopeptidase","WP_054019358.1"
"lcl_NZ_CP166677.1_cds_WP_054019357.1_4385",NA,"ABFT21_RS22130","DciA family protein","WP_054019357.1"
"lcl_NZ_CP166677.1_cds_WP_157548752.1_4386",NA,"ABFT21_RS22135","DUF6627 family protein","WP_157548752.1"
"lcl_NZ_CP166677.1_cds_WP_054019355.1_4387",NA,"ABFT21_RS22140","amidohydrolase family protein","WP_054019355.1"
"lcl_NZ_CP166677.1_cds_WP_054019354.1_4388",NA,"ABFT21_RS22145","SDR family NAD(P)-dependent oxidoreductase","WP_054019354.1"
"lcl_NZ_CP166677.1_cds_WP_054019353.1_4389",NA,"ABFT21_RS22155","ClpXP protease specificity-enhancing factor","WP_054019353.1"
"lcl_NZ_CP166677.1_cds_WP_054019352.1_4390",NA,"ABFT21_RS22160","glutathione S-transferase N-terminal domain-containing protein","WP_054019352.1"
"lcl_NZ_CP166677.1_cds_WP_054019351.1_4391",NA,"ABFT21_RS22165","cytochrome c1","WP_054019351.1"
"lcl_NZ_CP166677.1_cds_WP_054019350.1_4392",NA,"ABFT21_RS22170","cytochrome b","WP_054019350.1"
"lcl_NZ_CP166677.1_cds_WP_054019349.1_4393","petA","ABFT21_RS22175","ubiquinol-cytochrome c reductase iron-sulfur subunit","WP_054019349.1"
"lcl_NZ_CP166677.1_cds_WP_054019348.1_4394","mscL","ABFT21_RS22180","large conductance mechanosensitive channel protein MscL","WP_054019348.1"
"lcl_NZ_CP166677.1_cds_WP_231638043.1_4395","pdxA","ABFT21_RS22185","4-hydroxythreonine-4-phosphate dehydrogenase PdxA","WP_231638043.1"
"lcl_NZ_CP166677.1_cds_WP_054019347.1_4396",NA,"ABFT21_RS22190","Nif3-like dinuclear metal center hexameric protein","WP_054019347.1"
"lcl_NZ_CP166677.1_cds_WP_054019346.1_4397",NA,"ABFT21_RS22195","trypsin-like peptidase domain-containing protein","WP_054019346.1"
"lcl_NZ_CP166677.1_cds_WP_054019345.1_4398","tatC","ABFT21_RS22200","twin-arginine translocase subunit TatC","WP_054019345.1"
"lcl_NZ_CP166677.1_cds_WP_054019344.1_4399","tatB","ABFT21_RS22205","Sec-independent protein translocase protein TatB","WP_054019344.1"
"lcl_NZ_CP166677.1_cds_WP_054019343.1_4400","tatA","ABFT21_RS22210","Sec-independent protein translocase subunit TatA","WP_054019343.1"
"lcl_NZ_CP166677.1_cds_WP_054019342.1_4401",NA,"ABFT21_RS22215","histidine triad nucleotide-binding protein","WP_054019342.1"
"lcl_NZ_CP166677.1_cds_WP_054019341.1_4402",NA,"ABFT21_RS22220","DUF4870 family protein","WP_054019341.1"
"lcl_NZ_CP166677.1_cds_WP_054019340.1_4403",NA,"ABFT21_RS22225","phosphoribosyl-ATP diphosphatase","WP_054019340.1"
"lcl_NZ_CP166677.1_cds_WP_054019339.1_4404","hisI","ABFT21_RS22230","phosphoribosyl-AMP cyclohydrolase","WP_054019339.1"
"lcl_NZ_CP166677.1_cds_WP_054019401.1_4405",NA,"ABFT21_RS22235","NUDIX domain-containing protein","WP_054019401.1"
"lcl_NZ_CP166677.1_cds_WP_054019338.1_4406",NA,"ABFT21_RS22240","ATP-binding protein","WP_054019338.1"
"lcl_NZ_CP166677.1_cds_WP_054019337.1_4407","pdeM","ABFT21_RS22245","ligase-associated DNA damage response endonuclease PdeM","WP_054019337.1"
"lcl_NZ_CP166677.1_cds_WP_082368085.1_4408","slmA","ABFT21_RS22250","nucleoid occlusion factor SlmA","WP_082368085.1"
"lcl_NZ_CP166677.1_cds_WP_463938182.1_4409",NA,"ABFT21_RS22255","HAD-IA family hydrolase","WP_463938182.1"
"lcl_NZ_CP166677.1_cds_WP_054019336.1_4410",NA,"ABFT21_RS22260","DMT family transporter","WP_054019336.1"
"lcl_NZ_CP166677.1_cds_WP_054019335.1_4411","argB","ABFT21_RS22265","acetylglutamate kinase","WP_054019335.1"
"lcl_NZ_CP166677.1_cds_WP_054019334.1_4412","ruvC","ABFT21_RS22270","crossover junction endodeoxyribonuclease RuvC","WP_054019334.1"
"lcl_NZ_CP166677.1_cds_WP_054019333.1_4413",NA,"ABFT21_RS22275","phosphatidate cytidylyltransferase","WP_054019333.1"
"lcl_NZ_CP166677.1_cds_WP_054019332.1_4414",NA,"ABFT21_RS22280","lysophospholipid acyltransferase family protein","WP_054019332.1"
"lcl_NZ_CP166677.1_cds_WP_054019331.1_4415","purH","ABFT21_RS22285","bifunctional phosphoribosylaminoimidazolecarboxamide formyltransferase/IMP cyclohydrolase","WP_054019331.1"
"lcl_NZ_CP166677.1_cds_WP_054019398.1_4416",NA,"ABFT21_RS22290","helix-turn-helix domain-containing protein","WP_054019398.1"
"lcl_NZ_CP166677.1_cds_WP_054019397.1_4417","dusB","ABFT21_RS22295","tRNA dihydrouridine synthase DusB","WP_054019397.1"
"lcl_NZ_CP166677.1_cds_WP_054019330.1_4418",NA,"ABFT21_RS22300","YqaA family protein","WP_054019330.1"
"lcl_NZ_CP166677.1_cds_WP_054019329.1_4419",NA,"ABFT21_RS22305","phasin family protein","WP_054019329.1"
"lcl_NZ_CP166677.1_cds_WP_054019328.1_4420",NA,"ABFT21_RS22310","SDR family oxidoreductase","WP_054019328.1"
"lcl_NZ_CP166677.1_cds_WP_054019327.1_4421",NA,"ABFT21_RS22315","ribonuclease catalytic domain-containing protein","WP_054019327.1"
"lcl_NZ_CP166677.1_cds_WP_054019396.1_4422",NA,"ABFT21_RS22320","energy transducer TonB","WP_054019396.1"
"lcl_NZ_CP166677.1_cds_WP_054019326.1_4423","aroE","ABFT21_RS22325","shikimate dehydrogenase","WP_054019326.1"
"lcl_NZ_CP166677.1_cds_WP_082368084.1_4424",NA,"ABFT21_RS22330","transglycosylase domain-containing protein","WP_082368084.1"
"lcl_NZ_CP166677.1_cds_WP_054019325.1_4425",NA,"ABFT21_RS22335","hypothetical protein","WP_054019325.1"
"lcl_NZ_CP166677.1_cds_WP_054019324.1_4426",NA,"ABFT21_RS22340","TlpA disulfide reductase family protein","WP_054019324.1"
"lcl_NZ_CP166677.1_cds_WP_054019323.1_4427","aroQ","ABFT21_RS22345","type II 3-dehydroquinate dehydratase","WP_054019323.1"
"lcl_NZ_CP166677.1_cds_WP_054019322.1_4428","accB","ABFT21_RS22350","acetyl-CoA carboxylase biotin carboxyl carrier protein","WP_054019322.1"
"lcl_NZ_CP166677.1_cds_WP_054019321.1_4429","accC","ABFT21_RS22355","acetyl-CoA carboxylase biotin carboxylase subunit","WP_054019321.1"
"lcl_NZ_CP166677.1_cds_WP_054019320.1_4430","prmA","ABFT21_RS22360","50S ribosomal protein L11 methyltransferase","WP_054019320.1"
"lcl_NZ_CP166677.1_cds_WP_054019319.1_4431",NA,"ABFT21_RS22365","zinc-ribbon and DUF3426 domain-containing protein","WP_054019319.1"
"lcl_NZ_CP166677.1_cds_WP_054019318.1_4432",NA,"ABFT21_RS22370","carbohydrate kinase family protein","WP_054019318.1"
"lcl_NZ_CP166677.1_cds_WP_054019317.1_4433",NA,"ABFT21_RS22375","hypothetical protein","WP_054019317.1"
"lcl_NZ_CP166677.1_cds_WP_054019316.1_4434",NA,"ABFT21_RS22380","ribonucleotide-diphosphate reductase subunit beta","WP_054019316.1"
"lcl_NZ_CP166677.1_cds_WP_054019315.1_4435",NA,"ABFT21_RS22385","ribonucleoside-diphosphate reductase subunit alpha","WP_054019315.1"
"lcl_NZ_CP166677.1_cds_WP_231638041.1_4436",NA,"ABFT21_RS22390","sigma-54-dependent transcriptional regulator","WP_231638041.1"
"lcl_NZ_CP166677.1_cds_WP_054019314.1_4437",NA,"ABFT21_RS22395","sensor histidine kinase","WP_054019314.1"
"lcl_NZ_CP166677.1_cds_WP_054019313.1_4438",NA,"ABFT21_RS22400","PP0621 family protein","WP_054019313.1"
"lcl_NZ_CP166677.1_cds_WP_054019312.1_4439",NA,"ABFT21_RS22405","cytochrome C assembly family protein","WP_054019312.1"
"lcl_NZ_CP166677.1_cds_WP_054019311.1_4440","ffh","ABFT21_RS22410","signal recognition particle protein","WP_054019311.1"
"lcl_NZ_CP166677.1_cds_WP_231638046.1_4441","ftsY","ABFT21_RS22415","signal recognition particle-docking protein FtsY","WP_231638046.1"
"lcl_NZ_CP166677.1_cds_WP_054019310.1_4442",NA,"ABFT21_RS22425","BON domain-containing protein","WP_054019310.1"
"lcl_NZ_CP166677.1_cds_WP_054019309.1_4443",NA,"ABFT21_RS22430","DUF2177 family protein","WP_054019309.1"
"lcl_NZ_CP166677.1_cds_WP_054019308.1_4444",NA,"ABFT21_RS22435","hypothetical protein","WP_054019308.1"
"lcl_NZ_CP166677.1_cds_WP_157548747.1_4445",NA,"ABFT21_RS22440","hypothetical protein","WP_157548747.1"
"lcl_NZ_CP166677.1_cds_WP_231638040.1_4446",NA,"ABFT21_RS22445","transglutaminase-like domain-containing protein","WP_231638040.1"
"lcl_NZ_CP166677.1_cds_WP_082368080.1_4447",NA,"ABFT21_RS22450","YihY/virulence factor BrkB family protein","WP_082368080.1"
"lcl_NZ_CP166677.1_cds_WP_054019306.1_4448",NA,"ABFT21_RS22455","hypothetical protein","WP_054019306.1"
"lcl_NZ_CP166677.1_cds_WP_082368079.1_4449",NA,"ABFT21_RS22460","DUF1328 family protein","WP_082368079.1"
"lcl_NZ_CP166677.1_cds_WP_054019305.1_4450",NA,"ABFT21_RS22465","CsbD family protein","WP_054019305.1"
"lcl_NZ_CP166677.1_cds_WP_054019304.1_4451",NA,"ABFT21_RS22470","hypothetical protein","WP_054019304.1"
"lcl_NZ_CP166677.1_cds_WP_054019303.1_4452",NA,"ABFT21_RS22475","hypothetical protein","WP_054019303.1"
"lcl_NZ_CP166677.1_cds_WP_054019302.1_4453",NA,"ABFT21_RS22480","hypothetical protein","WP_054019302.1"
"lcl_NZ_CP166677.1_cds_WP_082368078.1_4454",NA,"ABFT21_RS22485","Crp/Fnr family transcriptional regulator","WP_082368078.1"
"lcl_NZ_CP166677.1_cds_WP_480338507.1_4455",NA,"ABFT21_RS22490","BON domain-containing protein","WP_480338507.1"
"lcl_NZ_CP166677.1_cds_WP_054019300.1_4456",NA,"ABFT21_RS22495","zinc-binding metallopeptidase family protein","WP_054019300.1"
"lcl_NZ_CP166677.1_cds_WP_054019299.1_4457",NA,"ABFT21_RS22500","thermonuclease family protein","WP_054019299.1"
"lcl_NZ_CP166677.1_cds_WP_054019298.1_4458",NA,"ABFT21_RS22505","class II glutamine amidotransferase","WP_054019298.1"
"lcl_NZ_CP166677.1_cds_WP_259375150.1_4459","gshA","ABFT21_RS22510","glutamate--cysteine ligase","WP_259375150.1"
"lcl_NZ_CP166677.1_cds_WP_197284592.1_4460",NA,"ABFT21_RS22515","adenylate/guanylate cyclase domain-containing protein","WP_197284592.1"
"lcl_NZ_CP166677.1_cds_WP_054019296.1_4461","recC","ABFT21_RS22520","exodeoxyribonuclease V subunit gamma","WP_054019296.1"
"lcl_NZ_CP166677.1_cds_WP_054019295.1_4462",NA,"ABFT21_RS22525","UvrD-helicase domain-containing protein","WP_054019295.1"
"lcl_NZ_CP166677.1_cds_WP_082368086.1_4463","recD","ABFT21_RS22530","exodeoxyribonuclease V subunit alpha","WP_082368086.1"
"lcl_NZ_CP166677.1_cds_WP_054019294.1_4464",NA,"ABFT21_RS22535","Mor transcription activator family protein","WP_054019294.1"
"lcl_NZ_CP166677.1_cds_WP_157548739.1_4465",NA,"ABFT21_RS22540","hypothetical protein","WP_157548739.1"
"lcl_NZ_CP166677.1_cds_WP_054019292.1_4466",NA,"ABFT21_RS22545","hypothetical protein","WP_054019292.1"
"lcl_NZ_CP166677.1_cds_WP_480339161.1_4467",NA,"ABFT21_RS22550","ATP-binding protein","WP_480339161.1"
"lcl_NZ_CP166677.1_cds_WP_054019291.1_4468",NA,"ABFT21_RS22555","hypothetical protein","WP_054019291.1"
"lcl_NZ_CP166677.1_cds_WP_054019387.1_4469",NA,"ABFT21_RS22560","IS1595 family transposase","WP_054019387.1"
"lcl_NZ_CP166677.1_cds_WP_054019290.1_4470",NA,"ABFT21_RS22565","hypothetical protein","WP_054019290.1"
"lcl_NZ_CP166677.1_cds_WP_054019289.1_4471",NA,"ABFT21_RS22570","4-oxalocrotonate tautomerase","WP_054019289.1"
"lcl_NZ_CP166677.1_cds_WP_054019288.1_4472",NA,"ABFT21_RS22575","class I SAM-dependent DNA methyltransferase","WP_054019288.1"
"lcl_NZ_CP166677.1_cds_WP_054019287.1_4473",NA,"ABFT21_RS22580","FAD-binding oxidoreductase","WP_054019287.1"
"lcl_NZ_CP166677.1_cds_WP_054019386.1_4474",NA,"ABFT21_RS22585","glutathione S-transferase","WP_054019386.1"
"lcl_NZ_CP166677.1_cds_WP_082368077.1_4475",NA,"ABFT21_RS22590","ATP-binding protein","WP_082368077.1"
"lcl_NZ_CP166677.1_cds_WP_054019286.1_4476",NA,"ABFT21_RS22595","response regulator transcription factor","WP_054019286.1"
"lcl_NZ_CP166677.1_cds_WP_054019285.1_4477",NA,"ABFT21_RS22600","sensor histidine kinase","WP_054019285.1"
"lcl_NZ_CP166677.1_cds_WP_054019284.1_4478",NA,"ABFT21_RS22605","phosphatase PAP2 family protein","WP_054019284.1"
"lcl_NZ_CP166677.1_cds_WP_082368076.1_4479",NA,"ABFT21_RS22610","phosphoethanolamine transferase","WP_082368076.1"
"lcl_NZ_CP166677.1_cds_WP_082368075.1_4480",NA,"ABFT21_RS22615","diacylglycerol kinase","WP_082368075.1"
"lcl_NZ_CP166677.1_cds_WP_054019283.1_4481",NA,"ABFT21_RS22620","DnaJ family domain-containing protein","WP_054019283.1"
"lcl_NZ_CP166677.1_cds_WP_054019282.1_4482",NA,"ABFT21_RS22625","VWA domain-containing protein","WP_054019282.1"
"lcl_NZ_CP166677.1_cds_WP_054019281.1_4483",NA,"ABFT21_RS22630","DUF58 domain-containing protein","WP_054019281.1"
"lcl_NZ_CP166677.1_cds_WP_054019280.1_4484",NA,"ABFT21_RS22635","AAA family ATPase","WP_054019280.1"
"lcl_NZ_CP166677.1_cds_WP_082368074.1_4485",NA,"ABFT21_RS22640","S1C family serine protease","WP_082368074.1"
"lcl_NZ_CP166677.1_cds_WP_054019382.1_4486",NA,"ABFT21_RS22645","TatD family hydrolase","WP_054019382.1"
"lcl_NZ_CP166677.1_cds_WP_082368073.1_4487",NA,"ABFT21_RS22650","DNA-deoxyinosine glycosylase","WP_082368073.1"
"lcl_NZ_CP166677.1_cds_WP_231638039.1_4488",NA,"ABFT21_RS22655","class I SAM-dependent methyltransferase","WP_231638039.1"
"lcl_NZ_CP166677.1_cds_WP_082368072.1_4489",NA,"ABFT21_RS22660","GspE/PulE family protein","WP_082368072.1"
"lcl_NZ_CP166677.1_cds_WP_054019279.1_4490",NA,"ABFT21_RS22665","cupin domain-containing protein","WP_054019279.1"
"lcl_NZ_CP166677.1_cds_WP_054019278.1_4491",NA,"ABFT21_RS22670","GntR family transcriptional regulator","WP_054019278.1"
"lcl_NZ_CP166677.1_cds_WP_054019277.1_4492",NA,"ABFT21_RS22675","hypothetical protein","WP_054019277.1"
"lcl_NZ_CP166677.1_cds_WP_054019276.1_4493","dctP","ABFT21_RS22680","TRAP transporter substrate-binding protein DctP","WP_054019276.1"
"lcl_NZ_CP166677.1_cds_WP_054019275.1_4494",NA,"ABFT21_RS22685","TRAP transporter small permease subunit","WP_054019275.1"
"lcl_NZ_CP166677.1_cds_WP_054019274.1_4495",NA,"ABFT21_RS22690","TRAP transporter large permease","WP_054019274.1"
"lcl_NZ_CP166677.1_cds_WP_054019273.1_4496",NA,"ABFT21_RS22695","FAD-dependent oxidoreductase","WP_054019273.1"
"lcl_NZ_CP166677.1_cds_WP_054019272.1_4497",NA,"ABFT21_RS22700","phytanoyl-CoA dioxygenase family protein","WP_054019272.1"
"lcl_NZ_CP166677.1_cds_WP_054019271.1_4498","panB","ABFT21_RS22705","3-methyl-2-oxobutanoate hydroxymethyltransferase","WP_054019271.1"
"lcl_NZ_CP166677.1_cds_WP_054019270.1_4499",NA,"ABFT21_RS22710","helix-turn-helix domain-containing protein","WP_054019270.1"
"lcl_NZ_CP166677.1_cds_WP_054019269.1_4500",NA,"ABFT21_RS22715","type II toxin-antitoxin system RelE family toxin","WP_054019269.1"
"lcl_NZ_CP166677.1_cds_WP_054019268.1_4501",NA,"ABFT21_RS22720","hypothetical protein","WP_054019268.1"
"lcl_NZ_CP166677.1_cds_WP_054019267.1_4502",NA,"ABFT21_RS22725","C4-dicarboxylate transporter DctA","WP_054019267.1"
"lcl_NZ_CP166677.1_cds_WP_054019266.1_4503",NA,"ABFT21_RS22730","GntR family transcriptional regulator","WP_054019266.1"
"lcl_NZ_CP166677.1_cds_WP_054019265.1_4504",NA,"ABFT21_RS22735","NADPH-dependent FMN reductase","WP_054019265.1"
"lcl_NZ_CP166677.1_cds_WP_054019264.1_4505",NA,"ABFT21_RS22740","tetratricopeptide repeat protein","WP_054019264.1"
"lcl_NZ_CP166677.1_cds_WP_054019263.1_4506",NA,"ABFT21_RS22745","LysR family transcriptional regulator","WP_054019263.1"
"lcl_NZ_CP166677.1_cds_WP_054019262.1_4507","gcl","ABFT21_RS22750","glyoxylate carboligase","WP_054019262.1"
"lcl_NZ_CP166677.1_cds_WP_054019261.1_4508","otnI","ABFT21_RS22755","2-oxo-tetronate isomerase","WP_054019261.1"
"lcl_NZ_CP166677.1_cds_WP_463938181.1_4509",NA,"ABFT21_RS22760","2-hydroxy-3-oxopropionate reductase","WP_463938181.1"
"lcl_NZ_CP166677.1_cds_WP_054019422.1_4510",NA,"ABFT21_RS22765","glycerate kinase type-2 family protein","WP_054019422.1"
"lcl_NZ_CP166677.1_cds_WP_197284599.1_4511",NA,"ABFT21_RS22770","YciI family protein","WP_197284599.1"
"lcl_NZ_CP166677.1_cds_WP_054019423.1_4512",NA,"ABFT21_RS22775","DUF6596 domain-containing protein","WP_054019423.1"
"lcl_NZ_CP166677.1_cds_WP_054019424.1_4513",NA,"ABFT21_RS22780","Bug family tripartite tricarboxylate transporter substrate binding protein","WP_054019424.1"
"lcl_NZ_CP166677.1_cds_WP_054019425.1_4514",NA,"ABFT21_RS22785","amidohydrolase family protein","WP_054019425.1"
"lcl_NZ_CP166677.1_cds_WP_054019426.1_4515",NA,"ABFT21_RS22790","tripartite tricarboxylate transporter substrate binding protein","WP_054019426.1"
"lcl_NZ_CP166677.1_cds_WP_054019427.1_4516",NA,"ABFT21_RS22795","GntR family transcriptional regulator","WP_054019427.1"
"lcl_NZ_CP166677.1_cds_WP_054019428.1_4517",NA,"ABFT21_RS22800","DMT family transporter","WP_054019428.1"
"lcl_NZ_CP166677.1_cds_WP_054019429.1_4518",NA,"ABFT21_RS22805","hypothetical protein","WP_054019429.1"
"lcl_NZ_CP166677.1_cds_WP_054019430.1_4519",NA,"ABFT21_RS22810","ABC transporter ATP-binding protein","WP_054019430.1"
"lcl_NZ_CP166677.1_cds_WP_054019431.1_4520",NA,"ABFT21_RS22815","ABC transporter permease","WP_054019431.1"
"lcl_NZ_CP166677.1_cds_WP_054019432.1_4521",NA,"ABFT21_RS22820","hypothetical protein","WP_054019432.1"
"lcl_NZ_CP166677.1_cds_WP_054019433.1_4522",NA,"ABFT21_RS22825","LysR family transcriptional regulator","WP_054019433.1"
"lcl_NZ_CP166677.1_cds_WP_054019434.1_4523",NA,"ABFT21_RS22830","hypothetical protein","WP_054019434.1"
"lcl_NZ_CP166677.1_cds_WP_054019435.1_4524",NA,"ABFT21_RS22835","HPF/RaiA family ribosome-associated protein","WP_054019435.1"
"lcl_NZ_CP166677.1_cds_WP_054019436.1_4525",NA,"ABFT21_RS22840","FadR/GntR family transcriptional regulator","WP_054019436.1"
"lcl_NZ_CP166677.1_cds_WP_054019437.1_4526",NA,"ABFT21_RS22845","beta/gamma crystallin-related protein","WP_054019437.1"
"lcl_NZ_CP166677.1_cds_WP_054019438.1_4527",NA,"ABFT21_RS22850","hypothetical protein","WP_054019438.1"
"lcl_NZ_CP166677.1_cds_WP_054019442.1_4528",NA,"ABFT21_RS22855","Bug family tripartite tricarboxylate transporter substrate binding protein","WP_054019442.1"
"lcl_NZ_CP166677.1_cds_WP_082368096.1_4529","gudD","ABFT21_RS22860","glucarate dehydratase","WP_082368096.1"
"lcl_NZ_CP166677.1_cds_WP_054019439.1_4530",NA,"ABFT21_RS22865","Bug family tripartite tricarboxylate transporter substrate binding protein","WP_054019439.1"
"lcl_NZ_CP166677.1_cds_WP_054019444.1_4531",NA,"ABFT21_RS22870","2-hydroxyacid dehydrogenase","WP_054019444.1"
"lcl_NZ_CP166677.1_cds_WP_054019440.1_4532",NA,"ABFT21_RS22875","HpcH/HpaI aldolase family protein","WP_054019440.1"
"lcl_NZ_CP166677.1_cds_WP_463938180.1_4533",NA,"ABFT21_RS22880","2-hydroxy-3-oxopropionate reductase","WP_463938180.1"
"lcl_NZ_CP166677.1_cds_WP_157548875.1_4534",NA,"ABFT21_RS22885","ATP-binding protein","WP_157548875.1"
"lcl_NZ_CP166677.1_cds_WP_054020223.1_4535",NA,"ABFT21_RS22890","hypothetical protein","WP_054020223.1"
"lcl_NZ_CP166677.1_cds_WP_197284631.1_4536",NA,"ABFT21_RS22895","hypothetical protein","WP_197284631.1"
"lcl_NZ_CP166677.1_cds_WP_054020221.1_4537",NA,"ABFT21_RS22900","YcaO-like family protein","WP_054020221.1"
"lcl_NZ_CP166677.1_cds_WP_054020220.1_4538",NA,"ABFT21_RS22905","radical SAM/SPASM domain-containing protein","WP_054020220.1"
"lcl_NZ_CP166677.1_cds_WP_054020219.1_4539",NA,"ABFT21_RS22910","hypothetical protein","WP_054020219.1"
"lcl_NZ_CP166677.1_cds_WP_054020218.1_4540",NA,"ABFT21_RS22915","B12-binding domain-containing radical SAM protein","WP_054020218.1"
"lcl_NZ_CP166677.1_cds_WP_054020217.1_4541",NA,"ABFT21_RS22920","helix-turn-helix domain-containing protein","WP_054020217.1"
"lcl_NZ_CP166677.1_cds_WP_054020216.1_4542",NA,"ABFT21_RS22925","AAA family ATPase","WP_054020216.1"
"lcl_NZ_CP166677.1_cds_WP_054020215.1_4543",NA,"ABFT21_RS22930","hypothetical protein","WP_054020215.1"
"lcl_NZ_CP166677.1_cds_WP_054020214.1_4544",NA,"ABFT21_RS22935","phospholipase effector Tle1 domain-containing protein","WP_054020214.1"
"lcl_NZ_CP166677.1_cds_WP_054020213.1_4545",NA,"ABFT21_RS22940","DUF2931 family protein","WP_054020213.1"
"lcl_NZ_CP166677.1_cds_WP_054020212.1_4546",NA,"ABFT21_RS22945","2Fe-2S iron-sulfur cluster-binding protein","WP_054020212.1"
"lcl_NZ_CP166677.1_cds_WP_054020211.1_4547","xdhC","ABFT21_RS22950","xanthine dehydrogenase accessory protein XdhC","WP_054020211.1"
"lcl_NZ_CP166677.1_cds_WP_054020210.1_4548","xdhB","ABFT21_RS22955","xanthine dehydrogenase molybdopterin binding subunit","WP_054020210.1"
"lcl_NZ_CP166677.1_cds_WP_054020209.1_4549","xdhA","ABFT21_RS22960","xanthine dehydrogenase small subunit","WP_054020209.1"
"lcl_NZ_CP166677.1_cds_WP_054020208.1_4550",NA,"ABFT21_RS22965","LysR family transcriptional regulator","WP_054020208.1"
"lcl_NZ_CP166677.1_cds_WP_054020207.1_4551","guaD","ABFT21_RS22970","guanine deaminase","WP_054020207.1"
"lcl_NZ_CP166677.1_cds_WP_054020240.1_4552",NA,"ABFT21_RS22975","ABC transporter ATP-binding protein","WP_054020240.1"
"lcl_NZ_CP166677.1_cds_WP_054020206.1_4553",NA,"ABFT21_RS22980","ABC transporter permease","WP_054020206.1"
"lcl_NZ_CP166677.1_cds_WP_054020205.1_4554",NA,"ABFT21_RS22985","ABC transporter permease","WP_054020205.1"
"lcl_NZ_CP166677.1_cds_WP_054020204.1_4555",NA,"ABFT21_RS22990","BMP family ABC transporter substrate-binding protein","WP_054020204.1"
"lcl_NZ_CP166677.1_cds_WP_054020203.1_4556",NA,"ABFT21_RS22995","Fic family protein","WP_054020203.1"
"lcl_NZ_CP166677.1_cds_WP_082368262.1_4557",NA,"ABFT21_RS23000","metal-dependent hydrolase","WP_082368262.1"
"lcl_NZ_CP166677.1_cds_WP_054020202.1_4558",NA,"ABFT21_RS23005","RcnB family protein","WP_054020202.1"
"lcl_NZ_CP166677.1_cds_WP_054020201.1_4559",NA,"ABFT21_RS23010","hypothetical protein","WP_054020201.1"
"lcl_NZ_CP166677.1_cds_WP_054020200.1_4560",NA,"ABFT21_RS23015","hypothetical protein","WP_054020200.1"
"lcl_NZ_CP166677.1_cds_WP_480338508.1_4561",NA,"ABFT21_RS23020","hypothetical protein","WP_480338508.1"
"lcl_NZ_CP166677.1_cds_WP_054020198.1_4562",NA,"ABFT21_RS23025","hypothetical protein","WP_054020198.1"
"lcl_NZ_CP166677.1_cds_WP_082368261.1_4563",NA,"ABFT21_RS23030","GspE/PulE family protein","WP_082368261.1"
"lcl_NZ_CP166677.1_cds_WP_054020197.1_4564",NA,"ABFT21_RS23035","Bug family tripartite tricarboxylate transporter substrate binding protein","WP_054020197.1"
"lcl_NZ_CP166677.1_cds_WP_054020196.1_4565",NA,"ABFT21_RS23040","acyl-CoA dehydrogenase family protein","WP_054020196.1"
"lcl_NZ_CP166677.1_cds_WP_439951439.1_4566",NA,"ABFT21_RS23045","AMP-binding protein","WP_439951439.1"
"lcl_NZ_CP166677.1_cds_WP_054020194.1_4567",NA,"ABFT21_RS23050","LysR family transcriptional regulator","WP_054020194.1"
"lcl_NZ_CP166677.1_cds_WP_054020193.1_4568",NA,"ABFT21_RS23055","YciI family protein","WP_054020193.1"
"lcl_NZ_CP166677.1_cds_WP_054020192.1_4569",NA,"ABFT21_RS23060","intradiol ring-cleavage dioxygenase","WP_054020192.1"
"lcl_NZ_CP166677.1_cds_WP_231638115.1_4570",NA,"ABFT21_RS23065","branched-chain amino acid ABC transporter permease","WP_231638115.1"
"lcl_NZ_CP166677.1_cds_WP_054020191.1_4571",NA,"ABFT21_RS23070","branched-chain amino acid ABC transporter permease","WP_054020191.1"
"lcl_NZ_CP166677.1_cds_WP_054020190.1_4572",NA,"ABFT21_RS23075","ABC transporter ATP-binding protein","WP_054020190.1"
"lcl_NZ_CP166677.1_cds_WP_054020189.1_4573",NA,"ABFT21_RS23080","ABC transporter ATP-binding protein","WP_054020189.1"
"lcl_NZ_CP166677.1_cds_WP_054020188.1_4574",NA,"ABFT21_RS23085","ABC transporter substrate-binding protein","WP_054020188.1"
"lcl_NZ_CP166677.1_cds_WP_054020187.1_4575",NA,"ABFT21_RS23090","maleylacetate reductase","WP_054020187.1"
"lcl_NZ_CP166677.1_cds_WP_054020186.1_4576",NA,"ABFT21_RS23095","tripartite tricarboxylate transporter substrate binding protein","WP_054020186.1"
"lcl_NZ_CP166677.1_cds_WP_054020237.1_4577",NA,"ABFT21_RS23100","aldehyde dehydrogenase family protein","WP_054020237.1"
"lcl_NZ_CP166677.1_cds_WP_054020185.1_4578",NA,"ABFT21_RS23105","hydroxyquinol 1,2-dioxygenase","WP_054020185.1"
"lcl_NZ_CP166677.1_cds_WP_054020184.1_4579",NA,"ABFT21_RS23110","cupin domain-containing protein","WP_054020184.1"
"lcl_NZ_CP166677.1_cds_WP_054020183.1_4580",NA,"ABFT21_RS23115","LysR family transcriptional regulator","WP_054020183.1"
"lcl_NZ_CP166677.1_cds_WP_082368260.1_4581",NA,"ABFT21_RS23120","Bug family tripartite tricarboxylate transporter substrate binding protein","WP_082368260.1"
"lcl_NZ_CP166677.1_cds_WP_054020181.1_4582",NA,"ABFT21_RS23125","FAD-dependent oxidoreductase","WP_054020181.1"
"lcl_NZ_CP166677.1_cds_WP_197284630.1_4583",NA,"ABFT21_RS23130","TetR/AcrR family transcriptional regulator","WP_197284630.1"
"lcl_NZ_CP166677.1_cds_WP_054020179.1_4584",NA,"ABFT21_RS23135","alpha/beta hydrolase","WP_054020179.1"
"lcl_NZ_CP166677.1_cds_WP_054020178.1_4585",NA,"ABFT21_RS23140","Bug family tripartite tricarboxylate transporter substrate binding protein","WP_054020178.1"
"lcl_NZ_CP166677.1_cds_WP_231638114.1_4586",NA,"ABFT21_RS23145","alkaline phosphatase family protein","WP_231638114.1"
"lcl_NZ_CP166677.1_cds_WP_054020177.1_4587",NA,"ABFT21_RS23150","IclR family transcriptional regulator domain-containing protein","WP_054020177.1"
"lcl_NZ_CP166677.1_cds_WP_054020176.1_4588",NA,"ABFT21_RS23155","MBL fold metallo-hydrolase","WP_054020176.1"
"lcl_NZ_CP166677.1_cds_WP_157548871.1_4589",NA,"ABFT21_RS23160","hypothetical protein","WP_157548871.1"
"lcl_NZ_CP166677.1_cds_WP_054020175.1_4590",NA,"ABFT21_RS23165","type II toxin-antitoxin system RelE/ParE family toxin","WP_054020175.1"
"lcl_NZ_CP166677.1_cds_WP_157548869.1_4591",NA,"ABFT21_RS23170","YlcI/YnfO family protein","WP_157548869.1"
"lcl_NZ_CP166677.1_cds_WP_082368258.1_4592",NA,"ABFT21_RS23175","DUF2970 domain-containing protein","WP_082368258.1"
"lcl_NZ_CP166677.1_cds_WP_480338509.1_4593",NA,"ABFT21_RS23180","c-type cytochrome","WP_480338509.1"
"lcl_NZ_CP166677.1_cds_WP_054020173.1_4594",NA,"ABFT21_RS23185","aminotransferase-like domain-containing protein","WP_054020173.1"
"lcl_NZ_CP166677.1_cds_WP_197284629.1_4595",NA,"ABFT21_RS23190","DMT family transporter","WP_197284629.1"
"lcl_NZ_CP166677.1_cds_WP_455566769.1_4596",NA,"ABFT21_RS23195","small membrane protein YohP","WP_455566769.1"
"lcl_NZ_CP166677.1_cds_WP_054020172.1_4597",NA,"ABFT21_RS23200","AI-2E family transporter","WP_054020172.1"
"lcl_NZ_CP166677.1_cds_WP_157548867.1_4598",NA,"ABFT21_RS23205","c-type cytochrome","WP_157548867.1"
"lcl_NZ_CP166677.1_cds_WP_054020171.1_4599",NA,"ABFT21_RS23210","c-type cytochrome","WP_054020171.1"
"lcl_NZ_CP166677.1_cds_WP_054020170.1_4600",NA,"ABFT21_RS23215","DUF2231 domain-containing protein","WP_054020170.1"
"lcl_NZ_CP166677.1_cds_WP_054020169.1_4601",NA,"ABFT21_RS23220","PQQ-dependent sugar dehydrogenase","WP_054020169.1"
"lcl_NZ_CP166677.1_cds_WP_054020168.1_4602",NA,"ABFT21_RS23225","hypothetical protein","WP_054020168.1"
"lcl_NZ_CP166677.1_cds_WP_054020167.1_4603",NA,"ABFT21_RS23230","cytochrome c oxidase assembly protein","WP_054020167.1"
"lcl_NZ_CP166677.1_cds_WP_054020166.1_4604",NA,"ABFT21_RS23235","hypothetical protein","WP_054020166.1"
"lcl_NZ_CP166677.1_cds_WP_054020165.1_4605",NA,"ABFT21_RS23240","cytochrome c oxidase subunit 3","WP_054020165.1"
"lcl_NZ_CP166677.1_cds_WP_054020164.1_4606","ctaD","ABFT21_RS23245","cytochrome c oxidase subunit I","WP_054020164.1"
"lcl_NZ_CP166677.1_cds_WP_054020163.1_4607","coxB","ABFT21_RS23250","cytochrome c oxidase subunit II","WP_054020163.1"
"lcl_NZ_CP166677.1_cds_WP_157548865.1_4608",NA,"ABFT21_RS23255","hypothetical protein","WP_157548865.1"
"lcl_NZ_CP166677.1_cds_WP_054020162.1_4609",NA,"ABFT21_RS23260","slipin family protein","WP_054020162.1"
"lcl_NZ_CP166677.1_cds_WP_054020161.1_4610",NA,"ABFT21_RS23265","NfeD family protein","WP_054020161.1"
"lcl_NZ_CP166677.1_cds_WP_054020160.1_4611",NA,"ABFT21_RS23270","BCCT family transporter","WP_054020160.1"
"lcl_NZ_CP166677.1_cds_WP_054020159.1_4612",NA,"ABFT21_RS23275","ABC transporter permease","WP_054020159.1"
"lcl_NZ_CP166677.1_cds_WP_054020158.1_4613",NA,"ABFT21_RS23280","ABC transporter ATP-binding protein","WP_054020158.1"
"lcl_NZ_CP166677.1_cds_WP_054020157.1_4614",NA,"ABFT21_RS23285","HlyD family secretion protein","WP_054020157.1"
"lcl_NZ_CP166677.1_cds_WP_082368256.1_4615",NA,"ABFT21_RS23290","TetR/AcrR family transcriptional regulator","WP_082368256.1"
"lcl_NZ_CP166677.1_cds_WP_054020156.1_4616",NA,"ABFT21_RS23295","HTD2 family dehydratase","WP_054020156.1"
"lcl_NZ_CP166677.1_cds_WP_054020155.1_4617",NA,"ABFT21_RS23300","CaiB/BaiF CoA transferase family protein","WP_054020155.1"
"lcl_NZ_CP166677.1_cds_WP_054020154.1_4618",NA,"ABFT21_RS23305","class-II fumarase/aspartase family protein","WP_054020154.1"
"lcl_NZ_CP166677.1_cds_WP_054020153.1_4619",NA,"ABFT21_RS23310","alpha/beta hydrolase","WP_054020153.1"
"lcl_NZ_CP166677.1_cds_WP_054020152.1_4620",NA,"ABFT21_RS23315","DUF4386 family protein","WP_054020152.1"
"lcl_NZ_CP166677.1_cds_WP_054020151.1_4621",NA,"ABFT21_RS23320","AraC family transcriptional regulator","WP_054020151.1"
"lcl_NZ_CP166677.1_cds_WP_054020150.1_4622",NA,"ABFT21_RS23325","GFA family protein","WP_054020150.1"
"lcl_NZ_CP166677.1_cds_WP_054020149.1_4623",NA,"ABFT21_RS23330","YCF48-related protein","WP_054020149.1"
"lcl_NZ_CP166677.1_cds_WP_054020148.1_4624",NA,"ABFT21_RS23335","helix-turn-helix domain-containing protein","WP_054020148.1"
"lcl_NZ_CP166677.1_cds_WP_054020147.1_4625",NA,"ABFT21_RS23340","DUF2281 domain-containing protein","WP_054020147.1"
"lcl_NZ_CP166677.1_cds_WP_197284628.1_4626",NA,"ABFT21_RS23345","putative toxin-antitoxin system toxin component, PIN family","WP_197284628.1"
"lcl_NZ_CP166677.1_cds_WP_054020145.1_4627",NA,"ABFT21_RS23350","hypothetical protein","WP_054020145.1"
"lcl_NZ_CP166677.1_cds_WP_082368253.1_4628",NA,"ABFT21_RS23355","type II toxin-antitoxin system RelE/ParE family toxin","WP_082368253.1"
"lcl_NZ_CP166677.1_cds_WP_054020144.1_4629",NA,"ABFT21_RS23360","SRPBCC family protein","WP_054020144.1"
"lcl_NZ_CP166677.1_cds_WP_054020143.1_4630",NA,"ABFT21_RS23365","alpha/beta fold hydrolase","WP_054020143.1"
"lcl_NZ_CP166677.1_cds_WP_054020142.1_4631",NA,"ABFT21_RS23370","sigma-54-dependent Fis family transcriptional regulator","WP_054020142.1"
"lcl_NZ_CP166677.1_cds_WP_054020141.1_4632",NA,"ABFT21_RS23375","NAD(P)/FAD-dependent oxidoreductase","WP_054020141.1"
"lcl_NZ_CP166677.1_cds_WP_082368252.1_4633",NA,"ABFT21_RS23380","hemerythrin domain-containing protein","WP_082368252.1"
"lcl_NZ_CP166677.1_cds_WP_082368251.1_4634",NA,"ABFT21_RS23385","penicillin acylase family protein","WP_082368251.1"
"lcl_NZ_CP166677.1_cds_WP_054020140.1_4635",NA,"ABFT21_RS23390","hypothetical protein","WP_054020140.1"
"lcl_NZ_CP166677.1_cds_WP_231638111.1_4636",NA,"ABFT21_RS23395","LysR family transcriptional regulator","WP_231638111.1"
"lcl_NZ_CP166677.1_cds_WP_054020139.1_4637",NA,"ABFT21_RS23400","SDR family oxidoreductase","WP_054020139.1"
"lcl_NZ_CP166677.1_cds_WP_054020138.1_4638",NA,"ABFT21_RS23405","aminotransferase class V-fold PLP-dependent enzyme","WP_054020138.1"
"lcl_NZ_CP166677.1_cds_WP_054020137.1_4639",NA,"ABFT21_RS23410","MFS transporter","WP_054020137.1"
"lcl_NZ_CP166677.1_cds_WP_197284627.1_4640",NA,"ABFT21_RS23415","ankyrin repeat domain-containing protein","WP_197284627.1"
"lcl_NZ_CP166677.1_cds_WP_231638110.1_4641",NA,"ABFT21_RS23420","pseudouridine synthase","WP_231638110.1"
"lcl_NZ_CP166677.1_cds_WP_054020136.1_4642","bla","ABFT21_RS23425","class A beta-lactamase","WP_054020136.1"
"lcl_NZ_CP166677.1_cds_WP_054020135.1_4643",NA,"ABFT21_RS23430","LysR family transcriptional regulator","WP_054020135.1"
"lcl_NZ_CP166677.1_cds_WP_054020134.1_4644","yiaA","ABFT21_RS23435","inner membrane protein YiaA","WP_054020134.1"
"lcl_NZ_CP166677.1_cds_WP_054020133.1_4645",NA,"ABFT21_RS23440","flavin-dependent oxidoreductase","WP_054020133.1"
"lcl_NZ_CP166677.1_cds_WP_054020132.1_4646",NA,"ABFT21_RS23445","DUF3299 domain-containing protein","WP_054020132.1"
"lcl_NZ_CP166677.1_cds_WP_054020131.1_4647",NA,"ABFT21_RS23450","MBL fold metallo-hydrolase","WP_054020131.1"
"lcl_NZ_CP166677.1_cds_WP_054020130.1_4648",NA,"ABFT21_RS23455","tripartite tricarboxylate transporter substrate binding protein","WP_054020130.1"
"lcl_NZ_CP166677.1_cds_WP_054020129.1_4649",NA,"ABFT21_RS23460","tartrate dehydrogenase","WP_054020129.1"
"lcl_NZ_CP166677.1_cds_WP_054020128.1_4650",NA,"ABFT21_RS23465","LysR family transcriptional regulator","WP_054020128.1"
"lcl_NZ_CP166677.1_cds_WP_054020127.1_4651",NA,"ABFT21_RS23470","Hsp20/alpha crystallin family protein","WP_054020127.1"
"lcl_NZ_CP166677.1_cds_WP_054020126.1_4652",NA,"ABFT21_RS23475","Hsp20/alpha crystallin family protein","WP_054020126.1"
"lcl_NZ_CP166677.1_cds_WP_054020125.1_4653",NA,"ABFT21_RS23480","DnaJ C-terminal domain-containing protein","WP_054020125.1"
"lcl_NZ_CP166677.1_cds_WP_082368248.1_4654",NA,"ABFT21_RS23485","S1C family serine protease","WP_082368248.1"
"lcl_NZ_CP166677.1_cds_WP_463938179.1_4655",NA,"ABFT21_RS23490","methyl-accepting chemotaxis protein","WP_463938179.1"
"lcl_NZ_CP166677.1_cds_WP_054021378.1_4656","zwf","ABFT21_RS23495","glucose-6-phosphate dehydrogenase","WP_054021378.1"
"lcl_NZ_CP166677.1_cds_WP_054021379.1_4657",NA,"ABFT21_RS23500","flavin reductase family protein","WP_054021379.1"
"lcl_NZ_CP166677.1_cds_WP_054021380.1_4658",NA,"ABFT21_RS23505","hypothetical protein","WP_054021380.1"
"lcl_NZ_CP166677.1_cds_WP_054021381.1_4659",NA,"ABFT21_RS23510","PRC-barrel domain-containing protein","WP_054021381.1"
"lcl_NZ_CP166677.1_cds_WP_054021382.1_4660",NA,"ABFT21_RS23515","ketopantoate reductase family protein","WP_054021382.1"
"lcl_NZ_CP166677.1_cds_WP_082368456.1_4661",NA,"ABFT21_RS23520","amidase family protein","WP_082368456.1"
"lcl_NZ_CP166677.1_cds_WP_082368457.1_4662",NA,"ABFT21_RS23525","class I adenylate-forming enzyme family protein","WP_082368457.1"
"lcl_NZ_CP166677.1_cds_WP_054021383.1_4663",NA,"ABFT21_RS23530","Bug family tripartite tricarboxylate transporter substrate binding protein","WP_054021383.1"
"lcl_NZ_CP166677.1_cds_WP_054021384.1_4664",NA,"ABFT21_RS23535","hypothetical protein","WP_054021384.1"
"lcl_NZ_CP166677.1_cds_WP_054021385.1_4665","cspE","ABFT21_RS23540","transcription antiterminator/RNA stability regulator CspE","WP_054021385.1"
"lcl_NZ_CP166677.1_cds_WP_054021386.1_4666",NA,"ABFT21_RS23545","hypothetical protein","WP_054021386.1"
"lcl_NZ_CP166677.1_cds_WP_054021387.1_4667",NA,"ABFT21_RS23550","VF530 family protein","WP_054021387.1"
"lcl_NZ_CP166677.1_cds_WP_054021388.1_4668","fghA","ABFT21_RS23555","S-formylglutathione hydrolase","WP_054021388.1"
"lcl_NZ_CP166677.1_cds_WP_054021389.1_4669",NA,"ABFT21_RS23560","S-(hydroxymethyl)glutathione dehydrogenase/class III alcohol dehydrogenase","WP_054021389.1"
"lcl_NZ_CP166677.1_cds_WP_054021390.1_4670",NA,"ABFT21_RS23565","mandelate racemase/muconate lactonizing enzyme family protein","WP_054021390.1"
"lcl_NZ_CP166677.1_cds_WP_231638187.1_4671",NA,"ABFT21_RS23570","ABC transporter permease","WP_231638187.1"
"lcl_NZ_CP166677.1_cds_WP_054021392.1_4672",NA,"ABFT21_RS23575","ABC transporter ATP-binding protein","WP_054021392.1"
"lcl_NZ_CP166677.1_cds_WP_054021393.1_4673",NA,"ABFT21_RS23580","ABC transporter substrate-binding protein","WP_054021393.1"
"lcl_NZ_CP166677.1_cds_WP_054021394.1_4674",NA,"ABFT21_RS23585","GMC family oxidoreductase","WP_054021394.1"
"lcl_NZ_CP166677.1_cds_WP_054021395.1_4675",NA,"ABFT21_RS23590","GntR family transcriptional regulator","WP_054021395.1"
"lcl_NZ_CP166677.1_cds_WP_054021396.1_4676",NA,"ABFT21_RS23595","alcohol dehydrogenase catalytic domain-containing protein","WP_054021396.1"
"lcl_NZ_CP166677.1_cds_WP_054021397.1_4677",NA,"ABFT21_RS23600","SDR family NAD(P)-dependent oxidoreductase","WP_054021397.1"
"lcl_NZ_CP166677.1_cds_WP_054021398.1_4678","hpsN","ABFT21_RS23605","sulfopropanediol 3-dehydrogenase","WP_054021398.1"
"lcl_NZ_CP166677.1_cds_WP_054021399.1_4679",NA,"ABFT21_RS23610","flavin-containing monooxygenase","WP_054021399.1"
"lcl_NZ_CP166677.1_cds_WP_054021400.1_4680",NA,"ABFT21_RS23615","ABC transporter ATP-binding protein","WP_054021400.1"
"lcl_NZ_CP166677.1_cds_WP_054021401.1_4681",NA,"ABFT21_RS23620","ABC transporter permease","WP_054021401.1"
"lcl_NZ_CP166677.1_cds_WP_054021402.1_4682",NA,"ABFT21_RS23625","ABC transporter permease","WP_054021402.1"
"lcl_NZ_CP166677.1_cds_WP_082368460.1_4683",NA,"ABFT21_RS23630","NAD(P)-dependent oxidoreductase","WP_082368460.1"
"lcl_NZ_CP166677.1_cds_WP_082368461.1_4684",NA,"ABFT21_RS23635","transketolase family protein","WP_082368461.1"
"lcl_NZ_CP166677.1_cds_WP_054021403.1_4685",NA,"ABFT21_RS23640","transketolase","WP_054021403.1"
"lcl_NZ_CP166677.1_cds_WP_054021404.1_4686",NA,"ABFT21_RS23645","LacI family DNA-binding transcriptional regulator","WP_054021404.1"
"lcl_NZ_CP166677.1_cds_WP_054021405.1_4687",NA,"ABFT21_RS23650","ABC transporter substrate-binding protein","WP_054021405.1"
"lcl_NZ_CP166677.1_cds_WP_054021406.1_4688",NA,"ABFT21_RS23655","Bug family tripartite tricarboxylate transporter substrate binding protein","WP_054021406.1"
"lcl_NZ_CP166677.1_cds_WP_054021407.1_4689",NA,"ABFT21_RS23660","Ldh family oxidoreductase","WP_054021407.1"
"lcl_NZ_CP166677.1_cds_WP_054021408.1_4690",NA,"ABFT21_RS23665","hydroxyacid dehydrogenase","WP_054021408.1"
"lcl_NZ_CP166677.1_cds_WP_054021409.1_4691",NA,"ABFT21_RS23670","UxaA family hydrolase","WP_054021409.1"
"lcl_NZ_CP166677.1_cds_WP_054021410.1_4692",NA,"ABFT21_RS23675","UxaA family hydrolase","WP_054021410.1"
"lcl_NZ_CP166677.1_cds_WP_054021411.1_4693",NA,"ABFT21_RS23680","GntR family transcriptional regulator","WP_054021411.1"
"lcl_NZ_CP166677.1_cds_WP_054021412.1_4694",NA,"ABFT21_RS23685","LysR family transcriptional regulator","WP_054021412.1"
"lcl_NZ_CP166677.1_cds_WP_054021413.1_4695",NA,"ABFT21_RS23690","succinate dehydrogenase/fumarate reductase iron-sulfur subunit","WP_054021413.1"
"lcl_NZ_CP166677.1_cds_WP_054021436.1_4696",NA,"ABFT21_RS23695","succinate dehydrogenase/fumarate reductase transmembrane subunit","WP_054021436.1"
"lcl_NZ_CP166677.1_cds_WP_054021414.1_4697","sdhC","ABFT21_RS23700","succinate dehydrogenase, cytochrome b556 subunit","WP_054021414.1"
"lcl_NZ_CP166677.1_cds_WP_054021415.1_4698",NA,"ABFT21_RS23705","tripartite tricarboxylate transporter substrate binding protein","WP_054021415.1"
"lcl_NZ_CP166677.1_cds_WP_054021416.1_4699",NA,"ABFT21_RS23710","fumarate hydratase","WP_054021416.1"
"lcl_NZ_CP166677.1_cds_WP_054021417.1_4700",NA,"ABFT21_RS23715","fumarate hydratase C-terminal domain-containing protein","WP_054021417.1"
"lcl_NZ_CP166677.1_cds_WP_054021418.1_4701",NA,"ABFT21_RS23720","L-aspartate oxidase","WP_054021418.1"
"lcl_NZ_CP166677.1_cds_WP_054021419.1_4702",NA,"ABFT21_RS23725","tripartite tricarboxylate transporter substrate binding protein","WP_054021419.1"
"lcl_NZ_CP166677.1_cds_WP_054021420.1_4703",NA,"ABFT21_RS23730","thiamine pyrophosphate-binding protein","WP_054021420.1"
"lcl_NZ_CP166677.1_cds_WP_231638188.1_4704",NA,"ABFT21_RS23735","sulfite exporter TauE/SafE family protein","WP_231638188.1"
"lcl_NZ_CP166677.1_cds_WP_054021421.1_4705",NA,"ABFT21_RS23740","asparaginase","WP_054021421.1"
"lcl_NZ_CP166677.1_cds_WP_054021422.1_4706",NA,"ABFT21_RS23745","EamA family transporter","WP_054021422.1"
"lcl_NZ_CP166677.1_cds_WP_054021423.1_4707",NA,"ABFT21_RS23750","DUF748 domain-containing protein","WP_054021423.1"
"lcl_NZ_CP166677.1_cds_WP_231638189.1_4708",NA,"ABFT21_RS23755","DUF429 domain-containing protein","WP_231638189.1"
"lcl_NZ_CP166677.1_cds_WP_054021424.1_4709",NA,"ABFT21_RS23760","ligase-associated DNA damage response DEXH box helicase","WP_054021424.1"
"lcl_NZ_CP166677.1_cds_WP_054021425.1_4710",NA,"ABFT21_RS23765","YkvA family protein","WP_054021425.1"
"lcl_NZ_CP166677.1_cds_WP_054021426.1_4711",NA,"ABFT21_RS23770","CreA family protein","WP_054021426.1"
"lcl_NZ_CP166677.1_cds_WP_054021427.1_4712","eutC","ABFT21_RS23775","ethanolamine ammonia-lyase subunit EutC","WP_054021427.1"
"lcl_NZ_CP166677.1_cds_WP_197284704.1_4713",NA,"ABFT21_RS23780","ethanolamine ammonia-lyase subunit EutB","WP_197284704.1"
"lcl_NZ_CP166677.1_cds_WP_054021429.1_4714","eat","ABFT21_RS23785","ethanolamine permease","WP_054021429.1"
"lcl_NZ_CP166677.1_cds_WP_082368464.1_4715",NA,"ABFT21_RS23790","helix-turn-helix domain-containing protein","WP_082368464.1"
"lcl_NZ_CP166677.1_cds_WP_054021431.1_4716",NA,"ABFT21_RS23795","DUF3016 domain-containing protein","WP_054021431.1"
"lcl_NZ_CP166677.1_cds_WP_054021432.1_4717","upp","ABFT21_RS23800","uracil phosphoribosyltransferase","WP_054021432.1"
"lcl_NZ_CP166677.1_cds_WP_054022495.1_4718",NA,"ABFT21_RS23805","hypothetical protein","WP_054022495.1"
"lcl_NZ_CP166677.1_cds_WP_231638259.1_4719",NA,"ABFT21_RS23810","DUF1688 family protein","WP_231638259.1"
"lcl_NZ_CP166677.1_cds_WP_393939965.1_4720",NA,"ABFT21_RS23815","GTP cyclohydrolase II","WP_393939965.1"
"lcl_NZ_CP166677.1_cds_WP_054022493.1_4721",NA,"ABFT21_RS23820","phytanoyl-CoA dioxygenase family protein","WP_054022493.1"
"lcl_NZ_CP166677.1_cds_WP_054022492.1_4722",NA,"ABFT21_RS23825","adenosine deaminase family protein","WP_054022492.1"
"lcl_NZ_CP166677.1_cds_WP_054022491.1_4723",NA,"ABFT21_RS23830","BMP family lipoprotein","WP_054022491.1"
"lcl_NZ_CP166677.1_cds_WP_054022490.1_4724",NA,"ABFT21_RS23835","ABC transporter ATP-binding protein","WP_054022490.1"
"lcl_NZ_CP166677.1_cds_WP_054022489.1_4725",NA,"ABFT21_RS23840","ABC transporter permease","WP_054022489.1"
"lcl_NZ_CP166677.1_cds_WP_054022488.1_4726",NA,"ABFT21_RS23845","ABC transporter permease","WP_054022488.1"
"lcl_NZ_CP166677.1_cds_WP_082368650.1_4727",NA,"ABFT21_RS23850","purine-nucleoside phosphorylase","WP_082368650.1"
"lcl_NZ_CP166677.1_cds_WP_054022487.1_4728",NA,"ABFT21_RS23855","AbrB/MazE/SpoVT family DNA-binding domain-containing protein","WP_054022487.1"
"lcl_NZ_CP166677.1_cds_WP_197284776.1_4729",NA,"ABFT21_RS23860","type II toxin-antitoxin system VapC family toxin","WP_197284776.1"
"lcl_NZ_CP166677.1_cds_WP_054022485.1_4730",NA,"ABFT21_RS23865","YXWGXW repeat-containing protein","WP_054022485.1"
"lcl_NZ_CP166677.1_cds_WP_054022484.1_4731",NA,"ABFT21_RS23870","ABC transporter permease","WP_054022484.1"
"lcl_NZ_CP166677.1_cds_WP_054022483.1_4732",NA,"ABFT21_RS23875","ABC transporter permease","WP_054022483.1"
"lcl_NZ_CP166677.1_cds_WP_054022482.1_4733",NA,"ABFT21_RS23880","ABC transporter ATP-binding protein","WP_054022482.1"
"lcl_NZ_CP166677.1_cds_WP_054022481.1_4734",NA,"ABFT21_RS23885","hypothetical protein","WP_054022481.1"
"lcl_NZ_CP166677.1_cds_WP_054022480.1_4735",NA,"ABFT21_RS23890","esterase/lipase family protein","WP_054022480.1"
"lcl_NZ_CP166677.1_cds_WP_054022479.1_4736",NA,"ABFT21_RS23895","T6SS immunity protein Tli4 family protein","WP_054022479.1"
"lcl_NZ_CP166677.1_cds_WP_054022478.1_4737",NA,"ABFT21_RS23900","hypothetical protein","WP_054022478.1"
"lcl_NZ_CP166677.1_cds_WP_054022477.1_4738",NA,"ABFT21_RS23905","BMP family protein","WP_054022477.1"
"lcl_NZ_CP166677.1_cds_WP_054022476.1_4739","bchE","ABFT21_RS23910","magnesium-protoporphyrin IX monomethyl ester anaerobic oxidative cyclase","WP_054022476.1"
"lcl_NZ_CP166677.1_cds_WP_054022475.1_4740","bchJ","ABFT21_RS23915","bacteriochlorophyll 4-vinyl reductase","WP_054022475.1"
"lcl_NZ_CP166677.1_cds_WP_054022474.1_4741","purB","ABFT21_RS23920","adenylosuccinate lyase","WP_054022474.1"
"lcl_NZ_CP166677.1_cds_WP_054022473.1_4742","pyrF","ABFT21_RS23925","orotidine-5'-phosphate decarboxylase","WP_054022473.1"
"lcl_NZ_CP166677.1_cds_WP_054022498.1_4743",NA,"ABFT21_RS23930","xanthine dehydrogenase family protein molybdopterin-binding subunit","WP_054022498.1"
"lcl_NZ_CP166677.1_cds_WP_054022472.1_4744",NA,"ABFT21_RS23935","(2Fe-2S)-binding protein","WP_054022472.1"
"lcl_NZ_CP166677.1_cds_WP_054022471.1_4745",NA,"ABFT21_RS23940","porin","WP_054022471.1"
"lcl_NZ_CP166677.1_cds_WP_157549302.1_4746",NA,"ABFT21_RS23945","M14 family metallopeptidase","WP_157549302.1"
"lcl_NZ_CP166677.1_cds_WP_054022469.1_4747",NA,"ABFT21_RS23950","LytR/AlgR family response regulator transcription factor","WP_054022469.1"
"lcl_NZ_CP166677.1_cds_WP_054022468.1_4748",NA,"ABFT21_RS23955","class II glutamine amidotransferase","WP_054022468.1"
"lcl_NZ_CP166677.1_cds_WP_054022467.1_4749",NA,"ABFT21_RS23960","NAD(P)/FAD-dependent oxidoreductase","WP_054022467.1"
"lcl_NZ_CP166677.1_cds_WP_231638258.1_4750",NA,"ABFT21_RS23965","NAD(P)/FAD-dependent oxidoreductase","WP_231638258.1"
"lcl_NZ_CP166677.1_cds_WP_054022466.1_4751","hemP","ABFT21_RS23970","hemin uptake protein HemP","WP_054022466.1"
"lcl_NZ_CP166677.1_cds_WP_054022465.1_4752",NA,"ABFT21_RS23975","DUF4394 domain-containing protein","WP_054022465.1"
"lcl_NZ_CP166677.1_cds_WP_054022464.1_4753",NA,"ABFT21_RS23980","malate synthase G","WP_054022464.1"
"lcl_NZ_CP166677.1_cds_WP_054022463.1_4754",NA,"ABFT21_RS23985","haloacid dehalogenase type II","WP_054022463.1"
"lcl_NZ_CP166677.1_cds_WP_054022462.1_4755",NA,"ABFT21_RS23990","LysR family transcriptional regulator","WP_054022462.1"
"lcl_NZ_CP166677.1_cds_WP_054022461.1_4756",NA,"ABFT21_RS23995","hypothetical protein","WP_054022461.1"
"lcl_NZ_CP166677.1_cds_WP_054022496.1_4757",NA,"ABFT21_RS24000","serine/threonine-protein kinase","WP_054022496.1"
"lcl_NZ_CP166677.1_cds_WP_054022460.1_4758","argS","ABFT21_RS24005","arginine--tRNA ligase","WP_054022460.1"
"lcl_NZ_CP166677.1_cds_WP_054022459.1_4759",NA,"ABFT21_RS24010","SPOR domain-containing protein","WP_054022459.1"
"lcl_NZ_CP166677.1_cds_WP_054022458.1_4760",NA,"ABFT21_RS24015","thiol:disulfide interchange protein DsbA/DsbL","WP_054022458.1"
"lcl_NZ_CP166677.1_cds_WP_054022457.1_4761","lptA","ABFT21_RS24020","lipopolysaccharide transport periplasmic protein LptA","WP_054022457.1"
"lcl_NZ_CP166677.1_cds_WP_054022456.1_4762","lptB","ABFT21_RS24025","LPS export ABC transporter ATP-binding protein","WP_054022456.1"
"lcl_NZ_CP166677.1_cds_WP_054021457.1_4763",NA,"ABFT21_RS24030","RNA polymerase factor sigma-54","WP_054021457.1"
"lcl_NZ_CP166677.1_cds_WP_054021456.1_4764",NA,"ABFT21_RS24035","THUMP domain-containing class I SAM-dependent RNA methyltransferase","WP_054021456.1"
"lcl_NZ_CP166677.1_cds_WP_054021455.1_4765",NA,"ABFT21_RS24040","YidB family protein","WP_054021455.1"
"lcl_NZ_CP166677.1_cds_WP_054021454.1_4766",NA,"ABFT21_RS24045","16S rRNA (uracil(1498)-N(3))-methyltransferase","WP_054021454.1"
"lcl_NZ_CP166677.1_cds_WP_054021453.1_4767",NA,"ABFT21_RS24050","hypothetical protein","WP_054021453.1"
"lcl_NZ_CP166677.1_cds_WP_054021452.1_4768",NA,"ABFT21_RS24055","long-chain-fatty-acid--CoA ligase","WP_054021452.1"
"lcl_NZ_CP166677.1_cds_WP_054021451.1_4769",NA,"ABFT21_RS24060","MFS transporter","WP_054021451.1"
"lcl_NZ_CP166677.1_cds_WP_054021450.1_4770",NA,"ABFT21_RS24065","hotdog fold thioesterase","WP_054021450.1"
"lcl_NZ_CP166677.1_cds_WP_054021449.1_4771",NA,"ABFT21_RS24070","PilZ domain-containing protein","WP_054021449.1"
"lcl_NZ_CP166677.1_cds_WP_054021448.1_4772","rpoD","ABFT21_RS24075","RNA polymerase sigma factor RpoD","WP_054021448.1"
"lcl_NZ_CP166677.1_cds_WP_231638191.1_4773",NA,"ABFT21_RS24080","phospholipase A","WP_231638191.1"
"lcl_NZ_CP166677.1_cds_WP_197284705.1_4774",NA,"ABFT21_RS24085","MarR family winged helix-turn-helix transcriptional regulator","WP_197284705.1"
"lcl_NZ_CP166677.1_cds_WP_054021446.1_4775",NA,"ABFT21_RS24090","ABC transporter ATP-binding protein","WP_054021446.1"
"lcl_NZ_CP166677.1_cds_WP_054021445.1_4776",NA,"ABFT21_RS24095","branched-chain amino acid ABC transporter ATP-binding protein/permease","WP_054021445.1"
"lcl_NZ_CP166677.1_cds_WP_054021444.1_4777",NA,"ABFT21_RS24100","branched-chain amino acid ABC transporter permease","WP_054021444.1"
"lcl_NZ_CP166677.1_cds_WP_054021443.1_4778",NA,"ABFT21_RS24105","ABC transporter substrate-binding protein","WP_054021443.1"
"lcl_NZ_CP166677.1_cds_WP_054021442.1_4779",NA,"ABFT21_RS24110","acyl-CoA thioesterase","WP_054021442.1"
"lcl_NZ_CP166677.1_cds_WP_054021441.1_4780",NA,"ABFT21_RS24115","feruloyl-CoA synthase","WP_054021441.1"
"lcl_NZ_CP166677.1_cds_WP_054021440.1_4781",NA,"ABFT21_RS24120","crotonase/enoyl-CoA hydratase family protein","WP_054021440.1"
"lcl_NZ_CP166677.1_cds_WP_054021439.1_4782",NA,"ABFT21_RS24125","antibiotic biosynthesis monooxygenase family protein","WP_054021439.1"
"lcl_NZ_CP166677.1_cds_WP_054021438.1_4783",NA,"ABFT21_RS24130","(2Fe-2S)-binding protein","WP_054021438.1"
"lcl_NZ_CP166677.1_cds_WP_082368469.1_4784",NA,"ABFT21_RS24135","xanthine dehydrogenase family protein molybdopterin-binding subunit","WP_082368469.1"
"lcl_NZ_CP166677.1_cds_WP_082368468.1_4785","soxX","ABFT21_RS24140","sulfur oxidation c-type cytochrome SoxX","WP_082368468.1"
"lcl_NZ_CP166677.1_cds_WP_082368467.1_4786",NA,"ABFT21_RS24145","SoxY-related AACIE arm protein","WP_082368467.1"
"lcl_NZ_CP166677.1_cds_WP_054021078.1_4787",NA,"ABFT21_RS24150","thiosulfate oxidation carrier complex protein SoxZ","WP_054021078.1"
"lcl_NZ_CP166677.1_cds_WP_231638167.1_4788","soxA","ABFT21_RS24155","sulfur oxidation c-type cytochrome SoxA","WP_231638167.1"
"lcl_NZ_CP166677.1_cds_WP_054021089.1_4789",NA,"ABFT21_RS24160","VUT family protein","WP_054021089.1"
"lcl_NZ_CP166677.1_cds_WP_197284683.1_4790",NA,"ABFT21_RS24165","hypothetical protein","WP_197284683.1"
"lcl_NZ_CP166677.1_cds_WP_054021076.1_4791","rocF","ABFT21_RS24170","arginase","WP_054021076.1"
"lcl_NZ_CP166677.1_cds_WP_054021075.1_4792",NA,"ABFT21_RS24175","LOG family protein","WP_054021075.1"
"lcl_NZ_CP166677.1_cds_WP_054021074.1_4793",NA,"ABFT21_RS24180","HesA/MoeB/ThiF family protein","WP_054021074.1"
"lcl_NZ_CP166677.1_cds_WP_054021073.1_4794",NA,"ABFT21_RS24185","S41 family peptidase","WP_054021073.1"
"lcl_NZ_CP166677.1_cds_WP_054021072.1_4795",NA,"ABFT21_RS24190","ABC transporter ATP-binding protein","WP_054021072.1"
"lcl_NZ_CP166677.1_cds_WP_054021071.1_4796",NA,"ABFT21_RS24195","ABC transporter permease","WP_054021071.1"
"lcl_NZ_CP166677.1_cds_WP_054021070.1_4797",NA,"ABFT21_RS24200","TMEM165/GDT1 family protein","WP_054021070.1"
"lcl_NZ_CP166677.1_cds_WP_082368412.1_4798",NA,"ABFT21_RS24205","transglycosylase domain-containing protein","WP_082368412.1"
"lcl_NZ_CP166677.1_cds_WP_054021069.1_4799",NA,"ABFT21_RS24215","class 1 fructose-bisphosphatase","WP_054021069.1"
"lcl_NZ_CP166677.1_cds_WP_054021068.1_4800","pepN","ABFT21_RS24220","aminopeptidase N","WP_054021068.1"
"lcl_NZ_CP166677.1_cds_WP_157549043.1_4801","prfB","ABFT21_RS24225","peptide chain release factor 2","WP_157549043.1"
"lcl_NZ_CP166677.1_cds_WP_054021066.1_4802",NA,"ABFT21_RS24230","hypothetical protein","WP_054021066.1"
"lcl_NZ_CP166677.1_cds_WP_231638166.1_4803",NA,"ABFT21_RS24235","tetratricopeptide repeat protein","WP_231638166.1"
"lcl_NZ_CP166677.1_cds_WP_054021065.1_4804",NA,"ABFT21_RS24240","DUF4212 domain-containing protein","WP_054021065.1"
"lcl_NZ_CP166677.1_cds_WP_054021064.1_4805",NA,"ABFT21_RS24245","sodium:solute symporter family protein","WP_054021064.1"
"lcl_NZ_CP166677.1_cds_WP_054021063.1_4806",NA,"ABFT21_RS24250","alpha/beta fold hydrolase","WP_054021063.1"
"lcl_NZ_CP166677.1_cds_WP_054021062.1_4807",NA,"ABFT21_RS24255","GNAT family N-acetyltransferase","WP_054021062.1"
"lcl_NZ_CP166677.1_cds_WP_054021061.1_4808",NA,"ABFT21_RS24260","acetate--CoA ligase","WP_054021061.1"
"lcl_NZ_CP166677.1_cds_WP_054021060.1_4809","ybaK","ABFT21_RS24265","Cys-tRNA(Pro) deacylase","WP_054021060.1"
"lcl_NZ_CP166677.1_cds_WP_054021059.1_4810","plsY","ABFT21_RS24270","glycerol-3-phosphate 1-O-acyltransferase PlsY","WP_054021059.1"
"lcl_NZ_CP166677.1_cds_WP_054021058.1_4811",NA,"ABFT21_RS24275","RidA family protein","WP_054021058.1"
"lcl_NZ_CP166677.1_cds_WP_054021057.1_4812",NA,"ABFT21_RS24280","L-threonylcarbamoyladenylate synthase","WP_054021057.1"
"lcl_NZ_CP166677.1_cds_WP_054021056.1_4813",NA,"ABFT21_RS24285","3',5'-nucleoside bisphosphate phosphatase","WP_054021056.1"
"lcl_NZ_CP166677.1_cds_WP_082368411.1_4814",NA,"ABFT21_RS24290","PQQ-dependent sugar dehydrogenase","WP_082368411.1"
"lcl_NZ_CP166677.1_cds_WP_197284682.1_4815",NA,"ABFT21_RS24295","MalM family protein","WP_197284682.1"
"lcl_NZ_CP166677.1_cds_WP_157549039.1_4816",NA,"ABFT21_RS24300","hypothetical protein","WP_157549039.1"
"lcl_NZ_CP166677.1_cds_WP_054021054.1_4817","ftsZ","ABFT21_RS24305","cell division protein FtsZ","WP_054021054.1"
"lcl_NZ_CP166677.1_cds_WP_054021053.1_4818","ftsA","ABFT21_RS24310","cell division protein FtsA","WP_054021053.1"
"lcl_NZ_CP166677.1_cds_WP_054021052.1_4819",NA,"ABFT21_RS24315","cell division protein FtsQ/DivIB","WP_054021052.1"
"lcl_NZ_CP166677.1_cds_WP_054021051.1_4820",NA,"ABFT21_RS24320","D-alanine--D-alanine ligase","WP_054021051.1"
"lcl_NZ_CP166677.1_cds_WP_054021050.1_4821","murC","ABFT21_RS24325","UDP-N-acetylmuramate--L-alanine ligase","WP_054021050.1"
"lcl_NZ_CP166677.1_cds_WP_054021049.1_4822","murG","ABFT21_RS24330","undecaprenyldiphospho-muramoylpentapeptide beta-N-acetylglucosaminyltransferase","WP_054021049.1"
"lcl_NZ_CP166677.1_cds_WP_054021048.1_4823","ftsW","ABFT21_RS24335","putative lipid II flippase FtsW","WP_054021048.1"
"lcl_NZ_CP166677.1_cds_WP_369691156.1_4824","murD","ABFT21_RS24340","UDP-N-acetylmuramoyl-L-alanine--D-glutamate ligase","WP_369691156.1"
"lcl_NZ_CP166677.1_cds_WP_054021047.1_4825","mraY","ABFT21_RS24345","phospho-N-acetylmuramoyl-pentapeptide-transferase","WP_054021047.1"
"lcl_NZ_CP166677.1_cds_WP_054021046.1_4826","murF","ABFT21_RS24350","bifunctional UDP-N-acetylmuramoyl-L-alanyl-D-glutamate--2,6-diaminopimelate ligase MurE/UDP-N-acetylmuramoyl-tripeptide--D-alanyl-D-alanine ligase MurF","WP_054021046.1"
"lcl_NZ_CP166677.1_cds_WP_054021085.1_4827",NA,"ABFT21_RS24355","peptidoglycan D,D-transpeptidase FtsI family protein","WP_054021085.1"
"lcl_NZ_CP166677.1_cds_WP_054021045.1_4828","ftsL","ABFT21_RS24360","cell division protein FtsL","WP_054021045.1"
"lcl_NZ_CP166677.1_cds_WP_054021044.1_4829","rsmH","ABFT21_RS24365","16S rRNA (cytosine(1402)-N(4))-methyltransferase RsmH","WP_054021044.1"
"lcl_NZ_CP166677.1_cds_WP_054021084.1_4830","mraZ","ABFT21_RS24370","division/cell wall cluster transcriptional repressor MraZ","WP_054021084.1"
"lcl_NZ_CP166677.1_cds_WP_082368410.1_4831",NA,"ABFT21_RS24375","chloride channel protein","WP_082368410.1"
"lcl_NZ_CP166677.1_cds_WP_054021043.1_4832",NA,"ABFT21_RS24380","NnrU family protein","WP_054021043.1"
"lcl_NZ_CP166677.1_cds_WP_054021083.1_4833",NA,"ABFT21_RS24385","type II toxin-antitoxin system VapC family toxin","WP_054021083.1"
"lcl_NZ_CP166677.1_cds_WP_054021042.1_4834",NA,"ABFT21_RS24390","type II toxin-antitoxin system Phd/YefM family antitoxin","WP_054021042.1"
"lcl_NZ_CP166677.1_cds_WP_082368409.1_4835",NA,"ABFT21_RS24395","carbonic anhydrase","WP_082368409.1"
"lcl_NZ_CP166677.1_cds_WP_054021041.1_4836",NA,"ABFT21_RS24400","multidrug effflux MFS transporter","WP_054021041.1"
"lcl_NZ_CP166677.1_cds_WP_054021081.1_4837",NA,"ABFT21_RS24410","DUF3025 domain-containing protein","WP_054021081.1"
"lcl_NZ_CP166677.1_cds_WP_231638165.1_4838",NA,"ABFT21_RS24415","NYN domain-containing protein","WP_231638165.1"
"lcl_NZ_CP166677.1_cds_WP_054021040.1_4839","pyrC","ABFT21_RS24420","dihydroorotase","WP_054021040.1"
"lcl_NZ_CP166677.1_cds_WP_082368408.1_4840",NA,"ABFT21_RS24425","DUF4394 domain-containing protein","WP_082368408.1"
"lcl_NZ_CP166677.1_cds_WP_054021039.1_4841",NA,"ABFT21_RS24430","amino acid ABC transporter ATP-binding protein","WP_054021039.1"
"lcl_NZ_CP166677.1_cds_WP_054021038.1_4842",NA,"ABFT21_RS24435","amino acid ABC transporter permease","WP_054021038.1"
"lcl_NZ_CP166677.1_cds_WP_054021037.1_4843",NA,"ABFT21_RS24440","amino acid ABC transporter permease","WP_054021037.1"
"lcl_NZ_CP166677.1_cds_WP_054021036.1_4844",NA,"ABFT21_RS24445","amino acid ABC transporter substrate-binding protein","WP_054021036.1"
"lcl_NZ_CP166677.1_cds_WP_054021035.1_4845",NA,"ABFT21_RS24450","LysR substrate-binding domain-containing protein","WP_054021035.1"
"lcl_NZ_CP166677.1_cds_WP_054021034.1_4846",NA,"ABFT21_RS24455","ABCB family ABC transporter ATP-binding protein/permease","WP_054021034.1"
"lcl_NZ_CP166677.1_cds_WP_231638168.1_4847",NA,"ABFT21_RS24460","acyl-CoA thioesterase","WP_231638168.1"
"lcl_NZ_CP166677.1_cds_WP_054021032.1_4848",NA,"ABFT21_RS24465","zinc ribbon domain-containing protein","WP_054021032.1"
"lcl_NZ_CP166677.1_cds_WP_054021031.1_4849","aqpZ","ABFT21_RS24470","aquaporin Z","WP_054021031.1"
"lcl_NZ_CP166677.1_cds_WP_054021030.1_4850",NA,"ABFT21_RS24475","enoyl-CoA hydratase","WP_054021030.1"
"lcl_NZ_CP166677.1_cds_WP_054021029.1_4851",NA,"ABFT21_RS24480","acetyl-CoA C-acyltransferase","WP_054021029.1"
"lcl_NZ_CP166677.1_cds_WP_054021028.1_4852",NA,"ABFT21_RS24485","3-hydroxyacyl-CoA dehydrogenase NAD-binding domain-containing protein","WP_054021028.1"
"lcl_NZ_CP166677.1_cds_WP_054021027.1_4853",NA,"ABFT21_RS24490","DUF2147 domain-containing protein","WP_054021027.1"
"lcl_NZ_CP166677.1_cds_WP_054021026.1_4854",NA,"ABFT21_RS24495","acyl-CoA dehydrogenase C-terminal domain-containing protein","WP_054021026.1"
"lcl_NZ_CP166677.1_cds_WP_054021025.1_4855",NA,"ABFT21_RS24500","TetR/AcrR family transcriptional regulator","WP_054021025.1"
"lcl_NZ_CP166677.1_cds_WP_054021024.1_4856",NA,"ABFT21_RS24505","HNH endonuclease","WP_054021024.1"
"lcl_NZ_CP166677.1_cds_WP_157549037.1_4857",NA,"ABFT21_RS24510","glycine zipper domain-containing protein","WP_157549037.1"
"lcl_NZ_CP166677.1_cds_WP_054022534.1_4858",NA,"ABFT21_RS24515","glycosyltransferase","WP_054022534.1"
"lcl_NZ_CP166677.1_cds_WP_157549323.1_4859",NA,"ABFT21_RS24520","hypothetical protein","WP_157549323.1"
"lcl_NZ_CP166677.1_cds_WP_082368658.1_4860",NA,"ABFT21_RS24525","cytochrome P450","WP_082368658.1"
"lcl_NZ_CP166677.1_cds_WP_054022532.1_4861",NA,"ABFT21_RS24530","hypothetical protein","WP_054022532.1"
"lcl_NZ_CP166677.1_cds_WP_054022531.1_4862",NA,"ABFT21_RS24535","hypothetical protein","WP_054022531.1"
"lcl_NZ_CP166677.1_cds_WP_054022530.1_4863",NA,"ABFT21_RS24540","UDP-glucose dehydrogenase family protein","WP_054022530.1"
"lcl_NZ_CP166677.1_cds_WP_054022529.1_4864",NA,"ABFT21_RS24545","capsular polysaccharide export protein, LipB/KpsS family","WP_054022529.1"
"lcl_NZ_CP166677.1_cds_WP_054022528.1_4865",NA,"ABFT21_RS24550","glycosyltransferase family 4 protein","WP_054022528.1"
"lcl_NZ_CP166677.1_cds_WP_054022527.1_4866",NA,"ABFT21_RS24555","capsule biosynthesis protein","WP_054022527.1"
"lcl_NZ_CP166677.1_cds_WP_054022526.1_4867",NA,"ABFT21_RS24560","polysaccharide biosynthesis/export family protein","WP_054022526.1"
"lcl_NZ_CP166677.1_cds_WP_157549320.1_4868",NA,"ABFT21_RS24565","glycosyltransferase","WP_157549320.1"
"lcl_NZ_CP166677.1_cds_WP_054022524.1_4869",NA,"ABFT21_RS24570","glycosyltransferase","WP_054022524.1"
"lcl_NZ_CP166677.1_cds_WP_054022523.1_4870",NA,"ABFT21_RS24575","tetratricopeptide repeat protein","WP_054022523.1"
"lcl_NZ_CP166677.1_cds_WP_231638264.1_4871",NA,"ABFT21_RS24580","glycosyltransferase family 4 protein","WP_231638264.1"
"lcl_NZ_CP166677.1_cds_ABFT21_RS24585_4872",NA,"ABFT21_RS24585","helix-turn-helix domain-containing protein",NA
"lcl_NZ_CP166677.1_cds_WP_054022522.1_4873",NA,"ABFT21_RS24590","hypothetical protein","WP_054022522.1"
"lcl_NZ_CP166677.1_cds_WP_054022521.1_4874",NA,"ABFT21_RS24595","putative toxin-antitoxin system toxin component, PIN family","WP_054022521.1"
"lcl_NZ_CP166677.1_cds_WP_197284781.1_4875",NA,"ABFT21_RS24600","serine hydrolase domain-containing protein","WP_197284781.1"
"lcl_NZ_CP166677.1_cds_WP_054022520.1_4876",NA,"ABFT21_RS24605","MBL fold metallo-hydrolase RNA specificity domain-containing protein","WP_054022520.1"
"lcl_NZ_CP166677.1_cds_WP_054022519.1_4877",NA,"ABFT21_RS24610","hypothetical protein","WP_054022519.1"
"lcl_NZ_CP166677.1_cds_WP_054022518.1_4878",NA,"ABFT21_RS24615","hypothetical protein","WP_054022518.1"
"lcl_NZ_CP166677.1_cds_WP_054022517.1_4879",NA,"ABFT21_RS24620","cobalamin B12-binding domain-containing protein","WP_054022517.1"
"lcl_NZ_CP166677.1_cds_WP_197284780.1_4880",NA,"ABFT21_RS24625","hypothetical protein","WP_197284780.1"
"lcl_NZ_CP166677.1_cds_WP_231638263.1_4881",NA,"ABFT21_RS24630","rubrivinodin family lasso peptide","WP_231638263.1"
"lcl_NZ_CP166677.1_cds_WP_157549314.1_4882",NA,"ABFT21_RS24635","lasso peptide biosynthesis B2 protein","WP_157549314.1"
"lcl_NZ_CP166677.1_cds_WP_054022514.1_4883",NA,"ABFT21_RS24640","asparagine synthase-related protein","WP_054022514.1"
"lcl_NZ_CP166677.1_cds_WP_157549311.1_4884",NA,"ABFT21_RS24645","ABC transporter ATP-binding protein","WP_157549311.1"
"lcl_NZ_CP166677.1_cds_WP_197284779.1_4885",NA,"ABFT21_RS24650","hypothetical protein","WP_197284779.1"
"lcl_NZ_CP166677.1_cds_WP_231638262.1_4886",NA,"ABFT21_RS24655","TonB-dependent receptor","WP_231638262.1"
"lcl_NZ_CP166677.1_cds_WP_082368655.1_4887",NA,"ABFT21_RS24660","FecR family protein","WP_082368655.1"
"lcl_NZ_CP166677.1_cds_WP_197284778.1_4888",NA,"ABFT21_RS24665","RNA polymerase sigma factor","WP_197284778.1"
"lcl_NZ_CP166677.1_cds_WP_231638260.1_4889",NA,"ABFT21_RS24670","RNA polymerase sigma factor","WP_231638260.1"
"lcl_NZ_CP166677.1_cds_WP_259375186.1_4890",NA,"ABFT21_RS24675","helix-turn-helix domain-containing protein","WP_259375186.1"
"lcl_NZ_CP166677.1_cds_WP_054022510.1_4891",NA,"ABFT21_RS24680","hypothetical protein","WP_054022510.1"
"lcl_NZ_CP166677.1_cds_ABFT21_RS24685_4892",NA,"ABFT21_RS24685","helix-turn-helix transcriptional regulator",NA
"lcl_NZ_CP166677.1_cds_WP_054022509.1_4893",NA,"ABFT21_RS24690","hypothetical protein","WP_054022509.1"
"lcl_NZ_CP166677.1_cds_WP_054022508.1_4894",NA,"ABFT21_RS24695","hypothetical protein","WP_054022508.1"
"lcl_NZ_CP166677.1_cds_WP_054022507.1_4895",NA,"ABFT21_RS24700","GAF domain-containing protein","WP_054022507.1"
"lcl_NZ_CP166677.1_cds_WP_157549308.1_4896",NA,"ABFT21_RS24705","hypothetical protein","WP_157549308.1"
"lcl_NZ_CP166677.1_cds_WP_054022505.1_4897",NA,"ABFT21_RS24710","InlB B-repeat-containing protein","WP_054022505.1"
"lcl_NZ_CP166677.1_cds_WP_054022504.1_4898",NA,"ABFT21_RS24715","class I SAM-dependent methyltransferase","WP_054022504.1"
"lcl_NZ_CP166677.1_cds_WP_054022503.1_4899",NA,"ABFT21_RS24720","glycosyltransferase family 4 protein","WP_054022503.1"
"lcl_NZ_CP166677.1_cds_WP_054022502.1_4900",NA,"ABFT21_RS24725","glycosyltransferase","WP_054022502.1"
"lcl_NZ_CP166677.1_cds_WP_054022501.1_4901",NA,"ABFT21_RS24730","glycosyltransferase","WP_054022501.1"
"lcl_NZ_CP166677.1_cds_ABFT21_RS24735_4902",NA,"ABFT21_RS24735","IS110 family RNA-guided transposase",NA
"lcl_NZ_CP166677.1_cds_WP_082368727.1_4903",NA,"ABFT21_RS24740","class I SAM-dependent methyltransferase","WP_082368727.1"
"lcl_NZ_CP166677.1_cds_WP_054022782.1_4904",NA,"ABFT21_RS24745","class I SAM-dependent methyltransferase","WP_054022782.1"
"lcl_NZ_CP166677.1_cds_WP_197284804.1_4905",NA,"ABFT21_RS24750","exostosin domain-containing protein","WP_197284804.1"
"lcl_NZ_CP166677.1_cds_WP_054022784.1_4906","cysC","ABFT21_RS24755","adenylyl-sulfate kinase","WP_054022784.1"
"lcl_NZ_CP166677.1_cds_WP_054022785.1_4907","cysD","ABFT21_RS24760","sulfate adenylyltransferase subunit CysD","WP_054022785.1"
"lcl_NZ_CP166677.1_cds_WP_197284805.1_4908",NA,"ABFT21_RS24765","putative capsular polysaccharide synthesis family protein","WP_197284805.1"
"lcl_NZ_CP166677.1_cds_WP_463938176.1_4909",NA,"ABFT21_RS24770","IS256 family transposase","WP_463938176.1"
"lcl_NZ_CP166677.1_cds_ABFT21_RS24775_4910",NA,"ABFT21_RS24775","IS1634 family transposase",NA
"lcl_NZ_CP166677.1_cds_ABFT21_RS24780_4911",NA,"ABFT21_RS24780","ISL3 family transposase",NA
"lcl_NZ_CP166677.1_cds_WP_480338512.1_4912",NA,"ABFT21_RS24785","IS1634 family transposase","WP_480338512.1"
"lcl_NZ_CP166677.1_cds_ABFT21_RS24790_4913",NA,"ABFT21_RS24790","transposase family protein",NA
"lcl_NZ_CP166677.1_cds_ABFT21_RS24795_4914",NA,"ABFT21_RS24795","IS1634 family transposase",NA
"lcl_NZ_CP166677.1_cds_WP_082368064.1_4915",NA,"ABFT21_RS24800","FkbM family methyltransferase","WP_082368064.1"
"lcl_NZ_CP166677.1_cds_WP_197284588.1_4916",NA,"ABFT21_RS24805","hypothetical protein","WP_197284588.1"
"lcl_NZ_CP166677.1_cds_WP_369691129.1_4917",NA,"ABFT21_RS24810","class I SAM-dependent methyltransferase","WP_369691129.1"
"lcl_NZ_CP166677.1_cds_WP_197284587.1_4918",NA,"ABFT21_RS24815","glycosyltransferase","WP_197284587.1"
"lcl_NZ_CP166677.1_cds_WP_054019246.1_4919",NA,"ABFT21_RS24820","FkbM family methyltransferase","WP_054019246.1"
"lcl_NZ_CP166677.1_cds_WP_054019245.1_4920",NA,"ABFT21_RS24825","coiled-coil domain-containing protein","WP_054019245.1"
"lcl_NZ_CP166677.1_cds_WP_054019244.1_4921",NA,"ABFT21_RS24830","glycosyltransferase","WP_054019244.1"
"lcl_NZ_CP166677.1_cds_WP_054019243.1_4922",NA,"ABFT21_RS24835","methyltransferase domain-containing protein","WP_054019243.1"
"lcl_NZ_CP166677.1_cds_WP_197284586.1_4923",NA,"ABFT21_RS24840","GSCFA domain-containing protein","WP_197284586.1"
"lcl_NZ_CP166677.1_cds_WP_054019242.1_4924",NA,"ABFT21_RS24845","hypothetical protein","WP_054019242.1"
"lcl_NZ_CP166677.1_cds_WP_480338515.1_4925",NA,"ABFT21_RS24850","glycosyltransferase family 4 protein","WP_480338515.1"
"lcl_NZ_CP166677.1_cds_WP_054019240.1_4926",NA,"ABFT21_RS24855","ABC transporter ATP-binding protein","WP_054019240.1"
"lcl_NZ_CP166677.1_cds_WP_231638033.1_4927",NA,"ABFT21_RS24860","ABC transporter permease","WP_231638033.1"
"lcl_NZ_CP166677.1_cds_WP_231638032.1_4928",NA,"ABFT21_RS24865","KpsE/RkpR family capsule polysaccharide export protein","WP_231638032.1"
"lcl_NZ_CP166677.1_cds_WP_054019239.1_4929",NA,"ABFT21_RS24870","STELLO glycosyltransferase family protein","WP_054019239.1"
"lcl_NZ_CP166677.1_cds_WP_157548727.1_4930",NA,"ABFT21_RS24875","hypothetical protein","WP_157548727.1"
"lcl_NZ_CP166677.1_cds_WP_054019237.1_4931",NA,"ABFT21_RS24880","PKD domain-containing protein","WP_054019237.1"
"lcl_NZ_CP166677.1_cds_WP_054019236.1_4932",NA,"ABFT21_RS24885","hypothetical protein","WP_054019236.1"
"lcl_NZ_CP166677.1_cds_WP_054019235.1_4933",NA,"ABFT21_RS24890","TA system VapC family ribonuclease toxin","WP_054019235.1"
"lcl_NZ_CP166677.1_cds_WP_054019234.1_4934","uvrA","ABFT21_RS24895","excinuclease ABC subunit UvrA","WP_054019234.1"
"lcl_NZ_CP166677.1_cds_WP_054019233.1_4935",NA,"ABFT21_RS24900","PAS domain-containing hybrid sensor histidine kinase/response regulator","WP_054019233.1"
"lcl_NZ_CP166677.1_cds_WP_231638031.1_4936",NA,"ABFT21_RS24905","C40 family peptidase","WP_231638031.1"
"lcl_NZ_CP166677.1_cds_WP_393937700.1_4937",NA,"ABFT21_RS24910","cold-shock protein","WP_393937700.1"
"lcl_NZ_CP166677.1_cds_WP_157548722.1_4938",NA,"ABFT21_RS24915","GAF domain-containing protein","WP_157548722.1"
"lcl_NZ_CP166677.1_cds_WP_054019229.1_4939",NA,"ABFT21_RS24920","PAS domain-containing protein","WP_054019229.1"
"lcl_NZ_CP166677.1_cds_WP_054019228.1_4940",NA,"ABFT21_RS24925","response regulator transcription factor","WP_054019228.1"
"lcl_NZ_CP166677.1_cds_WP_054019227.1_4941",NA,"ABFT21_RS24930","hybrid sensor histidine kinase/response regulator","WP_054019227.1"
"lcl_NZ_CP166677.1_cds_WP_054019226.1_4942",NA,"ABFT21_RS24935","8-oxoguanine deaminase","WP_054019226.1"
"lcl_NZ_CP166677.1_cds_WP_157548719.1_4943",NA,"ABFT21_RS24940","hypothetical protein","WP_157548719.1"
"lcl_NZ_CP166677.1_cds_WP_054019224.1_4944",NA,"ABFT21_RS24945","type II toxin-antitoxin system ParD family antitoxin","WP_054019224.1"
"lcl_NZ_CP166677.1_cds_WP_054019223.1_4945",NA,"ABFT21_RS24950","glycine zipper 2TM domain-containing protein","WP_054019223.1"
"lcl_NZ_CP166677.1_cds_WP_480338521.1_4946",NA,"ABFT21_RS24955","MlaE family ABC transporter permease","WP_480338521.1"
"lcl_NZ_CP166677.1_cds_WP_157548716.1_4947",NA,"ABFT21_RS24960","MlaD family protein","WP_157548716.1"
"lcl_NZ_CP166677.1_cds_WP_231638030.1_4948",NA,"ABFT21_RS24965","hypothetical protein","WP_231638030.1"
"lcl_NZ_CP166677.1_cds_WP_054019221.1_4949",NA,"ABFT21_RS24970","cupin domain-containing protein","WP_054019221.1"
"lcl_NZ_CP166677.1_cds_WP_082368056.1_4950",NA,"ABFT21_RS24975","DUF72 domain-containing protein","WP_082368056.1"
"lcl_NZ_CP166677.1_cds_WP_054019219.1_4951",NA,"ABFT21_RS24980","DUF481 domain-containing protein","WP_054019219.1"
"lcl_NZ_CP166677.1_cds_WP_157548713.1_4952",NA,"ABFT21_RS24985","hypothetical protein","WP_157548713.1"
"lcl_NZ_CP166677.1_cds_WP_054019217.1_4953",NA,"ABFT21_RS24990","VOC family protein","WP_054019217.1"
"lcl_NZ_CP166677.1_cds_WP_054019216.1_4954",NA,"ABFT21_RS24995","MFS transporter","WP_054019216.1"
"lcl_NZ_CP166677.1_cds_WP_054019215.1_4955","icmF","ABFT21_RS25000","fused isobutyryl-CoA mutase/GTPase IcmF","WP_054019215.1"
"lcl_NZ_CP166677.1_cds_WP_439951432.1_4956",NA,"ABFT21_RS25005","PPK2 family polyphosphate kinase","WP_439951432.1"
"lcl_NZ_CP166677.1_cds_WP_054019214.1_4957",NA,"ABFT21_RS25010","type III pantothenate kinase","WP_054019214.1"
"lcl_NZ_CP166677.1_cds_WP_082368054.1_4958",NA,"ABFT21_RS25015","VWA domain-containing protein","WP_082368054.1"
"lcl_NZ_CP166677.1_cds_WP_197284584.1_4959","hslU","ABFT21_RS25020","ATP-dependent protease ATPase subunit HslU","WP_197284584.1"
"lcl_NZ_CP166677.1_cds_WP_054019212.1_4960","hslV","ABFT21_RS25025","ATP-dependent protease subunit HslV","WP_054019212.1"
"lcl_NZ_CP166677.1_cds_WP_054019211.1_4961",NA,"ABFT21_RS25030","STAS domain-containing protein","WP_054019211.1"
"lcl_NZ_CP166677.1_cds_WP_231638029.1_4962","dksA","ABFT21_RS25035","RNA polymerase-binding protein DksA","WP_231638029.1"
"lcl_NZ_CP166677.1_cds_WP_054019210.1_4963",NA,"ABFT21_RS25040","CobW family GTP-binding protein","WP_054019210.1"
"lcl_NZ_CP166677.1_cds_WP_054019209.1_4964",NA,"ABFT21_RS25045","HlyC/CorC family transporter","WP_054019209.1"
"lcl_NZ_CP166677.1_cds_WP_054019208.1_4965","lnt","ABFT21_RS25050","apolipoprotein N-acyltransferase","WP_054019208.1"
"lcl_NZ_CP166677.1_cds_WP_054019207.1_4966",NA,"ABFT21_RS25055","N-acyl-D-amino-acid deacylase family protein","WP_054019207.1"
"lcl_NZ_CP166677.1_cds_WP_054019206.1_4967",NA,"ABFT21_RS25060","bile acid:sodium symporter family protein","WP_054019206.1"
"lcl_NZ_CP166677.1_cds_WP_054019205.1_4968","glyQ","ABFT21_RS25065","glycine--tRNA ligase subunit alpha","WP_054019205.1"
"lcl_NZ_CP166677.1_cds_WP_054019204.1_4969","glyS","ABFT21_RS25070","glycine--tRNA ligase subunit beta","WP_054019204.1"
"lcl_NZ_CP166677.1_cds_WP_054019203.1_4970","gmhB","ABFT21_RS25075","D-glycero-beta-D-manno-heptose 1,7-bisphosphate 7-phosphatase","WP_054019203.1"
"lcl_NZ_CP166677.1_cds_WP_054019202.1_4971",NA,"ABFT21_RS25080","lysophospholipid acyltransferase family protein","WP_054019202.1"
"lcl_NZ_CP166677.1_cds_WP_054019201.1_4972",NA,"ABFT21_RS25085","M48 family metallopeptidase","WP_054019201.1"
"lcl_NZ_CP166677.1_cds_WP_054019200.1_4973",NA,"ABFT21_RS25090","ABC transporter ATP-binding protein","WP_054019200.1"
"lcl_NZ_CP166677.1_cds_WP_054019199.1_4974",NA,"ABFT21_RS25095","ABC transporter substrate-binding protein","WP_054019199.1"
"lcl_NZ_CP166677.1_cds_WP_054019198.1_4975",NA,"ABFT21_RS25100","ABC transporter permease","WP_054019198.1"
"lcl_NZ_CP166677.1_cds_WP_054019197.1_4976",NA,"ABFT21_RS25105","ABC transporter permease","WP_054019197.1"
"lcl_NZ_CP166677.1_cds_WP_054019196.1_4977",NA,"ABFT21_RS25110","radical SAM protein","WP_054019196.1"
"lcl_NZ_CP166677.1_cds_WP_054019252.1_4978",NA,"ABFT21_RS25115","MBL fold metallo-hydrolase","WP_054019252.1"
"lcl_NZ_CP166677.1_cds_WP_054019195.1_4979",NA,"ABFT21_RS25120","MerR family transcriptional regulator","WP_054019195.1"
"lcl_NZ_CP166677.1_cds_WP_054019194.1_4980",NA,"ABFT21_RS25125","Fe2+-dependent dioxygenase","WP_054019194.1"
"lcl_NZ_CP166677.1_cds_WP_054019193.1_4981",NA,"ABFT21_RS25130","TonB-dependent receptor","WP_054019193.1"
"lcl_NZ_CP166677.1_cds_WP_054019192.1_4982",NA,"ABFT21_RS25135","alpha/beta fold hydrolase","WP_054019192.1"
"lcl_NZ_CP166677.1_cds_WP_054019251.1_4983",NA,"ABFT21_RS25140","3-hydroxybutyrate oligomer hydrolase family protein","WP_054019251.1"
"lcl_NZ_CP166677.1_cds_WP_082368051.1_4984",NA,"ABFT21_RS25145","branched-chain amino acid ABC transporter permease","WP_082368051.1"
"lcl_NZ_CP166677.1_cds_WP_082368050.1_4985",NA,"ABFT21_RS25150","branched-chain amino acid ABC transporter permease","WP_082368050.1"
"lcl_NZ_CP166677.1_cds_WP_054019191.1_4986",NA,"ABFT21_RS25155","ABC transporter ATP-binding protein","WP_054019191.1"
"lcl_NZ_CP166677.1_cds_WP_082368049.1_4987",NA,"ABFT21_RS25160","ABC transporter ATP-binding protein","WP_082368049.1"
"lcl_NZ_CP166677.1_cds_WP_054019190.1_4988",NA,"ABFT21_RS25165","substrate-binding domain-containing protein","WP_054019190.1"
"lcl_NZ_CP166677.1_cds_WP_054019189.1_4989",NA,"ABFT21_RS25170","diguanylate cyclase domain-containing protein","WP_054019189.1"
"lcl_NZ_CP166677.1_cds_WP_231638035.1_4990",NA,"ABFT21_RS25175","sigma-54 interaction domain-containing protein","WP_231638035.1"
"lcl_NZ_CP166677.1_cds_WP_054019188.1_4991",NA,"ABFT21_RS25180","nitroreductase family protein","WP_054019188.1"
"lcl_NZ_CP166677.1_cds_WP_197284583.1_4992",NA,"ABFT21_RS25185","hypothetical protein","WP_197284583.1"
"lcl_NZ_CP166677.1_cds_WP_054019187.1_4993",NA,"ABFT21_RS25190","antitoxin","WP_054019187.1"
"lcl_NZ_CP166677.1_cds_WP_054019186.1_4994",NA,"ABFT21_RS25195","type II toxin-antitoxin system RelE/ParE family toxin","WP_054019186.1"
"lcl_NZ_CP166677.1_cds_WP_231638027.1_4995",NA,"ABFT21_RS25200","GNAT family N-acetyltransferase","WP_231638027.1"
"lcl_NZ_CP166677.1_cds_WP_463938172.1_4996",NA,"ABFT21_RS25205","Mor transcription activator family protein","WP_463938172.1"
"lcl_NZ_CP166677.1_cds_WP_393940558.1_4997",NA,"ABFT21_RS25210","hypothetical protein","WP_393940558.1"
"lcl_NZ_CP166677.1_cds_WP_157549504.1_4998",NA,"ABFT21_RS25215","hypothetical protein","WP_157549504.1"
"lcl_NZ_CP166677.1_cds_WP_463938171.1_4999",NA,"ABFT21_RS25220","DUF1643 domain-containing protein","WP_463938171.1"
"lcl_NZ_CP166677.1_cds_WP_231638301.1_5000",NA,"ABFT21_RS25225","hypothetical protein","WP_231638301.1"
"lcl_NZ_CP166677.1_cds_WP_463938170.1_5001",NA,"ABFT21_RS25230","hypothetical protein","WP_463938170.1"
"lcl_NZ_CP166677.1_cds_WP_463938169.1_5002",NA,"ABFT21_RS25235","hypothetical protein","WP_463938169.1"
"lcl_NZ_CP166677.1_cds_WP_054022869.1_5003",NA,"ABFT21_RS25240","HNH endonuclease family protein","WP_054022869.1"
"lcl_NZ_CP166677.1_cds_WP_393940431.1_5004",NA,"ABFT21_RS25245","hypothetical protein","WP_393940431.1"
"lcl_NZ_CP166677.1_cds_WP_393940607.1_5005",NA,"ABFT21_RS25250","phage protein GemA/Gp16 family protein","WP_393940607.1"
"lcl_NZ_CP166677.1_cds_WP_393940605.1_5006",NA,"ABFT21_RS25255","hypothetical protein","WP_393940605.1"
"lcl_NZ_CP166677.1_cds_WP_393940619.1_5007",NA,"ABFT21_RS25260","hypothetical protein","WP_393940619.1"
"lcl_NZ_CP166677.1_cds_WP_393940523.1_5008",NA,"ABFT21_RS25265","DUF3164 family protein","WP_393940523.1"
"lcl_NZ_CP166677.1_cds_WP_054022889.1_5009",NA,"ABFT21_RS25270","hypothetical protein","WP_054022889.1"
"lcl_NZ_CP166677.1_cds_WP_463938149.1_5010",NA,"ABFT21_RS25275","hypothetical protein","WP_463938149.1"
"lcl_NZ_CP166677.1_cds_WP_393940546.1_5011",NA,"ABFT21_RS25280","hypothetical protein","WP_393940546.1"
"lcl_NZ_CP166677.1_cds_WP_463938150.1_5012",NA,"ABFT21_RS25285","hypothetical protein","WP_463938150.1"
"lcl_NZ_CP166677.1_cds_WP_463938168.1_5013",NA,"ABFT21_RS25290","hypothetical protein","WP_463938168.1"
"lcl_NZ_CP166677.1_cds_WP_480338530.1_5014",NA,"ABFT21_RS25295","hypothetical protein","WP_480338530.1"
"lcl_NZ_CP166677.1_cds_WP_054022814.1_5015",NA,"ABFT21_RS25300","AAA family ATPase","WP_054022814.1"
"lcl_NZ_CP166677.1_cds_WP_480338531.1_5016",NA,"ABFT21_RS25305","transposase","WP_480338531.1"
"lcl_NZ_CP166677.1_cds_WP_082368748.1_5017",NA,"ABFT21_RS25310","helix-turn-helix domain-containing protein","WP_082368748.1"
"lcl_NZ_CP166677.1_cds_WP_054022870.1_5018",NA,"ABFT21_RS25315","helix-turn-helix domain-containing protein","WP_054022870.1"
"lcl_NZ_CP166677.1_cds_WP_393940544.1_5019",NA,"ABFT21_RS25320","helix-turn-helix domain-containing protein","WP_393940544.1"
"lcl_NZ_CP166677.1_cds_WP_054022892.1_5020",NA,"ABFT21_RS25325","helix-turn-helix domain-containing protein","WP_054022892.1"
"lcl_NZ_CP166677.1_cds_WP_463938156.1_5021",NA,"ABFT21_RS25330","AcrVA2 family anti-CRISPR protein","WP_463938156.1"
"lcl_NZ_CP166677.1_cds_WP_054021790.1_5022",NA,"ABFT21_RS25335","hypothetical protein","WP_054021790.1"
"lcl_NZ_CP166677.1_cds_WP_054021791.1_5023",NA,"ABFT21_RS25340","hypothetical protein","WP_054021791.1"
"lcl_NZ_CP166677.1_cds_WP_054021792.1_5024",NA,"ABFT21_RS25345","hypothetical protein","WP_054021792.1"
"lcl_NZ_CP166677.1_cds_WP_157549169.1_5025",NA,"ABFT21_RS25350","hypothetical protein","WP_157549169.1"
"lcl_NZ_CP166677.1_cds_WP_054021794.1_5026",NA,"ABFT21_RS25355","lysozyme","WP_054021794.1"
"lcl_NZ_CP166677.1_cds_WP_054021795.1_5027",NA,"ABFT21_RS25360","hypothetical protein","WP_054021795.1"
"lcl_NZ_CP166677.1_cds_WP_054021796.1_5028",NA,"ABFT21_RS25365","hypothetical protein","WP_054021796.1"
"lcl_NZ_CP166677.1_cds_WP_054021797.1_5029",NA,"ABFT21_RS25370","DUF1804 family protein","WP_054021797.1"
"lcl_NZ_CP166677.1_cds_WP_157549171.1_5030",NA,"ABFT21_RS25375","hypothetical protein","WP_157549171.1"
"lcl_NZ_CP166677.1_cds_WP_197284732.1_5031",NA,"ABFT21_RS25380","hypothetical protein","WP_197284732.1"
"lcl_NZ_CP166677.1_cds_WP_054021800.1_5032","terL","ABFT21_RS25385","phage terminase large subunit","WP_054021800.1"
"lcl_NZ_CP166677.1_cds_WP_480338532.1_5033",NA,"ABFT21_RS25390","hypothetical protein","WP_480338532.1"
"lcl_NZ_CP166677.1_cds_WP_463938272.1_5034",NA,"ABFT21_RS25395","hypothetical protein","WP_463938272.1"
"lcl_NZ_CP166677.1_cds_WP_393940083.1_5035",NA,"ABFT21_RS25400","hypothetical protein","WP_393940083.1"
"lcl_NZ_CP166677.1_cds_WP_054022631.1_5036",NA,"ABFT21_RS25405","phage major capsid protein","WP_054022631.1"
"lcl_NZ_CP166677.1_cds_WP_054022632.1_5037",NA,"ABFT21_RS25410","hypothetical protein","WP_054022632.1"
"lcl_NZ_CP166677.1_cds_WP_054022633.1_5038",NA,"ABFT21_RS25415","hypothetical protein","WP_054022633.1"
"lcl_NZ_CP166677.1_cds_WP_054022634.1_5039",NA,"ABFT21_RS25420","hypothetical protein","WP_054022634.1"
"lcl_NZ_CP166677.1_cds_WP_054022635.1_5040",NA,"ABFT21_RS25425","hypothetical protein","WP_054022635.1"
"lcl_NZ_CP166677.1_cds_WP_054022636.1_5041",NA,"ABFT21_RS25430","phage tail tube protein","WP_054022636.1"
"lcl_NZ_CP166677.1_cds_WP_054022637.1_5042",NA,"ABFT21_RS25435","Acb2/Tad1 domain-containing protein","WP_054022637.1"
"lcl_NZ_CP166677.1_cds_WP_054022638.1_5043",NA,"ABFT21_RS25440","phage tail assembly chaperone","WP_054022638.1"
"lcl_NZ_CP166677.1_cds_WP_054022639.1_5044",NA,"ABFT21_RS25445","DUF1799 domain-containing protein","WP_054022639.1"
"lcl_NZ_CP166677.1_cds_WP_054022640.1_5045",NA,"ABFT21_RS25450","phage tail length tape measure family protein","WP_054022640.1"
"lcl_NZ_CP166677.1_cds_WP_054022641.1_5046",NA,"ABFT21_RS25455","hypothetical protein","WP_054022641.1"
"lcl_NZ_CP166677.1_cds_WP_054022642.1_5047",NA,"ABFT21_RS25460","hypothetical protein","WP_054022642.1"
"lcl_NZ_CP166677.1_cds_WP_463938028.1_5048",NA,"ABFT21_RS25465","phage head spike fiber domain-containing protein","WP_463938028.1"
"lcl_NZ_CP166677.1_cds_WP_157549474.1_5049",NA,"ABFT21_RS25470","hypothetical protein","WP_157549474.1"
"lcl_NZ_CP166677.1_cds_WP_480338502.1_5050",NA,"ABFT21_RS25475","hypothetical protein","WP_480338502.1"
"lcl_NZ_CP166677.1_cds_WP_054022887.1_5051",NA,"ABFT21_RS25480","hypothetical protein","WP_054022887.1"
"lcl_NZ_CP166677.1_cds_WP_054022888.1_5052",NA,"ABFT21_RS25485","DNA adenine methylase","WP_054022888.1"
"lcl_NZ_CP166677.1_cds_WP_082368200.1_5053",NA,"ABFT21_RS25490","GntR family transcriptional regulator","WP_082368200.1"
"lcl_NZ_CP166677.1_cds_WP_054019906.1_5054",NA,"ABFT21_RS25495","DUF3597 domain-containing protein","WP_054019906.1"
"lcl_NZ_CP166677.1_cds_WP_231638088.1_5055",NA,"ABFT21_RS25500","malonyl-CoA decarboxylase domain-containing protein","WP_231638088.1"
"lcl_NZ_CP166677.1_cds_WP_054019905.1_5056",NA,"ABFT21_RS25505","Bug family tripartite tricarboxylate transporter substrate binding protein","WP_054019905.1"
"lcl_NZ_CP166677.1_cds_WP_054019904.1_5057",NA,"ABFT21_RS25510","enoyl-CoA hydratase/isomerase family protein","WP_054019904.1"
"lcl_NZ_CP166677.1_cds_WP_082368199.1_5058",NA,"ABFT21_RS25515","malonate--CoA ligase","WP_082368199.1"
"lcl_NZ_CP166677.1_cds_WP_157548827.1_5059",NA,"ABFT21_RS25520","ImmA/IrrE family metallo-endopeptidase","WP_157548827.1"
"lcl_NZ_CP166677.1_cds_WP_054019902.1_5060",NA,"ABFT21_RS25525","DUF4411 family protein","WP_054019902.1"
"lcl_NZ_CP166677.1_cds_WP_054019901.1_5061",NA,"ABFT21_RS25530","serine O-acetyltransferase","WP_054019901.1"
"lcl_NZ_CP166677.1_cds_WP_054019900.1_5062",NA,"ABFT21_RS25535","phosphopantetheine-binding protein","WP_054019900.1"
"lcl_NZ_CP166677.1_cds_WP_082368198.1_5063",NA,"ABFT21_RS25540","AMP-binding protein","WP_082368198.1"
"lcl_NZ_CP166677.1_cds_WP_054019899.1_5064",NA,"ABFT21_RS25545","pyridoxal-dependent decarboxylase, exosortase A system-associated","WP_054019899.1"
"lcl_NZ_CP166677.1_cds_WP_054019898.1_5065",NA,"ABFT21_RS25550","lipopolysaccharide biosynthesis protein","WP_054019898.1"
"lcl_NZ_CP166677.1_cds_WP_054019897.1_5066",NA,"ABFT21_RS25555","DUF418 domain-containing protein","WP_054019897.1"
"lcl_NZ_CP166677.1_cds_WP_054019896.1_5067",NA,"ABFT21_RS25560","glycosyltransferase family 4 protein","WP_054019896.1"
"lcl_NZ_CP166677.1_cds_WP_054019895.1_5068",NA,"ABFT21_RS25565","alpha/beta hydrolase family protein","WP_054019895.1"
"lcl_NZ_CP166677.1_cds_WP_157548825.1_5069",NA,"ABFT21_RS25570","hypothetical protein","WP_157548825.1"
"lcl_NZ_CP166677.1_cds_WP_054019893.1_5070",NA,"ABFT21_RS25575","hypothetical protein","WP_054019893.1"
"lcl_NZ_CP166677.1_cds_WP_054019892.1_5071",NA,"ABFT21_RS25580","glycosyltransferase family 2 protein","WP_054019892.1"
"lcl_NZ_CP166677.1_cds_WP_054019891.1_5072",NA,"ABFT21_RS25585","serine O-acetyltransferase","WP_054019891.1"
"lcl_NZ_CP166677.1_cds_WP_054019890.1_5073",NA,"ABFT21_RS25590","serine O-acetyltransferase","WP_054019890.1"
"lcl_NZ_CP166677.1_cds_WP_054019889.1_5074",NA,"ABFT21_RS25595","glycosyltransferase family 4 protein","WP_054019889.1"
"lcl_NZ_CP166677.1_cds_WP_054019888.1_5075",NA,"ABFT21_RS25600","lipopolysaccharide biosynthesis protein","WP_054019888.1"
"lcl_NZ_CP166677.1_cds_WP_054019887.1_5076",NA,"ABFT21_RS25605","O-antigen ligase family protein","WP_054019887.1"
"lcl_NZ_CP166677.1_cds_WP_157548823.1_5077",NA,"ABFT21_RS25610","P-loop NTPase family protein","WP_157548823.1"
"lcl_NZ_CP166677.1_cds_WP_054019885.1_5078",NA,"ABFT21_RS25615","Wzz/FepE/Etk N-terminal domain-containing protein","WP_054019885.1"
"lcl_NZ_CP166677.1_cds_WP_054019884.1_5079",NA,"ABFT21_RS25620","polysaccharide biosynthesis/export family protein","WP_054019884.1"
"lcl_NZ_CP166677.1_cds_WP_231638087.1_5080",NA,"ABFT21_RS25625","DUF1972 domain-containing protein","WP_231638087.1"
"lcl_NZ_CP166677.1_cds_WP_054019883.1_5081",NA,"ABFT21_RS25630","glycosyl hydrolase 2 galactose-binding domain-containing protein","WP_054019883.1"
"lcl_NZ_CP166677.1_cds_WP_054019882.1_5082",NA,"ABFT21_RS25635","acyl carrier protein","WP_054019882.1"
"lcl_NZ_CP166677.1_cds_WP_054019881.1_5083",NA,"ABFT21_RS25640","holo-ACP synthase","WP_054019881.1"
"lcl_NZ_CP166677.1_cds_WP_197284620.1_5084",NA,"ABFT21_RS25645","alpha/beta hydrolase","WP_197284620.1"
"lcl_NZ_CP166677.1_cds_WP_054019879.1_5085",NA,"ABFT21_RS25650","acyl-CoA dehydrogenase family protein","WP_054019879.1"
"lcl_NZ_CP166677.1_cds_WP_054019878.1_5086",NA,"ABFT21_RS25655","amino acid--[acyl-carrier-protein","WP_054019878.1"
"lcl_NZ_CP166677.1_cds_WP_054019877.1_5087",NA,"ABFT21_RS25660","DUF1839 family protein","WP_054019877.1"
"lcl_NZ_CP166677.1_cds_WP_054019876.1_5088","cphA","ABFT21_RS25665","cyanophycin synthetase","WP_054019876.1"
"lcl_NZ_CP166677.1_cds_WP_054019911.1_5089",NA,"ABFT21_RS25670","cyanophycin synthetase","WP_054019911.1"
"lcl_NZ_CP166677.1_cds_WP_054019875.1_5090",NA,"ABFT21_RS25675","cyanophycin metabolism-associated ABC transporter","WP_054019875.1"
"lcl_NZ_CP166677.1_cds_WP_054019874.1_5091",NA,"ABFT21_RS25680","cyanophycin metabolism-associated DUF1854 family protein","WP_054019874.1"
"lcl_NZ_CP166677.1_cds_WP_197284619.1_5092",NA,"ABFT21_RS25685","hypothetical protein","WP_197284619.1"
"lcl_NZ_CP166677.1_cds_WP_054019873.1_5093",NA,"ABFT21_RS25690","MFS transporter","WP_054019873.1"
"lcl_NZ_CP166677.1_cds_WP_054019872.1_5094",NA,"ABFT21_RS25695","2-hydroxychromene-2-carboxylate isomerase","WP_054019872.1"
"lcl_NZ_CP166677.1_cds_WP_054019871.1_5095",NA,"ABFT21_RS25700","DUF1289 domain-containing protein","WP_054019871.1"
"lcl_NZ_CP166677.1_cds_WP_054019870.1_5096",NA,"ABFT21_RS25705","YbaK/EbsC family protein","WP_054019870.1"
"lcl_NZ_CP166677.1_cds_WP_054019869.1_5097",NA,"ABFT21_RS25710","hydroxymethylglutaryl-CoA lyase","WP_054019869.1"
"lcl_NZ_CP166677.1_cds_WP_054019868.1_5098",NA,"ABFT21_RS25715","acetyl/propionyl/methylcrotonyl-CoA carboxylase subunit alpha","WP_054019868.1"
"lcl_NZ_CP166677.1_cds_WP_054019867.1_5099",NA,"ABFT21_RS25720","DUF4126 domain-containing protein","WP_054019867.1"
"lcl_NZ_CP166677.1_cds_WP_054019866.1_5100",NA,"ABFT21_RS25725","enoyl-CoA hydratase/isomerase family protein","WP_054019866.1"
"lcl_NZ_CP166677.1_cds_WP_054019865.1_5101",NA,"ABFT21_RS25730","acyl-CoA dehydrogenase family protein","WP_054019865.1"
"lcl_NZ_CP166677.1_cds_WP_054019864.1_5102",NA,"ABFT21_RS25735","carboxyl transferase domain-containing protein","WP_054019864.1"
"lcl_NZ_CP166677.1_cds_WP_054019863.1_5103",NA,"ABFT21_RS25740","TrkH family potassium uptake protein","WP_054019863.1"
"lcl_NZ_CP166677.1_cds_WP_054019862.1_5104","trkA","ABFT21_RS25745","Trk system potassium transporter TrkA","WP_054019862.1"
"lcl_NZ_CP166677.1_cds_WP_054019861.1_5105",NA,"ABFT21_RS25750","acyl-CoA dehydrogenase family protein","WP_054019861.1"
"lcl_NZ_CP166677.1_cds_WP_054019860.1_5106",NA,"ABFT21_RS25755","SDR family oxidoreductase","WP_054019860.1"
"lcl_NZ_CP166677.1_cds_WP_231638085.1_5107",NA,"ABFT21_RS25760","LysE family translocator","WP_231638085.1"
"lcl_NZ_CP166677.1_cds_WP_054019859.1_5108",NA,"ABFT21_RS25765","acetyl-CoA C-acyltransferase","WP_054019859.1"
"lcl_NZ_CP166677.1_cds_WP_054019858.1_5109","aceK","ABFT21_RS25770","bifunctional isocitrate dehydrogenase kinase/phosphatase","WP_054019858.1"
"lcl_NZ_CP166677.1_cds_WP_082368195.1_5110","can","ABFT21_RS25775","carbonate dehydratase","WP_082368195.1"
"lcl_NZ_CP166677.1_cds_WP_054019857.1_5111",NA,"ABFT21_RS25780","isovaleryl-CoA dehydrogenase","WP_054019857.1"
"lcl_NZ_CP166677.1_cds_WP_369691137.1_5112",NA,"ABFT21_RS25785","MBL fold metallo-hydrolase","WP_369691137.1"
"lcl_NZ_CP166677.1_cds_WP_259375152.1_5113",NA,"ABFT21_RS25790","hypothetical protein","WP_259375152.1"
"lcl_NZ_CP166677.1_cds_WP_054019856.1_5114",NA,"ABFT21_RS25795","AMP nucleosidase","WP_054019856.1"
"lcl_NZ_CP166677.1_cds_WP_054019855.1_5115",NA,"ABFT21_RS25800","PAS domain-containing hybrid sensor histidine kinase/response regulator","WP_054019855.1"
"lcl_NZ_CP166677.1_cds_WP_054019854.1_5116","purT","ABFT21_RS25805","formate-dependent phosphoribosylglycinamide formyltransferase","WP_054019854.1"
"lcl_NZ_CP166677.1_cds_WP_054019853.1_5117",NA,"ABFT21_RS25810","hypothetical protein","WP_054019853.1"
"lcl_NZ_CP166677.1_cds_WP_054019852.1_5118",NA,"ABFT21_RS25815","hypothetical protein","WP_054019852.1"
"lcl_NZ_CP166677.1_cds_WP_054019851.1_5119",NA,"ABFT21_RS25820","hypothetical protein","WP_054019851.1"
"lcl_NZ_CP166677.1_cds_WP_054019850.1_5120",NA,"ABFT21_RS25825","ABC transporter ATP-binding protein","WP_054019850.1"
"lcl_NZ_CP166677.1_cds_WP_054019849.1_5121",NA,"ABFT21_RS25830","ABC transporter permease","WP_054019849.1"
"lcl_NZ_CP166677.1_cds_WP_082368194.1_5122",NA,"ABFT21_RS25835","ABC transporter substrate-binding protein","WP_082368194.1"
"lcl_NZ_CP166677.1_cds_WP_054019848.1_5123",NA,"ABFT21_RS25840","HDOD domain-containing protein","WP_054019848.1"
"lcl_NZ_CP166677.1_cds_WP_231638084.1_5124",NA,"ABFT21_RS25845","esterase/lipase family protein","WP_231638084.1"
"lcl_NZ_CP166677.1_cds_WP_054019847.1_5125",NA,"ABFT21_RS25850","DUF8198 family protein","WP_054019847.1"
"lcl_NZ_CP166677.1_cds_WP_082368193.1_5126",NA,"ABFT21_RS25855","long-chain-fatty-acid--CoA ligase","WP_082368193.1"
"lcl_NZ_CP166677.1_cds_WP_054021485.1_5127","ptsP","ABFT21_RS25910","phosphoenolpyruvate--protein phosphotransferase","WP_054021485.1"
"lcl_NZ_CP166677.1_cds_WP_082368476.1_5128",NA,"ABFT21_RS25915","GNAT family N-acetyltransferase","WP_082368476.1"
"lcl_NZ_CP166677.1_cds_WP_054021486.1_5129",NA,"ABFT21_RS25920","HPr family phosphocarrier protein","WP_054021486.1"
"lcl_NZ_CP166677.1_cds_WP_054021487.1_5130",NA,"ABFT21_RS25925","PTS sugar transporter subunit IIA","WP_054021487.1"
"lcl_NZ_CP166677.1_cds_WP_157549120.1_5131",NA,"ABFT21_RS25930","hypothetical protein","WP_157549120.1"
"lcl_NZ_CP166677.1_cds_WP_480338549.1_5132",NA,"ABFT21_RS25935","CaiB/BaiF CoA transferase family protein","WP_480338549.1"
"lcl_NZ_CP166677.1_cds_WP_054021489.1_5133",NA,"ABFT21_RS25940","histidine kinase","WP_054021489.1"
"lcl_NZ_CP166677.1_cds_WP_231638197.1_5134",NA,"ABFT21_RS25945","DUF4197 domain-containing protein","WP_231638197.1"
"lcl_NZ_CP166677.1_cds_WP_054021490.1_5135","lipA","ABFT21_RS25950","lipoyl synthase","WP_054021490.1"
"lcl_NZ_CP166677.1_cds_WP_054021491.1_5136","lipB","ABFT21_RS25955","lipoyl(octanoyl) transferase LipB","WP_054021491.1"
"lcl_NZ_CP166677.1_cds_WP_054021492.1_5137",NA,"ABFT21_RS25960","YbeD family protein","WP_054021492.1"
"lcl_NZ_CP166677.1_cds_WP_054021493.1_5138",NA,"ABFT21_RS25965","D-amino acid aminotransferase","WP_054021493.1"
"lcl_NZ_CP166677.1_cds_WP_054021494.1_5139",NA,"ABFT21_RS25970","D-alanyl-D-alanine carboxypeptidase family protein","WP_054021494.1"
"lcl_NZ_CP166677.1_cds_WP_054021495.1_5140",NA,"ABFT21_RS25975","alpha/beta hydrolase","WP_054021495.1"
"lcl_NZ_CP166677.1_cds_WP_054021496.1_5141",NA,"ABFT21_RS25980","(2Fe-2S) ferredoxin domain-containing protein","WP_054021496.1"
"lcl_NZ_CP166677.1_cds_WP_054021497.1_5142",NA,"ABFT21_RS25985","VanZ family protein","WP_054021497.1"
"lcl_NZ_CP166677.1_cds_WP_054021523.1_5143",NA,"ABFT21_RS25990","CopD family protein","WP_054021523.1"
"lcl_NZ_CP166677.1_cds_WP_054021524.1_5144","hemB","ABFT21_RS25995","porphobilinogen synthase","WP_054021524.1"
"lcl_NZ_CP166677.1_cds_WP_054021498.1_5145",NA,"ABFT21_RS26000","magnesium transporter CorA family protein","WP_054021498.1"
"lcl_NZ_CP166677.1_cds_WP_054021499.1_5146",NA,"ABFT21_RS26005","DMT family transporter","WP_054021499.1"
"lcl_NZ_CP166677.1_cds_WP_054021500.1_5147","ybeY","ABFT21_RS26010","rRNA maturation RNase YbeY","WP_054021500.1"
"lcl_NZ_CP166677.1_cds_WP_054021501.1_5148",NA,"ABFT21_RS26015","PhoH family protein","WP_054021501.1"
"lcl_NZ_CP166677.1_cds_WP_054021502.1_5149",NA,"ABFT21_RS26020","sensor histidine kinase","WP_054021502.1"
"lcl_NZ_CP166677.1_cds_WP_054021525.1_5150",NA,"ABFT21_RS26025","response regulator","WP_054021525.1"
"lcl_NZ_CP166677.1_cds_WP_054021503.1_5151","ruvA","ABFT21_RS26030","Holliday junction branch migration protein RuvA","WP_054021503.1"
"lcl_NZ_CP166677.1_cds_WP_054021504.1_5152","ruvB","ABFT21_RS26035","Holliday junction branch migration DNA helicase RuvB","WP_054021504.1"
"lcl_NZ_CP166677.1_cds_WP_082368478.1_5153",NA,"ABFT21_RS26040","putative bifunctional diguanylate cyclase/phosphodiesterase","WP_082368478.1"
"lcl_NZ_CP166677.1_cds_WP_054021505.1_5154",NA,"ABFT21_RS26045","HDOD domain-containing protein","WP_054021505.1"
"lcl_NZ_CP166677.1_cds_WP_054021506.1_5155",NA,"ABFT21_RS26050","DSD1 family PLP-dependent enzyme","WP_054021506.1"
"lcl_NZ_CP166677.1_cds_WP_054021507.1_5156",NA,"ABFT21_RS26055","histidine phosphatase family protein","WP_054021507.1"
"lcl_NZ_CP166677.1_cds_WP_054021508.1_5157",NA,"ABFT21_RS26060","DUF1840 domain-containing protein","WP_054021508.1"
"lcl_NZ_CP166677.1_cds_WP_054021509.1_5158",NA,"ABFT21_RS26065","fumarylacetoacetate hydrolase family protein","WP_054021509.1"
"lcl_NZ_CP166677.1_cds_WP_231638194.1_5159",NA,"ABFT21_RS26070","putative bifunctional diguanylate cyclase/phosphodiesterase","WP_231638194.1"
"lcl_NZ_CP166677.1_cds_WP_054021510.1_5160",NA,"ABFT21_RS26075","cyclic di-GMP phosphodiesterase","WP_054021510.1"
"lcl_NZ_CP166677.1_cds_WP_054021511.1_5161","ahcY","ABFT21_RS26080","adenosylhomocysteinase","WP_054021511.1"
"lcl_NZ_CP166677.1_cds_WP_054021512.1_5162",NA,"ABFT21_RS26085","TlyA family RNA methyltransferase","WP_054021512.1"
"lcl_NZ_CP166677.1_cds_WP_054021513.1_5163","metF","ABFT21_RS26090","methylenetetrahydrofolate reductase [NAD(P)H","WP_054021513.1"
"lcl_NZ_CP166677.1_cds_WP_054021514.1_5164",NA,"ABFT21_RS26095","OmpW/AlkL family protein","WP_054021514.1"
"lcl_NZ_CP166677.1_cds_WP_082368480.1_5165",NA,"ABFT21_RS26100","5-formyltetrahydrofolate cyclo-ligase","WP_082368480.1"
"lcl_NZ_CP166677.1_cds_WP_082368481.1_5166",NA,"ABFT21_RS26105","TfoX/Sxy family protein","WP_082368481.1"
"lcl_NZ_CP166677.1_cds_WP_054021515.1_5167",NA,"ABFT21_RS26110","DUF2917 domain-containing protein","WP_054021515.1"
"lcl_NZ_CP166677.1_cds_WP_054021516.1_5168",NA,"ABFT21_RS26115","LysR substrate-binding domain-containing protein","WP_054021516.1"
"lcl_NZ_CP166677.1_cds_WP_054021517.1_5169",NA,"ABFT21_RS26120","5-formyltetrahydrofolate cyclo-ligase","WP_054021517.1"
"lcl_NZ_CP166677.1_cds_WP_480338558.1_5170",NA,"ABFT21_RS26125","transglycosylase SLT domain-containing protein","WP_480338558.1"
"lcl_NZ_CP166677.1_cds_WP_231638196.1_5171",NA,"ABFT21_RS26130","complex I NDUFA9 subunit family protein","WP_231638196.1"
"lcl_NZ_CP166677.1_cds_WP_054021518.1_5172",NA,"ABFT21_RS26135","glutathione S-transferase family protein","WP_054021518.1"
"lcl_NZ_CP166677.1_cds_WP_054021519.1_5173",NA,"ABFT21_RS26140","DUF3626 domain-containing protein","WP_054021519.1"
"lcl_NZ_CP166677.1_cds_WP_463938030.1_5174",NA,"ABFT21_RS26145","multifunctional CCA addition/repair protein","WP_463938030.1"
"lcl_NZ_CP166677.1_cds_WP_054021660.1_5175",NA,"ABFT21_RS26150","DUF2905 domain-containing protein","WP_054021660.1"
"lcl_NZ_CP166677.1_cds_WP_054021702.1_5176",NA,"ABFT21_RS26155","class I SAM-dependent methyltransferase","WP_054021702.1"
"lcl_NZ_CP166677.1_cds_WP_054021661.1_5177",NA,"ABFT21_RS26160","SDR family oxidoreductase","WP_054021661.1"
"lcl_NZ_CP166677.1_cds_WP_054021662.1_5178",NA,"ABFT21_RS26165","dihydroneopterin aldolase","WP_054021662.1"
"lcl_NZ_CP166677.1_cds_WP_054021663.1_5179","ttcA","ABFT21_RS26170","tRNA 2-thiocytidine(32) synthetase TtcA","WP_054021663.1"
"lcl_NZ_CP166677.1_cds_WP_054021664.1_5180",NA,"ABFT21_RS26175","DUF4136 domain-containing protein","WP_054021664.1"
"lcl_NZ_CP166677.1_cds_WP_082368508.1_5181",NA,"ABFT21_RS26180","antitoxin Xre/MbcA/ParS toxin-binding domain-containing protein","WP_082368508.1"
"lcl_NZ_CP166677.1_cds_WP_054021666.1_5182",NA,"ABFT21_RS26185","RES family NAD+ phosphorylase","WP_054021666.1"
"lcl_NZ_CP166677.1_cds_WP_157549146.1_5183",NA,"ABFT21_RS26190","DUF6279 family lipoprotein","WP_157549146.1"
"lcl_NZ_CP166677.1_cds_WP_054021668.1_5184","glmU","ABFT21_RS26195","bifunctional UDP-N-acetylglucosamine diphosphorylase/glucosamine-1-phosphate N-acetyltransferase GlmU","WP_054021668.1"
"lcl_NZ_CP166677.1_cds_WP_054021669.1_5185",NA,"ABFT21_RS26200","uracil-DNA glycosylase","WP_054021669.1"
"lcl_NZ_CP166677.1_cds_WP_082368511.1_5186","rimI","ABFT21_RS26205","ribosomal protein S18-alanine N-acetyltransferase","WP_082368511.1"
"lcl_NZ_CP166677.1_cds_WP_231638208.1_5187","tsaB","ABFT21_RS26210","tRNA (adenosine(37)-N6)-threonylcarbamoyltransferase complex dimerization subunit type 1 TsaB","WP_231638208.1"
"lcl_NZ_CP166677.1_cds_WP_480338561.1_5188",NA,"ABFT21_RS26215","SGNH/GDSL hydrolase family protein","WP_480338561.1"
"lcl_NZ_CP166677.1_cds_WP_054021672.1_5189",NA,"ABFT21_RS26220","L-threonylcarbamoyladenylate synthase","WP_054021672.1"
"lcl_NZ_CP166677.1_cds_WP_054021673.1_5190",NA,"ABFT21_RS26225","5-(carboxyamino)imidazole ribonucleotide synthase","WP_054021673.1"
"lcl_NZ_CP166677.1_cds_WP_259375173.1_5191","purE","ABFT21_RS26230","5-(carboxyamino)imidazole ribonucleotide mutase","WP_259375173.1"
"lcl_NZ_CP166677.1_cds_WP_054021674.1_5192",NA,"ABFT21_RS26235","tetratricopeptide repeat protein","WP_054021674.1"
"lcl_NZ_CP166677.1_cds_WP_157549148.1_5193",NA,"ABFT21_RS26240","hypothetical protein","WP_157549148.1"
"lcl_NZ_CP166677.1_cds_WP_157549150.1_5194",NA,"ABFT21_RS26245","phosphoribosylaminoimidazolesuccinocarboxamide synthase","WP_157549150.1"
"lcl_NZ_CP166677.1_cds_WP_054021677.1_5195","fba","ABFT21_RS26250","class II fructose-bisphosphate aldolase","WP_054021677.1"
"lcl_NZ_CP166677.1_cds_WP_054021678.1_5196",NA,"ABFT21_RS26255","threonine ammonia-lyase","WP_054021678.1"
"lcl_NZ_CP166677.1_cds_WP_054021679.1_5197","pyk","ABFT21_RS26260","pyruvate kinase","WP_054021679.1"
"lcl_NZ_CP166677.1_cds_WP_054021680.1_5198",NA,"ABFT21_RS26265","phosphoglycerate kinase","WP_054021680.1"
"lcl_NZ_CP166677.1_cds_WP_054021681.1_5199",NA,"ABFT21_RS26270","AzlD domain-containing protein","WP_054021681.1"
"lcl_NZ_CP166677.1_cds_WP_054021682.1_5200",NA,"ABFT21_RS26275","AzlC family ABC transporter permease","WP_054021682.1"
"lcl_NZ_CP166677.1_cds_WP_054021683.1_5201",NA,"ABFT21_RS26280","hypothetical protein","WP_054021683.1"
"lcl_NZ_CP166677.1_cds_WP_054021684.1_5202","htpX","ABFT21_RS26285","zinc metalloprotease HtpX","WP_054021684.1"
"lcl_NZ_CP166677.1_cds_WP_054021705.1_5203","fmt","ABFT21_RS26290","methionyl-tRNA formyltransferase","WP_054021705.1"
"lcl_NZ_CP166677.1_cds_WP_054021685.1_5204","def","ABFT21_RS26295","peptide deformylase","WP_054021685.1"
"lcl_NZ_CP166677.1_cds_WP_054021686.1_5205",NA,"ABFT21_RS26300","LysM peptidoglycan-binding domain-containing protein","WP_054021686.1"
"lcl_NZ_CP166677.1_cds_WP_157549152.1_5206","dprA","ABFT21_RS26305","DNA-processing protein DprA","WP_157549152.1"
"lcl_NZ_CP166677.1_cds_WP_054021688.1_5207","rrtA","ABFT21_RS26310","rhombosortase","WP_054021688.1"
"lcl_NZ_CP166677.1_cds_WP_054021689.1_5208","glnE","ABFT21_RS26315","bifunctional [glutamate--ammonia ligase","WP_054021689.1"
"lcl_NZ_CP166677.1_cds_WP_054021690.1_5209",NA,"ABFT21_RS26320","YhdP family protein","WP_054021690.1"
"lcl_NZ_CP166677.1_cds_WP_054021691.1_5210",NA,"ABFT21_RS26325","carbon-nitrogen hydrolase family protein","WP_054021691.1"
"lcl_NZ_CP166677.1_cds_WP_082368512.1_5211",NA,"ABFT21_RS26330","Yip1 family protein","WP_082368512.1"
"lcl_NZ_CP166677.1_cds_WP_054021692.1_5212",NA,"ABFT21_RS26335","LysR substrate-binding domain-containing protein","WP_054021692.1"
"lcl_NZ_CP166677.1_cds_WP_054021693.1_5213",NA,"ABFT21_RS26340","Dps family protein","WP_054021693.1"
"lcl_NZ_CP166677.1_cds_WP_054021694.1_5214",NA,"ABFT21_RS26345","DJ-1/PfpI family protein","WP_054021694.1"
"lcl_NZ_CP166677.1_cds_WP_054021695.1_5215",NA,"ABFT21_RS26350","FMN-binding negative transcriptional regulator","WP_054021695.1"
"lcl_NZ_CP166677.1_cds_WP_054021696.1_5216",NA,"ABFT21_RS26355","peptide chain release factor 3","WP_054021696.1"
"lcl_NZ_CP166677.1_cds_WP_054021697.1_5217",NA,"ABFT21_RS26360","SET domain-containing protein","WP_054021697.1"
"lcl_NZ_CP166677.1_cds_WP_054021698.1_5218",NA,"ABFT21_RS26365","hypothetical protein","WP_054021698.1"
"lcl_NZ_CP166677.1_cds_WP_054021699.1_5219",NA,"ABFT21_RS26370","DUF3563 family protein","WP_054021699.1"
"lcl_NZ_CP166677.1_cds_WP_054021700.1_5220",NA,"ABFT21_RS26375","FMN-dependent NADH-azoreductase","WP_054021700.1"
"lcl_NZ_CP166677.1_cds_WP_082368509.1_5221",NA,"ABFT21_RS26380","LysR family transcriptional regulator","WP_082368509.1"
"lcl_NZ_CP166677.1_cds_WP_054021701.1_5222",NA,"ABFT21_RS26385","histidine phosphatase family protein","WP_054021701.1"
"lcl_NZ_CP166677.1_cds_WP_082368112.1_5223",NA,"ABFT21_RS26390","MFS transporter","WP_082368112.1"
"lcl_NZ_CP166677.1_cds_WP_082368113.1_5224",NA,"ABFT21_RS26395","NUDIX hydrolase","WP_082368113.1"
"lcl_NZ_CP166677.1_cds_WP_054019488.1_5225",NA,"ABFT21_RS26400","NAD-dependent epimerase/dehydratase family protein","WP_054019488.1"
"lcl_NZ_CP166677.1_cds_WP_231638054.1_5226",NA,"ABFT21_RS26405","DMT family transporter","WP_231638054.1"
"lcl_NZ_CP166677.1_cds_WP_054019489.1_5227",NA,"ABFT21_RS26410","GNAT family N-acetyltransferase","WP_054019489.1"
"lcl_NZ_CP166677.1_cds_WP_054019490.1_5228",NA,"ABFT21_RS26415","DUF167 domain-containing protein","WP_054019490.1"
"lcl_NZ_CP166677.1_cds_WP_054019491.1_5229",NA,"ABFT21_RS26420","Ig-like domain-containing protein","WP_054019491.1"
"lcl_NZ_CP166677.1_cds_WP_054019492.1_5230","ypfH","ABFT21_RS26425","esterase","WP_054019492.1"
"lcl_NZ_CP166677.1_cds_WP_054019493.1_5231",NA,"ABFT21_RS26430","3-hydroxyacyl-CoA dehydrogenase NAD-binding domain-containing protein","WP_054019493.1"
"lcl_NZ_CP166677.1_cds_WP_054019494.1_5232",NA,"ABFT21_RS26435","SDR family NAD(P)-dependent oxidoreductase","WP_054019494.1"
"lcl_NZ_CP166677.1_cds_WP_054019495.1_5233",NA,"ABFT21_RS26440","SDR family NAD(P)-dependent oxidoreductase","WP_054019495.1"
"lcl_NZ_CP166677.1_cds_WP_054019496.1_5234",NA,"ABFT21_RS26445","isocitrate lyase/PEP mutase family protein","WP_054019496.1"
"lcl_NZ_CP166677.1_cds_WP_231638055.1_5235",NA,"ABFT21_RS26450","MFS transporter","WP_231638055.1"
"lcl_NZ_CP166677.1_cds_WP_157548781.1_5236",NA,"ABFT21_RS26455","hypothetical protein","WP_157548781.1"
"lcl_NZ_CP166677.1_cds_WP_054019497.1_5237",NA,"ABFT21_RS26460","DUF1800 domain-containing protein","WP_054019497.1"
"lcl_NZ_CP166677.1_cds_WP_054019498.1_5238",NA,"ABFT21_RS26465","DUF1501 domain-containing protein","WP_054019498.1"
"lcl_NZ_CP166677.1_cds_WP_054019499.1_5239",NA,"ABFT21_RS26470","DUF3106 domain-containing protein","WP_054019499.1"
"lcl_NZ_CP166677.1_cds_WP_197284606.1_5240",NA,"ABFT21_RS26475","hypothetical protein","WP_197284606.1"
"lcl_NZ_CP166677.1_cds_WP_054019501.1_5241",NA,"ABFT21_RS26480","RNA polymerase sigma factor","WP_054019501.1"
"lcl_NZ_CP166677.1_cds_WP_054019502.1_5242",NA,"ABFT21_RS26485","hypothetical protein","WP_054019502.1"
"lcl_NZ_CP166677.1_cds_WP_054019503.1_5243",NA,"ABFT21_RS26490","YcbK family protein","WP_054019503.1"
"lcl_NZ_CP166677.1_cds_WP_054019564.1_5244","mdeB","ABFT21_RS26495","alpha-ketoglutarate dehydrogenase","WP_054019564.1"
"lcl_NZ_CP166677.1_cds_WP_054019504.1_5245",NA,"ABFT21_RS26500","Lrp/AsnC family transcriptional regulator","WP_054019504.1"
"lcl_NZ_CP166677.1_cds_WP_054019505.1_5246",NA,"ABFT21_RS26505","rhomboid family intramembrane serine protease","WP_054019505.1"
"lcl_NZ_CP166677.1_cds_WP_054019506.1_5247",NA,"ABFT21_RS26510","CopG family antitoxin","WP_054019506.1"
"lcl_NZ_CP166677.1_cds_WP_259375151.1_5248",NA,"ABFT21_RS26515","BrnT family toxin","WP_259375151.1"
"lcl_NZ_CP166677.1_cds_WP_197284607.1_5249",NA,"ABFT21_RS26520","hypothetical protein","WP_197284607.1"
"lcl_NZ_CP166677.1_cds_WP_054019507.1_5250",NA,"ABFT21_RS26525","hypothetical protein","WP_054019507.1"
"lcl_NZ_CP166677.1_cds_WP_197284608.1_5251",NA,"ABFT21_RS26530","DUF2145 domain-containing protein","WP_197284608.1"
"lcl_NZ_CP166677.1_cds_WP_054019509.1_5252",NA,"ABFT21_RS26535","cupin domain-containing protein","WP_054019509.1"
"lcl_NZ_CP166677.1_cds_WP_054019510.1_5253",NA,"ABFT21_RS26540","hypothetical protein","WP_054019510.1"
"lcl_NZ_CP166677.1_cds_WP_231638056.1_5254",NA,"ABFT21_RS26545","phospholipase D family protein","WP_231638056.1"
"lcl_NZ_CP166677.1_cds_WP_054019511.1_5255",NA,"ABFT21_RS26550","MFS transporter","WP_054019511.1"
"lcl_NZ_CP166677.1_cds_WP_082368118.1_5256","cyoA","ABFT21_RS26555","ubiquinol oxidase subunit II","WP_082368118.1"
"lcl_NZ_CP166677.1_cds_WP_054019512.1_5257","cyoB","ABFT21_RS26560","cytochrome o ubiquinol oxidase subunit I","WP_054019512.1"
"lcl_NZ_CP166677.1_cds_WP_082368119.1_5258","cyoC","ABFT21_RS26565","cytochrome o ubiquinol oxidase subunit III","WP_082368119.1"
"lcl_NZ_CP166677.1_cds_WP_054019513.1_5259","cyoD","ABFT21_RS26570","cytochrome o ubiquinol oxidase subunit IV","WP_054019513.1"
"lcl_NZ_CP166677.1_cds_WP_054019514.1_5260",NA,"ABFT21_RS26575","SURF1 family protein","WP_054019514.1"
"lcl_NZ_CP166677.1_cds_WP_082368120.1_5261",NA,"ABFT21_RS26580","ATP-binding protein","WP_082368120.1"
"lcl_NZ_CP166677.1_cds_WP_082368121.1_5262",NA,"ABFT21_RS26585","response regulator transcription factor","WP_082368121.1"
"lcl_NZ_CP166677.1_cds_WP_054019515.1_5263",NA,"ABFT21_RS26590","VOC family protein","WP_054019515.1"
"lcl_NZ_CP166677.1_cds_WP_054019516.1_5264","yajC","ABFT21_RS26595","preprotein translocase subunit YajC","WP_054019516.1"
"lcl_NZ_CP166677.1_cds_WP_054019517.1_5265","secD","ABFT21_RS26600","protein translocase subunit SecD","WP_054019517.1"
"lcl_NZ_CP166677.1_cds_WP_054019518.1_5266","secF","ABFT21_RS26605","protein translocase subunit SecF","WP_054019518.1"
"lcl_NZ_CP166677.1_cds_WP_231638057.1_5267",NA,"ABFT21_RS26610","DUF1631 family protein","WP_231638057.1"
"lcl_NZ_CP166677.1_cds_WP_054019520.1_5268",NA,"ABFT21_RS26615","Smg family protein","WP_054019520.1"
"lcl_NZ_CP166677.1_cds_WP_054019521.1_5269","rfaE2","ABFT21_RS26620","D-glycero-beta-D-manno-heptose 1-phosphate adenylyltransferase","WP_054019521.1"
"lcl_NZ_CP166677.1_cds_WP_082368122.1_5270",NA,"ABFT21_RS26625","helix-turn-helix transcriptional regulator","WP_082368122.1"
"lcl_NZ_CP166677.1_cds_WP_231638058.1_5271",NA,"ABFT21_RS26630","type II toxin-antitoxin system RelE/ParE family toxin","WP_231638058.1"
"lcl_NZ_CP166677.1_cds_WP_054019523.1_5272",NA,"ABFT21_RS26635","helix-turn-helix domain-containing protein","WP_054019523.1"
"lcl_NZ_CP166677.1_cds_WP_082368123.1_5273",NA,"ABFT21_RS26640","M48 family metallopeptidase","WP_082368123.1"
"lcl_NZ_CP166677.1_cds_WP_054019524.1_5274",NA,"ABFT21_RS26645","AmpG family muropeptide MFS transporter","WP_054019524.1"
"lcl_NZ_CP166677.1_cds_WP_231638059.1_5275",NA,"ABFT21_RS26650","M14 family zinc carboxypeptidase","WP_231638059.1"
"lcl_NZ_CP166677.1_cds_WP_054019525.1_5276",NA,"ABFT21_RS26655","glutamate-5-semialdehyde dehydrogenase","WP_054019525.1"
"lcl_NZ_CP166677.1_cds_WP_054019526.1_5277",NA,"ABFT21_RS26660","AEC family transporter","WP_054019526.1"
"lcl_NZ_CP166677.1_cds_WP_082368124.1_5278",NA,"ABFT21_RS26665","FAD-dependent monooxygenase","WP_082368124.1"
"lcl_NZ_CP166677.1_cds_WP_054019527.1_5279",NA,"ABFT21_RS26670","SPFH domain-containing protein","WP_054019527.1"
"lcl_NZ_CP166677.1_cds_WP_054019528.1_5280",NA,"ABFT21_RS26675","DUF4178 domain-containing protein","WP_054019528.1"
"lcl_NZ_CP166677.1_cds_WP_054019529.1_5281",NA,"ABFT21_RS26680","DUF350 domain-containing protein","WP_054019529.1"
"lcl_NZ_CP166677.1_cds_WP_393937966.1_5282",NA,"ABFT21_RS26685","polyamine aminopropyltransferase","WP_393937966.1"
"lcl_NZ_CP166677.1_cds_WP_054019530.1_5283",NA,"ABFT21_RS26690","DUF2306 domain-containing protein","WP_054019530.1"
"lcl_NZ_CP166677.1_cds_WP_082368126.1_5284",NA,"ABFT21_RS26695","FAD-dependent oxidoreductase","WP_082368126.1"
"lcl_NZ_CP166677.1_cds_WP_197284609.1_5285",NA,"ABFT21_RS26700","PAS domain-containing sensor histidine kinase","WP_197284609.1"
"lcl_NZ_CP166677.1_cds_WP_054019531.1_5286","nosR","ABFT21_RS26705","response regulator c-di-GMP phosphodiesterase, NosR family","WP_054019531.1"
"lcl_NZ_CP166677.1_cds_WP_231638060.1_5287",NA,"ABFT21_RS26710","GntR family transcriptional regulator","WP_231638060.1"
"lcl_NZ_CP166677.1_cds_WP_054019574.1_5288",NA,"ABFT21_RS26715","MFS transporter","WP_054019574.1"
"lcl_NZ_CP166677.1_cds_WP_082368128.1_5289","hydA","ABFT21_RS26720","dihydropyrimidinase","WP_082368128.1"
"lcl_NZ_CP166677.1_cds_WP_054019533.1_5290",NA,"ABFT21_RS26725","amidase","WP_054019533.1"
"lcl_NZ_CP166677.1_cds_WP_054019534.1_5291",NA,"ABFT21_RS26730","aspartate/glutamate racemase family protein","WP_054019534.1"
"lcl_NZ_CP166677.1_cds_WP_082368129.1_5292","metX","ABFT21_RS26735","homoserine O-succinyltransferase MetX","WP_082368129.1"
"lcl_NZ_CP166677.1_cds_WP_054019536.1_5293","metW","ABFT21_RS26740","methionine biosynthesis protein MetW","WP_054019536.1"
"lcl_NZ_CP166677.1_cds_WP_197284610.1_5294",NA,"ABFT21_RS26745","GNAT family N-acetyltransferase","WP_197284610.1"
"lcl_NZ_CP166677.1_cds_WP_231638061.1_5295",NA,"ABFT21_RS26750","class I SAM-dependent methyltransferase","WP_231638061.1"
"lcl_NZ_CP166677.1_cds_WP_054019537.1_5296",NA,"ABFT21_RS26755","TetR family transcriptional regulator","WP_054019537.1"
"lcl_NZ_CP166677.1_cds_WP_054019538.1_5297",NA,"ABFT21_RS26760","efflux RND transporter periplasmic adaptor subunit","WP_054019538.1"
"lcl_NZ_CP166677.1_cds_WP_054019539.1_5298",NA,"ABFT21_RS26765","efflux RND transporter permease subunit","WP_054019539.1"
"lcl_NZ_CP166677.1_cds_WP_054019577.1_5299",NA,"ABFT21_RS26770","efflux transporter outer membrane subunit","WP_054019577.1"
"lcl_NZ_CP166677.1_cds_WP_082368130.1_5300",NA,"ABFT21_RS26775","FmdB family zinc ribbon protein","WP_082368130.1"
"lcl_NZ_CP166677.1_cds_WP_054019578.1_5301",NA,"ABFT21_RS26780","AzlC family ABC transporter permease","WP_054019578.1"
"lcl_NZ_CP166677.1_cds_WP_054019540.1_5302",NA,"ABFT21_RS26785","AzlD domain-containing protein","WP_054019540.1"
"lcl_NZ_CP166677.1_cds_WP_054019541.1_5303",NA,"ABFT21_RS26790","M20 family metallopeptidase","WP_054019541.1"
"lcl_NZ_CP166677.1_cds_WP_054019542.1_5304",NA,"ABFT21_RS26795","M48 family metalloprotease","WP_054019542.1"
"lcl_NZ_CP166677.1_cds_WP_054019543.1_5305",NA,"ABFT21_RS26800","ferritin family protein","WP_054019543.1"
"lcl_NZ_CP166677.1_cds_WP_054019544.1_5306",NA,"ABFT21_RS26805","MerR family transcriptional regulator","WP_054019544.1"
"lcl_NZ_CP166677.1_cds_WP_054019545.1_5307",NA,"ABFT21_RS26810","NAD(P)/FAD-dependent oxidoreductase","WP_054019545.1"
"lcl_NZ_CP166677.1_cds_WP_054019579.1_5308",NA,"ABFT21_RS26815","DUF1365 domain-containing protein","WP_054019579.1"
"lcl_NZ_CP166677.1_cds_WP_054019546.1_5309",NA,"ABFT21_RS26820","SAM-dependent methyltransferase","WP_054019546.1"
"lcl_NZ_CP166677.1_cds_WP_054019547.1_5310","corA","ABFT21_RS26825","magnesium/cobalt transporter CorA","WP_054019547.1"
"lcl_NZ_CP166677.1_cds_WP_054019548.1_5311","hpf","ABFT21_RS26830","ribosome hibernation-promoting factor, HPF/YfiA family","WP_054019548.1"
"lcl_NZ_CP166677.1_cds_WP_054019549.1_5312",NA,"ABFT21_RS26835","PTS sugar transporter subunit IIA","WP_054019549.1"
"lcl_NZ_CP166677.1_cds_WP_054019550.1_5313","hprK","ABFT21_RS26840","HPr(Ser) kinase/phosphatase","WP_054019550.1"
"lcl_NZ_CP166677.1_cds_WP_054019551.1_5314","fur","ABFT21_RS26845","ferric iron uptake transcriptional regulator","WP_054019551.1"
"lcl_NZ_CP166677.1_cds_WP_054019552.1_5315",NA,"ABFT21_RS26850","outer membrane protein assembly factor BamE","WP_054019552.1"
"lcl_NZ_CP166677.1_cds_WP_054019553.1_5316","dapB","ABFT21_RS26855","4-hydroxy-tetrahydrodipicolinate reductase","WP_054019553.1"
"lcl_NZ_CP166677.1_cds_WP_054019554.1_5317",NA,"ABFT21_RS26860","MotA/TolQ/ExbB proton channel family protein","WP_054019554.1"
"lcl_NZ_CP166677.1_cds_WP_231638062.1_5318",NA,"ABFT21_RS26865","ExbD/TolR family protein","WP_231638062.1"
"lcl_NZ_CP166677.1_cds_WP_054019556.1_5319","leuS","ABFT21_RS26870","leucine--tRNA ligase","WP_054019556.1"
"lcl_NZ_CP166677.1_cds_WP_480338592.1_5320",NA,"ABFT21_RS26875","LPS-assembly lipoprotein LptE","WP_480338592.1"
"lcl_NZ_CP166677.1_cds_WP_054019558.1_5321","holA","ABFT21_RS26880","DNA polymerase III subunit delta","WP_054019558.1"
"lcl_NZ_CP166677.1_cds_WP_082368133.1_5322",NA,"ABFT21_RS26885","sensor domain-containing diguanylate cyclase","WP_082368133.1"
"lcl_NZ_CP166677.1_cds_WP_054022155.1_5323",NA,"ABFT21_RS26890","2-hydroxyacid dehydrogenase","WP_054022155.1"
"lcl_NZ_CP166677.1_cds_WP_054022156.1_5324",NA,"ABFT21_RS26895","CinA family protein","WP_054022156.1"
"lcl_NZ_CP166677.1_cds_WP_231638236.1_5325",NA,"ABFT21_RS26900","phosphatidylglycerophosphatase A family protein","WP_231638236.1"
"lcl_NZ_CP166677.1_cds_WP_054022179.1_5326","thiL","ABFT21_RS26905","thiamine-phosphate kinase","WP_054022179.1"
"lcl_NZ_CP166677.1_cds_WP_082368590.1_5327",NA,"ABFT21_RS26910","response regulator transcription factor","WP_082368590.1"
"lcl_NZ_CP166677.1_cds_WP_054022157.1_5328",NA,"ABFT21_RS26915","sensor histidine kinase","WP_054022157.1"
"lcl_NZ_CP166677.1_cds_WP_054022158.1_5329",NA,"ABFT21_RS26920","NADP-dependent malic enzyme","WP_054022158.1"
"lcl_NZ_CP166677.1_cds_WP_054022159.1_5330",NA,"ABFT21_RS26925","guanyl-specific ribonuclease","WP_054022159.1"
"lcl_NZ_CP166677.1_cds_WP_393939712.1_5331",NA,"ABFT21_RS26930","barstar family protein","WP_393939712.1"
"lcl_NZ_CP166677.1_cds_WP_259375181.1_5332",NA,"ABFT21_RS26935","hypothetical protein","WP_259375181.1"
"lcl_NZ_CP166677.1_cds_WP_054022161.1_5333","rsmA","ABFT21_RS26940","16S rRNA (adenine(1518)-N(6)/adenine(1519)-N(6))-dimethyltransferase RsmA","WP_054022161.1"
"lcl_NZ_CP166677.1_cds_WP_082368592.1_5334",NA,"ABFT21_RS26945","peptidylprolyl isomerase","WP_082368592.1"
"lcl_NZ_CP166677.1_cds_WP_231638234.1_5335",NA,"ABFT21_RS26950","LPS-assembly protein LptD","WP_231638234.1"
"lcl_NZ_CP166677.1_cds_WP_054022163.1_5336",NA,"ABFT21_RS26955","aminoglycoside phosphotransferase family protein","WP_054022163.1"
"lcl_NZ_CP166677.1_cds_WP_054022182.1_5337",NA,"ABFT21_RS26960","RNA polymerase sigma factor","WP_054022182.1"
"lcl_NZ_CP166677.1_cds_WP_054022164.1_5338",NA,"ABFT21_RS26965","YciI family protein","WP_054022164.1"
"lcl_NZ_CP166677.1_cds_WP_054022165.1_5339",NA,"ABFT21_RS26970","YciI family protein","WP_054022165.1"
"lcl_NZ_CP166677.1_cds_WP_054022166.1_5340",NA,"ABFT21_RS26975","DUF4148 domain-containing protein","WP_054022166.1"
"lcl_NZ_CP166677.1_cds_WP_054022167.1_5341",NA,"ABFT21_RS26980","LysR family transcriptional regulator","WP_054022167.1"
"lcl_NZ_CP166677.1_cds_WP_054022168.1_5342",NA,"ABFT21_RS26985","DUF4148 domain-containing protein","WP_054022168.1"
"lcl_NZ_CP166677.1_cds_WP_054022169.1_5343",NA,"ABFT21_RS26990","GNAT family N-acetyltransferase","WP_054022169.1"
"lcl_NZ_CP166677.1_cds_WP_054022170.1_5344",NA,"ABFT21_RS26995","type II toxin-antitoxin system TacA family antitoxin","WP_054022170.1"
"lcl_NZ_CP166677.1_cds_WP_054022171.1_5345",NA,"ABFT21_RS27000","NAD(P)/FAD-dependent oxidoreductase","WP_054022171.1"
"lcl_NZ_CP166677.1_cds_WP_231638235.1_5346",NA,"ABFT21_RS27005","LapA family protein","WP_231638235.1"
"lcl_NZ_CP166677.1_cds_WP_054022173.1_5347",NA,"ABFT21_RS27010","efflux RND transporter permease subunit","WP_054022173.1"
"lcl_NZ_CP166677.1_cds_WP_054022174.1_5348",NA,"ABFT21_RS27015","efflux RND transporter periplasmic adaptor subunit","WP_054022174.1"
"lcl_NZ_CP166677.1_cds_WP_082368595.1_5349",NA,"ABFT21_RS27020","efflux transporter outer membrane subunit","WP_082368595.1"
"lcl_NZ_CP166677.1_cds_WP_054022175.1_5350",NA,"ABFT21_RS27025","cob(I)yrinic acid a,c-diamide adenosyltransferase","WP_054022175.1"
"lcl_NZ_CP166677.1_cds_WP_157549236.1_5351",NA,"ABFT21_RS27030","DUF1501 domain-containing protein","WP_157549236.1"
"lcl_NZ_CP166677.1_cds_WP_480338601.1_5352",NA,"ABFT21_RS27035","DUF1800 family protein","WP_480338601.1"
"lcl_NZ_CP166677.1_cds_WP_054019445.1_5353","ydiK","ABFT21_RS27040","AI-2E family transporter YdiK","WP_054019445.1"
"lcl_NZ_CP166677.1_cds_WP_054019446.1_5354",NA,"ABFT21_RS27045","hypothetical protein","WP_054019446.1"
"lcl_NZ_CP166677.1_cds_WP_054019447.1_5355",NA,"ABFT21_RS27050","low molecular weight protein-tyrosine-phosphatase","WP_054019447.1"
"lcl_NZ_CP166677.1_cds_WP_054019448.1_5356",NA,"ABFT21_RS27055","superoxide dismutase family protein","WP_054019448.1"
"lcl_NZ_CP166677.1_cds_WP_054019449.1_5357",NA,"ABFT21_RS27060","hypothetical protein","WP_054019449.1"
"lcl_NZ_CP166677.1_cds_ABFT21_RS27065_5358",NA,"ABFT21_RS27065","IclR family transcriptional regulator",NA
"lcl_NZ_CP166677.1_cds_WP_054019450.1_5359",NA,"ABFT21_RS27070","TauD/TfdA family dioxygenase","WP_054019450.1"
"lcl_NZ_CP166677.1_cds_WP_054019451.1_5360",NA,"ABFT21_RS27075","NAD-dependent succinate-semialdehyde dehydrogenase","WP_054019451.1"
"lcl_NZ_CP166677.1_cds_WP_054019481.1_5361",NA,"ABFT21_RS27080","IclR family transcriptional regulator","WP_054019481.1"
"lcl_NZ_CP166677.1_cds_WP_054019452.1_5362",NA,"ABFT21_RS27085","LysR family transcriptional regulator","WP_054019452.1"
"lcl_NZ_CP166677.1_cds_WP_054019453.1_5363",NA,"ABFT21_RS27090","SDR family NAD(P)-dependent oxidoreductase","WP_054019453.1"
"lcl_NZ_CP166677.1_cds_WP_054019454.1_5364",NA,"ABFT21_RS27095","SDR family NAD(P)-dependent oxidoreductase","WP_054019454.1"
"lcl_NZ_CP166677.1_cds_WP_054019455.1_5365",NA,"ABFT21_RS27100","alpha/beta hydrolase","WP_054019455.1"
"lcl_NZ_CP166677.1_cds_WP_054019456.1_5366",NA,"ABFT21_RS27105","flavin-containing monooxygenase","WP_054019456.1"
"lcl_NZ_CP166677.1_cds_WP_054019457.1_5367",NA,"ABFT21_RS27110","GMC family oxidoreductase","WP_054019457.1"
"lcl_NZ_CP166677.1_cds_WP_054019458.1_5368",NA,"ABFT21_RS27115","ABC transporter substrate-binding protein","WP_054019458.1"
"lcl_NZ_CP166677.1_cds_WP_054019459.1_5369",NA,"ABFT21_RS27120","ABC transporter permease","WP_054019459.1"
"lcl_NZ_CP166677.1_cds_WP_054019460.1_5370",NA,"ABFT21_RS27125","ABC transporter permease","WP_054019460.1"
"lcl_NZ_CP166677.1_cds_WP_054019461.1_5371",NA,"ABFT21_RS27130","ABC transporter ATP-binding protein","WP_054019461.1"
"lcl_NZ_CP166677.1_cds_WP_054019462.1_5372",NA,"ABFT21_RS27135","class II aldolase/adducin family protein","WP_054019462.1"
"lcl_NZ_CP166677.1_cds_WP_054019463.1_5373",NA,"ABFT21_RS27140","class I adenylate-forming enzyme family protein","WP_054019463.1"
"lcl_NZ_CP166677.1_cds_WP_054019464.1_5374",NA,"ABFT21_RS27145","CoA-transferase subunit beta","WP_054019464.1"
"lcl_NZ_CP166677.1_cds_WP_054019465.1_5375",NA,"ABFT21_RS27150","CoA transferase subunit A","WP_054019465.1"
"lcl_NZ_CP166677.1_cds_WP_082368100.1_5376",NA,"ABFT21_RS27155","enoyl-CoA hydratase/isomerase family protein","WP_082368100.1"
"lcl_NZ_CP166677.1_cds_WP_054019466.1_5377",NA,"ABFT21_RS27160","CaiB/BaiF CoA transferase family protein","WP_054019466.1"
"lcl_NZ_CP166677.1_cds_WP_054019467.1_5378",NA,"ABFT21_RS27165","Bug family tripartite tricarboxylate transporter substrate binding protein","WP_054019467.1"
"lcl_NZ_CP166677.1_cds_WP_054019468.1_5379",NA,"ABFT21_RS27170","FAD/NAD(P)-binding protein","WP_054019468.1"
"lcl_NZ_CP166677.1_cds_WP_197284602.1_5380",NA,"ABFT21_RS27175","YCF48-related protein","WP_197284602.1"
"lcl_NZ_CP166677.1_cds_WP_231638053.1_5381",NA,"ABFT21_RS27180","Fic family protein","WP_231638053.1"
"lcl_NZ_CP166677.1_cds_WP_054019470.1_5382",NA,"ABFT21_RS27185","type II toxin-antitoxin system HipA family toxin","WP_054019470.1"
"lcl_NZ_CP166677.1_cds_WP_082368102.1_5383",NA,"ABFT21_RS27190","helix-turn-helix domain-containing protein","WP_082368102.1"
"lcl_NZ_CP166677.1_cds_WP_082368103.1_5384",NA,"ABFT21_RS27195","helix-turn-helix domain-containing protein","WP_082368103.1"
"lcl_NZ_CP166677.1_cds_WP_054019471.1_5385",NA,"ABFT21_RS27200","hypothetical protein","WP_054019471.1"
"lcl_NZ_CP166677.1_cds_WP_054019472.1_5386",NA,"ABFT21_RS27210","response regulator","WP_054019472.1"
"lcl_NZ_CP166677.1_cds_WP_054019473.1_5387",NA,"ABFT21_RS27215","sensor histidine kinase","WP_054019473.1"
"lcl_NZ_CP166677.1_cds_WP_157548775.1_5388",NA,"ABFT21_RS27220","DUF4390 domain-containing protein","WP_157548775.1"
"lcl_NZ_CP166677.1_cds_WP_054019474.1_5389",NA,"ABFT21_RS27225","16S rRNA (cytosine(967)-C(5))-methyltransferase","WP_054019474.1"
"lcl_NZ_CP166677.1_cds_WP_054019475.1_5390","folE","ABFT21_RS27230","GTP cyclohydrolase I","WP_054019475.1"
"lcl_NZ_CP166677.1_cds_WP_054019476.1_5391",NA,"ABFT21_RS27235","BLUF domain-containing protein","WP_054019476.1"
"lcl_NZ_CP166677.1_cds_WP_054019484.1_5392",NA,"ABFT21_RS27240","NAD(P)/FAD-dependent oxidoreductase","WP_054019484.1"
"lcl_NZ_CP166677.1_cds_WP_054019477.1_5393",NA,"ABFT21_RS27245","c-type cytochrome","WP_054019477.1"
"lcl_NZ_CP166677.1_cds_WP_197284603.1_5394",NA,"ABFT21_RS27250","LemA family protein","WP_197284603.1"
"lcl_NZ_CP166677.1_cds_WP_054019479.1_5395",NA,"ABFT21_RS27255","hypothetical protein","WP_054019479.1"
"lcl_NZ_CP166677.1_cds_WP_082368107.1_5396",NA,"ABFT21_RS27260","ABC transporter ATP-binding protein","WP_082368107.1"
"lcl_NZ_CP166677.1_cds_WP_197284604.1_5397",NA,"ABFT21_RS27265","GntR family transcriptional regulator","WP_197284604.1"
"lcl_NZ_CP166677.1_cds_WP_054019480.1_5398",NA,"ABFT21_RS27270","acetoacetate--CoA ligase","WP_054019480.1"
"lcl_NZ_CP166677.1_cds_WP_082368108.1_5399",NA,"ABFT21_RS27275","ABC transporter substrate-binding protein","WP_082368108.1"
"lcl_NZ_CP166677.1_cds_WP_231638211.1_5400",NA,"ABFT21_RS27280","ABC transporter substrate-binding protein","WP_231638211.1"
"lcl_NZ_CP166677.1_cds_WP_054021779.1_5401",NA,"ABFT21_RS27285","ABC transporter substrate-binding protein","WP_054021779.1"
"lcl_NZ_CP166677.1_cds_WP_054021778.1_5402",NA,"ABFT21_RS27290","ABC transporter permease","WP_054021778.1"
"lcl_NZ_CP166677.1_cds_WP_054021777.1_5403",NA,"ABFT21_RS27295","ABC transporter permease","WP_054021777.1"
"lcl_NZ_CP166677.1_cds_WP_054021776.1_5404",NA,"ABFT21_RS27300","ABC transporter ATP-binding protein","WP_054021776.1"
"lcl_NZ_CP166677.1_cds_WP_054021775.1_5405",NA,"ABFT21_RS27305","hypothetical protein","WP_054021775.1"
"lcl_NZ_CP166677.1_cds_WP_054021774.1_5406",NA,"ABFT21_RS27310","Bug family tripartite tricarboxylate transporter substrate binding protein","WP_054021774.1"
"lcl_NZ_CP166677.1_cds_WP_054021773.1_5407",NA,"ABFT21_RS27315","HDOD domain-containing protein","WP_054021773.1"
"lcl_NZ_CP166677.1_cds_WP_054021772.1_5408",NA,"ABFT21_RS27320","CysB family HTH-type transcriptional regulator","WP_054021772.1"
"lcl_NZ_CP166677.1_cds_WP_054021771.1_5409",NA,"ABFT21_RS27325","sulfate/molybdate ABC transporter ATP-binding protein","WP_054021771.1"
"lcl_NZ_CP166677.1_cds_WP_054021770.1_5410","cysW","ABFT21_RS27330","sulfate ABC transporter permease subunit CysW","WP_054021770.1"
"lcl_NZ_CP166677.1_cds_WP_054021788.1_5411","cysT","ABFT21_RS27335","sulfate ABC transporter permease subunit CysT","WP_054021788.1"
"lcl_NZ_CP166677.1_cds_WP_054021769.1_5412",NA,"ABFT21_RS27340","MFS transporter","WP_054021769.1"
"lcl_NZ_CP166677.1_cds_WP_231638210.1_5413",NA,"ABFT21_RS27345","thioredoxin domain-containing protein","WP_231638210.1"
"lcl_NZ_CP166677.1_cds_WP_054021768.1_5414",NA,"ABFT21_RS27350","energy transducer TonB","WP_054021768.1"
"lcl_NZ_CP166677.1_cds_WP_054021767.1_5415",NA,"ABFT21_RS27355","sensor histidine kinase","WP_054021767.1"
"lcl_NZ_CP166677.1_cds_WP_054021766.1_5416",NA,"ABFT21_RS27360","histidine kinase","WP_054021766.1"
"lcl_NZ_CP166677.1_cds_WP_054021765.1_5417",NA,"ABFT21_RS27365","LytR/AlgR family response regulator transcription factor","WP_054021765.1"
"lcl_NZ_CP166677.1_cds_WP_054021764.1_5418",NA,"ABFT21_RS27370","S41 family peptidase","WP_054021764.1"
"lcl_NZ_CP166677.1_cds_WP_054021763.1_5419",NA,"ABFT21_RS27375","transporter substrate-binding domain-containing protein","WP_054021763.1"
"lcl_NZ_CP166677.1_cds_WP_054021762.1_5420",NA,"ABFT21_RS27380","PAS domain-containing protein","WP_054021762.1"
"lcl_NZ_CP166677.1_cds_WP_082368526.1_5421",NA,"ABFT21_RS27385","sulfate ABC transporter substrate-binding protein","WP_082368526.1"
"lcl_NZ_CP166677.1_cds_WP_054021761.1_5422",NA,"ABFT21_RS27390","GMC family oxidoreductase","WP_054021761.1"
"lcl_NZ_CP166677.1_cds_WP_054021760.1_5423",NA,"ABFT21_RS27395","MarC family protein","WP_054021760.1"
"lcl_NZ_CP166677.1_cds_WP_054021759.1_5424",NA,"ABFT21_RS27400","RNA recognition motif domain-containing protein","WP_054021759.1"
"lcl_NZ_CP166677.1_cds_WP_054021758.1_5425",NA,"ABFT21_RS27405","SDR family oxidoreductase","WP_054021758.1"
"lcl_NZ_CP166677.1_cds_WP_082368525.1_5426","lptC","ABFT21_RS27410","LPS export ABC transporter periplasmic protein LptC","WP_082368525.1"
"lcl_NZ_CP166677.1_cds_WP_054021757.1_5427",NA,"ABFT21_RS27415","KdsC family phosphatase","WP_054021757.1"
"lcl_NZ_CP166677.1_cds_WP_054021784.1_5428",NA,"ABFT21_RS27420","KpsF/GutQ family sugar-phosphate isomerase","WP_054021784.1"
"lcl_NZ_CP166677.1_cds_WP_054021756.1_5429",NA,"ABFT21_RS27425","monovalent cation:proton antiporter family protein","WP_054021756.1"
"lcl_NZ_CP166677.1_cds_WP_054021755.1_5430",NA,"ABFT21_RS27430","cyclic nucleotide-binding domain-containing protein","WP_054021755.1"
"lcl_NZ_CP166677.1_cds_WP_054021754.1_5431",NA,"ABFT21_RS27435","MFS transporter","WP_054021754.1"
"lcl_NZ_CP166677.1_cds_WP_054021753.1_5432",NA,"ABFT21_RS27440","MBL fold metallo-hydrolase","WP_054021753.1"
"lcl_NZ_CP166677.1_cds_WP_054021752.1_5433",NA,"ABFT21_RS27445","VapC50 family PIN domain-containing toxin","WP_054021752.1"
"lcl_NZ_CP166677.1_cds_WP_054021751.1_5434",NA,"ABFT21_RS27450","helix-turn-helix domain-containing protein","WP_054021751.1"
"lcl_NZ_CP166677.1_cds_WP_054021750.1_5435","mnmE","ABFT21_RS27455","tRNA uridine-5-carboxymethylaminomethyl(34) synthesis GTPase MnmE","WP_054021750.1"
"lcl_NZ_CP166677.1_cds_WP_054021749.1_5436","yidC","ABFT21_RS27460","membrane protein insertase YidC","WP_054021749.1"
"lcl_NZ_CP166677.1_cds_WP_197284729.1_5437","yidD","ABFT21_RS27465","membrane protein insertion efficiency factor YidD","WP_197284729.1"
"lcl_NZ_CP166677.1_cds_WP_054021748.1_5438",NA,"ABFT21_RS27470","ribonuclease P protein component","WP_054021748.1"
"lcl_NZ_CP166677.1_cds_WP_054021782.1_5439","rpmH","ABFT21_RS27475","50S ribosomal protein L34","WP_054021782.1"
"lcl_NZ_CP166678.1_cds_WP_003049965.1_5440",NA,"ABFT21_RS27480","Tn3-like element IS1071 family transposase","WP_003049965.1"
"lcl_NZ_CP166678.1_cds_ABFT21_RS27485_5441",NA,"ABFT21_RS27485","Tn3 family transposase",NA
"lcl_NZ_CP166678.1_cds_WP_003124096.1_5442",NA,"ABFT21_RS27490","recombinase family protein","WP_003124096.1"
"lcl_NZ_CP166678.1_cds_WP_054018189.1_5443",NA,"ABFT21_RS27495","DUF3330 domain-containing protein","WP_054018189.1"
"lcl_NZ_CP166678.1_cds_WP_003132004.1_5444","merE","ABFT21_RS27500","broad-spectrum mercury transporter MerE","WP_003132004.1"
"lcl_NZ_CP166678.1_cds_WP_000995360.1_5445","merD","ABFT21_RS27505","mercury resistance co-regulator MerD","WP_000995360.1"
"lcl_NZ_CP166678.1_cds_WP_003158917.1_5446","merA","ABFT21_RS27510","mercury(II) reductase","WP_003158917.1"
"lcl_NZ_CP166678.1_cds_WP_003131987.1_5447","merP","ABFT21_RS27515","mercury resistance system periplasmic binding protein MerP","WP_003131987.1"
"lcl_NZ_CP166678.1_cds_WP_003131974.1_5448","merT","ABFT21_RS27520","mercuric ion transporter MerT","WP_003131974.1"
"lcl_NZ_CP166678.1_cds_WP_003131969.1_5449",NA,"ABFT21_RS27525","mercury resistance transcriptional regulator MerR","WP_003131969.1"
"lcl_NZ_CP166678.1_cds_ABFT21_RS27530_5450",NA,"ABFT21_RS27530","efflux RND transporter periplasmic adaptor subunit",NA
"lcl_NZ_CP166678.1_cds_WP_054018187.1_5451",NA,"ABFT21_RS27535","efflux RND transporter permease subunit","WP_054018187.1"
"lcl_NZ_CP166678.1_cds_WP_082367804.1_5452",NA,"ABFT21_RS27540","DUF411 domain-containing protein","WP_082367804.1"
"lcl_NZ_CP166678.1_cds_WP_054018185.1_5453","merR","ABFT21_RS27545","Hg(II)-responsive transcriptional regulator","WP_054018185.1"
"lcl_NZ_CP166678.1_cds_WP_054018184.1_5454",NA,"ABFT21_RS27550","mercuric transporter MerT family protein","WP_054018184.1"
"lcl_NZ_CP166678.1_cds_WP_054018183.1_5455","merP","ABFT21_RS27555","mercury resistance system periplasmic binding protein MerP","WP_054018183.1"
"lcl_NZ_CP166678.1_cds_WP_054018182.1_5456",NA,"ABFT21_RS27560","GDCCVxC domain-containing (seleno)protein","WP_054018182.1"
"lcl_NZ_CP166678.1_cds_WP_054018181.1_5457",NA,"ABFT21_RS27565","hypothetical protein","WP_054018181.1"
"lcl_NZ_CP166678.1_cds_WP_197284527.1_5458",NA,"ABFT21_RS27570","SRPBCC family protein","WP_197284527.1"
"lcl_NZ_CP166678.1_cds_WP_054018180.1_5459",NA,"ABFT21_RS27575","metal-dependent hydrolase","WP_054018180.1"
"lcl_NZ_CP166678.1_cds_WP_082367802.1_5460",NA,"ABFT21_RS27580","heavy metal translocating P-type ATPase","WP_082367802.1"
"lcl_NZ_CP166678.1_cds_WP_054018195.1_5461",NA,"ABFT21_RS27585","DUF2933 domain-containing protein","WP_054018195.1"
"lcl_NZ_CP166678.1_cds_WP_054018178.1_5462",NA,"ABFT21_RS27590","methyltransferase family protein","WP_054018178.1"
"lcl_NZ_CP166678.1_cds_WP_054018177.1_5463",NA,"ABFT21_RS27595","DUF2933 domain-containing protein","WP_054018177.1"
"lcl_NZ_CP166678.1_cds_WP_082367798.1_5464",NA,"ABFT21_RS27600","hypothetical protein","WP_082367798.1"
"lcl_NZ_CP166678.1_cds_WP_054018176.1_5465",NA,"ABFT21_RS27605","hypothetical protein","WP_054018176.1"
"lcl_NZ_CP166678.1_cds_WP_157548470.1_5466",NA,"ABFT21_RS27610","hypothetical protein","WP_157548470.1"
"lcl_NZ_CP166678.1_cds_WP_054018174.1_5467",NA,"ABFT21_RS27615","copper-binding protein","WP_054018174.1"
"lcl_NZ_CP166678.1_cds_WP_054018173.1_5468",NA,"ABFT21_RS27620","cupredoxin domain-containing protein","WP_054018173.1"
"lcl_NZ_CP166678.1_cds_WP_054018172.1_5469",NA,"ABFT21_RS27625","multicopper oxidase family protein","WP_054018172.1"
"lcl_NZ_CP166678.1_cds_WP_054018171.1_5470",NA,"ABFT21_RS27630","TolC family protein","WP_054018171.1"
"lcl_NZ_CP166678.1_cds_WP_157548467.1_5471",NA,"ABFT21_RS27635","hypothetical protein","WP_157548467.1"
"lcl_NZ_CP166678.1_cds_WP_054018169.1_5472",NA,"ABFT21_RS27640","hypothetical protein","WP_054018169.1"
"lcl_NZ_CP166678.1_cds_WP_054018168.1_5473","cueR","ABFT21_RS27645","Cu(I)-responsive transcriptional regulator","WP_054018168.1"
"lcl_NZ_CP166678.1_cds_WP_054018167.1_5474",NA,"ABFT21_RS27650","heavy-metal-associated domain-containing protein","WP_054018167.1"
"lcl_NZ_CP166678.1_cds_WP_197284526.1_5475",NA,"ABFT21_RS27655","phage integrase family protein","WP_197284526.1"
"lcl_NZ_CP166678.1_cds_WP_054018165.1_5476",NA,"ABFT21_RS27660","ParB/RepB/Spo0J family partition protein","WP_054018165.1"
"lcl_NZ_CP166678.1_cds_WP_054018164.1_5477",NA,"ABFT21_RS27665","ParA family protein","WP_054018164.1"
"lcl_NZ_CP166678.1_cds_WP_082367796.1_5478",NA,"ABFT21_RS27670","replication initiation protein","WP_082367796.1"
"lcl_NZ_CP166678.1_cds_WP_054018162.1_5479",NA,"ABFT21_RS27675","helicase-related protein","WP_054018162.1"
"lcl_NZ_CP166678.1_cds_WP_054018161.1_5480",NA,"ABFT21_RS27680","hypothetical protein","WP_054018161.1"
"lcl_NZ_CP166678.1_cds_WP_054018160.1_5481",NA,"ABFT21_RS27685","RES family NAD+ phosphorylase","WP_054018160.1"
"lcl_NZ_CP166678.1_cds_WP_054018159.1_5482",NA,"ABFT21_RS27690","ATP-binding protein","WP_054018159.1"
"lcl_NZ_CP166678.1_cds_WP_054018158.1_5483",NA,"ABFT21_RS27695","S8 family peptidase","WP_054018158.1"
"lcl_NZ_CP166678.1_cds_WP_054018157.1_5484",NA,"ABFT21_RS27700","hypothetical protein","WP_054018157.1"
"lcl_NZ_CP166678.1_cds_WP_231637962.1_5485",NA,"ABFT21_RS27705","hypothetical protein","WP_231637962.1"
"lcl_NZ_CP166678.1_cds_WP_157548464.1_5486",NA,"ABFT21_RS27710","hypothetical protein","WP_157548464.1"
"lcl_NZ_CP166678.1_cds_WP_054018154.1_5487",NA,"ABFT21_RS27715","hypothetical protein","WP_054018154.1"
"lcl_NZ_CP166678.1_cds_WP_054018153.1_5488",NA,"ABFT21_RS27720","antirestriction protein","WP_054018153.1"
"lcl_NZ_CP166678.1_cds_WP_054018152.1_5489",NA,"ABFT21_RS27725","hypothetical protein","WP_054018152.1"
"lcl_NZ_CP166678.1_cds_WP_197284525.1_5490",NA,"ABFT21_RS27730","site-specific integrase","WP_197284525.1"
"lcl_NZ_CP166678.1_cds_WP_054018193.1_5491",NA,"ABFT21_RS27735","DUF1173 family protein","WP_054018193.1"
"lcl_NZ_CP166678.1_cds_WP_054018150.1_5492","dinG","ABFT21_RS27740","ATP-dependent DNA helicase DinG","WP_054018150.1"
"lcl_NZ_CP166678.1_cds_WP_054018192.1_5493",NA,"ABFT21_RS27745","recombination directionality factor","WP_054018192.1"
"lcl_NZ_CP166678.1_cds_WP_082367792.1_5494",NA,"ABFT21_RS27750","metallophosphoesterase family protein","WP_082367792.1"
"lcl_NZ_CP166678.1_cds_WP_054018149.1_5495",NA,"ABFT21_RS27755","hypothetical protein","WP_054018149.1"
"lcl_NZ_CP166678.1_cds_WP_054018148.1_5496",NA,"ABFT21_RS27760","LysR family transcriptional regulator","WP_054018148.1"
"lcl_NZ_CP166678.1_cds_WP_054018147.1_5497",NA,"ABFT21_RS27765","YeiH family protein","WP_054018147.1"
"lcl_NZ_CP166678.1_cds_WP_054018146.1_5498",NA,"ABFT21_RS27770","beta-propeller fold lactonase family protein","WP_054018146.1"
"lcl_NZ_CP166678.1_cds_WP_054018145.1_5499",NA,"ABFT21_RS27775","nuclear transport factor 2 family protein","WP_054018145.1"
"lcl_NZ_CP166678.1_cds_WP_054018144.1_5500",NA,"ABFT21_RS27780","COG4315 family predicted lipoprotein","WP_054018144.1"
"lcl_NZ_CP166678.1_cds_WP_054018143.1_5501",NA,"ABFT21_RS27785","RNA polymerase sigma factor","WP_054018143.1"
"lcl_NZ_CP166678.1_cds_WP_054018142.1_5502",NA,"ABFT21_RS27790","anti-sigma factor family protein","WP_054018142.1"
"lcl_NZ_CP166678.1_cds_WP_054018141.1_5503",NA,"ABFT21_RS27795","YncE family protein","WP_054018141.1"
"lcl_NZ_CP166678.1_cds_WP_231637961.1_5504",NA,"ABFT21_RS27800","DUF305 domain-containing protein","WP_231637961.1"
"lcl_NZ_CP166678.1_cds_WP_054018191.1_5505",NA,"ABFT21_RS27805","RNA polymerase sigma factor","WP_054018191.1"
"lcl_NZ_CP166678.1_cds_WP_054018139.1_5506",NA,"ABFT21_RS27810","hypothetical protein","WP_054018139.1"
"lcl_NZ_CP166678.1_cds_WP_054018138.1_5507","sorT","ABFT21_RS27815","SorT family sulfite dehydrogenase catalytic subunit","WP_054018138.1"
"lcl_NZ_CP166678.1_cds_WP_082367790.1_5508","sorU","ABFT21_RS27820","SorU family sulfite dehydrogenase c-type cytochrome subunit","WP_082367790.1"
"lcl_NZ_CP166678.1_cds_WP_054018137.1_5509",NA,"ABFT21_RS27825","hypothetical protein","WP_054018137.1"
"lcl_NZ_CP166678.1_cds_WP_054018136.1_5510",NA,"ABFT21_RS27830","hypothetical protein","WP_054018136.1"
"lcl_NZ_CP166678.1_cds_WP_054018135.1_5511",NA,"ABFT21_RS27835","hypothetical protein","WP_054018135.1"
"lcl_NZ_CP166678.1_cds_WP_054018134.1_5512",NA,"ABFT21_RS27840","hypothetical protein","WP_054018134.1"
"lcl_NZ_CP166678.1_cds_WP_054018133.1_5513",NA,"ABFT21_RS27845","JAB domain-containing protein","WP_054018133.1"
"lcl_NZ_CP166678.1_cds_WP_157548458.1_5514",NA,"ABFT21_RS27850","hypothetical protein","WP_157548458.1"
"lcl_NZ_CP166678.1_cds_WP_054018131.1_5515",NA,"ABFT21_RS27855","PRTRC system ParB family protein","WP_054018131.1"
"lcl_NZ_CP166678.1_cds_WP_054018130.1_5516",NA,"ABFT21_RS27860","PRTRC system protein E","WP_054018130.1"
"lcl_NZ_CP166678.1_cds_WP_054018129.1_5517",NA,"ABFT21_RS27865","PRTRC system protein C","WP_054018129.1"
"lcl_NZ_CP166678.1_cds_WP_054018128.1_5518",NA,"ABFT21_RS27870","PRTRC system protein F","WP_054018128.1"
"lcl_NZ_CP166678.1_cds_WP_054018127.1_5519",NA,"ABFT21_RS27875","PRTRC system protein B","WP_054018127.1"
"lcl_NZ_CP166678.1_cds_WP_054018126.1_5520",NA,"ABFT21_RS27880","PRTRC system protein A","WP_054018126.1"
"lcl_NZ_CP166678.1_cds_WP_054018125.1_5521",NA,"ABFT21_RS27885","PRTRC system ThiF family protein","WP_054018125.1"
"lcl_NZ_CP166678.1_cds_WP_054018124.1_5522",NA,"ABFT21_RS27890","nicotinamide mononucleotide transporter","WP_054018124.1"
"lcl_NZ_CP166678.1_cds_WP_054018123.1_5523",NA,"ABFT21_RS27895","UvrD-helicase domain-containing protein","WP_054018123.1"
"lcl_NZ_CP166678.1_cds_WP_054018122.1_5524",NA,"ABFT21_RS27900","hypothetical protein","WP_054018122.1"
"lcl_NZ_CP166678.1_cds_WP_157548455.1_5525",NA,"ABFT21_RS27905","hypothetical protein","WP_157548455.1"
"lcl_NZ_CP166678.1_cds_WP_054018120.1_5526",NA,"ABFT21_RS27910","hypothetical protein","WP_054018120.1"
"lcl_NZ_CP166678.1_cds_WP_054018119.1_5527",NA,"ABFT21_RS27915","thermonuclease family protein","WP_054018119.1"
"lcl_NZ_CP166678.1_cds_WP_054018118.1_5528",NA,"ABFT21_RS27920","hypothetical protein","WP_054018118.1"
"lcl_NZ_CP166678.1_cds_WP_054018117.1_5529",NA,"ABFT21_RS27925","hypothetical protein","WP_054018117.1"
"lcl_NZ_CP166678.1_cds_WP_157548452.1_5530",NA,"ABFT21_RS27930","hypothetical protein","WP_157548452.1"
"lcl_NZ_CP166678.1_cds_WP_054018115.1_5531",NA,"ABFT21_RS27935","hypothetical protein","WP_054018115.1"
"lcl_NZ_CP166678.1_cds_WP_054018114.1_5532",NA,"ABFT21_RS27940","hypothetical protein","WP_054018114.1"
"lcl_NZ_CP166678.1_cds_WP_054018113.1_5533",NA,"ABFT21_RS27945","hypothetical protein","WP_054018113.1"
"lcl_NZ_CP166678.1_cds_WP_054022254.1_5534",NA,"ABFT21_RS27950","Tn3 family transposase","WP_054022254.1"
"lcl_NZ_CP166678.1_cds_WP_054022253.1_5535",NA,"ABFT21_RS27955","type II toxin-antitoxin system ParD family antitoxin","WP_054022253.1"
"lcl_NZ_CP166678.1_cds_WP_054022252.1_5536",NA,"ABFT21_RS27960","type II toxin-antitoxin system RelE/ParE family toxin","WP_054022252.1"
"lcl_NZ_CP166678.1_cds_WP_480339216.1_5537",NA,"ABFT21_RS27965","VOC family protein","WP_480339216.1"
"lcl_NZ_CP166678.1_cds_WP_054022250.1_5538",NA,"ABFT21_RS27970","winged helix-turn-helix domain-containing protein","WP_054022250.1"
"lcl_NZ_CP166678.1_cds_WP_054022249.1_5539",NA,"ABFT21_RS27975","hypothetical protein","WP_054022249.1"
"lcl_NZ_CP166678.1_cds_WP_054022248.1_5540",NA,"ABFT21_RS27980","Bug family tripartite tricarboxylate transporter substrate binding protein","WP_054022248.1"
"lcl_NZ_CP166678.1_cds_WP_157549250.1_5541",NA,"ABFT21_RS27985","hypothetical protein","WP_157549250.1"
"lcl_NZ_CP166678.1_cds_WP_054022246.1_5542",NA,"ABFT21_RS27990","site-specific integrase","WP_054022246.1"
"lcl_NZ_CP166678.1_cds_WP_054022245.1_5543",NA,"ABFT21_RS27995","DUF7686 domain-containing protein","WP_054022245.1"
"lcl_NZ_CP166678.1_cds_WP_054022860.1_5544",NA,"ABFT21_RS28000","helix-turn-helix domain-containing protein","WP_054022860.1"
"lcl_NZ_CP166678.1_cds_WP_054022859.1_5545",NA,"ABFT21_RS28010","TIGR02391 family protein","WP_054022859.1"
"lcl_NZ_CP166678.1_cds_WP_054022858.1_5546",NA,"ABFT21_RS28015","RES family NAD+ phosphorylase","WP_054022858.1"
"lcl_NZ_CP166678.1_cds_WP_054022857.1_5547",NA,"ABFT21_RS28020","hypothetical protein","WP_054022857.1"
"lcl_NZ_CP166678.1_cds_WP_054022856.1_5548",NA,"ABFT21_RS28025","hypothetical protein","WP_054022856.1"
"lcl_NZ_CP166678.1_cds_WP_157549422.1_5549",NA,"ABFT21_RS28030","XF1762 family protein","WP_157549422.1"
"lcl_NZ_CP166678.1_cds_WP_231638300.1_5550",NA,"ABFT21_RS28035","phosphoadenosine phosphosulfate reductase domain-containing protein","WP_231638300.1"
"lcl_NZ_CP166678.1_cds_WP_054022245.1_5551",NA,"ABFT21_RS28040","DUF7686 domain-containing protein","WP_054022245.1"
"lcl_NZ_CP166678.1_cds_WP_054022246.1_5552",NA,"ABFT21_RS28045","site-specific integrase","WP_054022246.1"
"lcl_NZ_CP166678.1_cds_WP_157549250.1_5553",NA,"ABFT21_RS28050","hypothetical protein","WP_157549250.1"
"lcl_NZ_CP166678.1_cds_WP_054022248.1_5554",NA,"ABFT21_RS28055","Bug family tripartite tricarboxylate transporter substrate binding protein","WP_054022248.1"
"lcl_NZ_CP166678.1_cds_WP_054022249.1_5555",NA,"ABFT21_RS28060","hypothetical protein","WP_054022249.1"
"lcl_NZ_CP166678.1_cds_WP_054022250.1_5556",NA,"ABFT21_RS28065","winged helix-turn-helix domain-containing protein","WP_054022250.1"
"lcl_NZ_CP166678.1_cds_WP_480339216.1_5557",NA,"ABFT21_RS28070","VOC family protein","WP_480339216.1"
"lcl_NZ_CP166678.1_cds_WP_054022252.1_5558",NA,"ABFT21_RS28075","type II toxin-antitoxin system RelE/ParE family toxin","WP_054022252.1"
"lcl_NZ_CP166678.1_cds_WP_054022253.1_5559",NA,"ABFT21_RS28080","type II toxin-antitoxin system ParD family antitoxin","WP_054022253.1"
"lcl_NZ_CP166678.1_cds_WP_054022254.1_5560",NA,"ABFT21_RS28085","Tn3 family transposase","WP_054022254.1"
"lcl_NZ_CP166678.1_cds_ABFT21_RS28090_5561",NA,"ABFT21_RS28090","efflux RND transporter permease subunit",NA
"lcl_NZ_CP166678.1_cds_WP_054022874.1_5562",NA,"ABFT21_RS28095","hypothetical protein","WP_054022874.1"
"lcl_NZ_CP166678.1_cds_WP_054022873.1_5563",NA,"ABFT21_RS28100","hypothetical protein","WP_054022873.1"
"lcl_NZ_CP166678.1_cds_WP_157549437.1_5564",NA,"ABFT21_RS28105","hypothetical protein","WP_157549437.1"
"lcl_NZ_CP166678.1_cds_WP_157549434.1_5565",NA,"ABFT21_RS28110","hypothetical protein","WP_157549434.1"
"lcl_NZ_CP166678.1_cds_WP_082368752.1_5566",NA,"ABFT21_RS28115","TolC family protein","WP_082368752.1"
"lcl_NZ_CP166678.1_cds_ABFT21_RS28120_5567",NA,"ABFT21_RS28120","peroxiredoxin-like family protein",NA
"lcl_NZ_CP166678.1_cds_ABFT21_RS28125_5568",NA,"ABFT21_RS28125","peroxiredoxin-like family protein",NA
"lcl_NZ_CP166678.1_cds_WP_082368745.1_5569",NA,"ABFT21_RS28130","alpha/beta fold hydrolase","WP_082368745.1"
"lcl_NZ_CP166678.1_cds_WP_197284813.1_5570",NA,"ABFT21_RS28135","NrsF family protein","WP_197284813.1"
"lcl_NZ_CP166678.1_cds_WP_011117152.1_5571",NA,"ABFT21_RS28140","IS91-like element ISCR8/ISPps1 family transposase","WP_011117152.1"
"lcl_NZ_CP166678.1_cds_ABFT21_RS28145_5572",NA,"ABFT21_RS28145","FAD-dependent oxidoreductase",NA
